Name,Team,Level,Age,G,AB,PA,H,1B,2B,3B,HR,R,RBI,BB,IBB,SO,HBP,SF,SH,GDP,SB,CS,AVG,PlayerId
"Andrew Velazquez","NYY","AAA",30,76,240,271,54,40,10,0,4,33,28,23,0,69,1,1,6,1,20,3,0.225,"14196"
"Franchy Cordero","WSN","AAA",30,44,150,166,32,22,6,0,4,11,17,15,0,43,1,0,0,4,0,0,0.213333333,"14567"
"Manuel Margot","DET","AAA",30,37,128,144,27,23,2,1,1,14,16,12,0,27,4,0,0,2,0,1,0.2109375,"14712"
"Dom Nunez","CLE","AAA",30,46,148,181,26,11,9,0,6,18,21,25,0,50,4,3,1,4,0,1,0.175675675,"15055"
"Jamie Westbrook","TBR","AAA",30,64,207,241,56,33,18,0,5,32,34,23,0,38,6,4,1,4,1,0,0.2705314,"15504"
"Dominic Smith","NYY","AAA",30,45,165,189,42,27,6,1,8,26,28,20,1,30,1,3,0,3,4,0,0.254545454,"15653"
"Billy McKinney","NYM","AAA",30,58,195,231,45,30,7,2,6,23,27,34,1,56,2,0,0,2,3,1,0.23076923,"15654"
"Reese McGuire","CHC","AAA",30,22,75,86,21,13,5,0,3,11,19,10,0,12,0,1,0,1,2,0,0.28,"15674"
"Rowdy Tellez","TEX","AAA",30,1,3,4,1,0,0,0,1,1,2,1,0,2,0,0,0,0,0,0,0.333333333,"15679"
"Tyler O'Neill","BAL","A+,AA,AAA",30,12,37,41,12,11,0,0,1,4,3,4,0,12,0,0,0,0,0,0,0.324324324,"15711"
"Tyler Wade","SDP","AAA",30,6,28,32,9,9,0,0,0,4,1,3,0,6,1,0,0,1,2,1,0.321428571,"15730"
"Miguel Andujar","OAK","AAA",30,5,18,18,4,3,0,1,0,2,0,0,0,3,0,0,0,1,0,0,0.222222222,"15878"
"Nick Gordon","BAL","AAA",29,20,63,69,17,13,4,0,0,9,4,6,0,22,0,0,0,2,3,2,0.269841269,"16337"
"Oscar Mercado","PHI","AAA",30,77,257,314,64,45,11,1,7,49,45,46,0,44,5,3,3,5,34,5,0.249027237,"16375"
"Brian Navarreto","MIA","AAA",30,32,106,118,26,18,4,1,3,15,17,7,0,25,2,3,0,1,1,0,0.245283018,"16398"
"Francisco Mejia","WSN","AAA",29,1,4,4,0,0,0,0,0,0,0,0,0,1,0,0,0,0,0,0,0,"16403"
"Sergio Alcantara","SFG","AAA",28,68,218,256,45,35,10,0,0,28,14,35,0,56,1,0,2,6,2,2,0.206422018,"16417"
"Thairo Estrada","COL","AAA",29,5,23,24,7,6,1,0,0,4,1,1,0,5,0,0,0,0,0,0,0.304347826,"16426"
"Christian Arroyo","PHI","AAA",30,29,108,121,35,22,9,0,4,16,24,10,0,27,2,1,0,1,1,0,0.324074074,"16434"
"Jacob Nottingham","SEA","AAA",30,8,23,26,4,2,2,0,0,2,2,1,0,12,2,0,0,0,0,0,0.173913043,"16448"
"Luis Guillorme","HOU","AAA",30,57,202,244,50,40,8,0,2,24,22,41,1,46,1,0,0,4,3,1,0.247524752,"16451"
"Forrest Wall","SDP","AAA",29,55,183,216,53,37,11,2,3,41,29,27,0,48,4,1,1,2,16,1,0.289617486,"16496"
"Lane Thomas","CLE","AAA",29,7,24,27,8,4,2,0,2,7,5,2,0,6,0,1,0,0,1,1,0.333333333,"16939"
"Derek Hill","MIA","AAA",29,7,24,27,5,4,1,0,0,2,2,3,0,9,0,0,0,1,1,1,0.208333333,"16947"
"Chadwick Tromp","BAL","AAA",30,28,92,103,23,18,2,0,3,11,12,11,0,23,0,0,0,1,0,0,0.25,"16953"
"Alex Verdugo","ATL","AAA",29,9,29,33,6,3,1,0,2,8,4,4,0,4,0,0,0,0,1,0,0.206896551,"17027"
"Ramon Laureano","BAL","AAA",30,2,8,8,3,1,1,0,1,3,1,0,0,2,0,0,0,0,0,0,0.375,"17128"
"Yoan Moncada","LAA","A,CPX",30,5,14,23,4,3,0,0,1,3,2,8,0,4,1,0,0,1,0,0,0.285714285,"17232"
"Jorge Mateo","BAL","AAA",30,4,13,14,6,5,0,0,1,2,4,1,0,0,0,0,0,0,2,0,0.461538461,"17273"
"Alex Jackson","NYY","AAA",29,44,164,185,37,19,7,1,10,31,34,19,0,53,1,1,0,3,1,1,0.225609756,"17276"
"Michael Chavis","LAD","AAA",29,63,258,283,75,38,21,3,13,45,45,24,0,66,0,1,0,8,2,2,0.290697674,"17321"
"Eloy Jimenez","TBR","AAA,CPX",28,48,172,194,44,32,9,0,3,17,30,19,0,32,1,2,0,5,1,0,0.255813953,"17484"
"Albert Abreu","CIN","AAA",29,17,0,0,0,0,0,0,0,0,0,0,0,0,0,0,0,0,0,0,0,"17485"
"Richie Martin","TEX","AAA",30,27,86,106,26,23,0,1,2,21,10,9,0,18,7,0,1,2,9,2,0.302325581,"17736"
"Jakson Reetz","NYM","AAA",29,41,125,143,21,10,1,0,10,19,25,12,0,38,5,1,0,2,1,1,0.168,"17837"
"Andrew Benintendi","CHW","AAA",30,2,8,8,1,1,0,0,0,0,1,0,0,1,0,0,0,0,0,0,0.125,"17901"
"Isan Diaz","KCR","AA",29,3,9,12,2,1,1,0,0,2,1,3,0,0,0,0,0,0,0,0,0.222222222,"17922"
"Tyler Stephenson","CIN","AAA",28,8,28,34,3,1,1,0,1,4,2,6,0,9,0,0,0,0,0,0,0.107142857,"17988"
"Nathan Lukes","TOR","AAA",30,2,7,7,4,3,0,0,1,2,5,0,0,1,0,0,0,0,0,0,0.571428571,"18123"
"Daz Cameron","BAL","AAA",28,16,64,73,21,9,6,0,6,11,21,5,0,15,2,2,0,0,3,1,0.328125,"18353"
"Travis Blankenhorn","LAA","AA,CPX",28,43,149,171,32,15,9,0,8,18,25,17,0,45,4,1,0,4,0,0,0.2147651,"18395"
"Juan Yepez","WSN","AAA",27,47,163,179,33,23,7,0,3,16,15,16,0,23,0,0,0,4,0,0,0.202453987,"18400"
"Ronald Acuna Jr.","ATL","AAA,CPX",27,6,15,22,6,2,2,0,2,7,2,7,0,2,0,0,0,0,0,0,0.4,"18401"
"Ali Sanchez","TOR","AAA",28,48,159,177,42,32,4,0,6,20,23,16,0,43,1,1,0,5,0,0,0.264150943,"18551"
"Jose Azocar","NYM","AAA",29,20,70,79,18,13,4,0,1,14,4,8,0,13,1,0,0,1,6,2,0.257142857,"18821"
"Yohel Pozo","STL","AAA",28,5,21,21,7,2,3,0,2,7,6,0,0,2,0,0,0,1,1,0,0.333333333,"18848"
"Jahmai Jones","DET","AAA",27,52,170,205,47,28,9,4,6,33,29,24,0,46,9,1,1,2,8,2,0.276470588,"18872"
"Leody Taveras","SEA","AAA",26,21,83,96,21,17,3,1,0,14,17,10,0,12,0,3,0,2,5,1,0.253012048,"18900"
"Chris Okey","LAD","AAA",30,30,104,114,26,20,4,0,2,11,19,7,0,25,2,1,0,4,0,0,0.25,"19245"
"Cavan Biggio","KCR","AAA",30,31,110,130,31,21,6,1,3,20,16,17,0,27,2,1,0,1,1,1,0.281818181,"19252"
"Jake Fraley","CIN","AAA",30,5,19,20,4,3,0,0,1,3,2,1,0,3,0,0,0,0,1,0,0.210526315,"19260"
"Stone Garrett","WSN","AAA",29,15,46,51,4,2,2,0,0,1,2,5,0,22,0,0,0,0,1,0,0.086956521,"19273"
"Nick Hernandez","HOU","AAA",30,32,0,0,0,0,0,0,0,0,0,0,0,0,0,0,0,0,0,0,0,"19281"
"Armando Alvarez","MIN","AAA",30,38,137,153,31,20,7,0,4,19,22,14,0,44,2,0,0,1,0,0,0.226277372,"19292"
"Nick Senzel","LAD","AA,AAA",30,50,187,216,47,31,9,0,7,26,42,22,0,40,3,4,0,8,6,0,0.251336898,"19293"
"Nick Solak","PIT","AAA",30,57,212,240,77,57,10,1,9,46,36,23,1,34,3,2,0,7,6,1,0.363207547,"19294"
"Richard Lovelady","MIN","AAA",29,19,0,0,0,0,0,0,0,0,0,0,0,0,0,0,0,0,0,0,0,"19337"
"Nicky Lopez","ARI","AAA",30,27,113,123,29,25,3,1,0,18,7,7,0,12,1,2,0,2,1,2,0.256637168,"19339"
"Sean Murphy","ATL","AAA",30,3,10,10,2,1,0,0,1,1,2,0,0,1,0,0,0,0,0,0,0.2,"19352"
"Luke Raley","SEA","AAA",30,5,19,20,7,5,1,0,1,3,3,1,0,3,0,0,0,0,0,0,0.368421052,"19354"
"Weston Wilson","PHI","A,AAA",30,24,95,115,23,16,3,1,3,23,11,20,0,25,0,0,0,3,4,2,0.242105263,"19358"
"Austin Hays","CIN","AA,AAA",29,5,16,18,4,3,0,0,1,3,2,1,0,7,0,1,0,0,1,0,0.25,"19363"
"Trenton Brooks","SDP","AAA",29,60,222,270,69,35,20,0,14,45,54,41,2,43,1,6,0,3,2,0,0.31081081,"19384"
"Brian Serven","DET","A,AAA",30,44,147,167,38,29,7,0,2,17,23,17,0,51,2,1,0,2,1,0,0.258503401,"19422"
"Yonny Hernandez","NYM","AA,AAA",27,60,184,211,52,42,8,2,0,24,21,19,0,18,3,0,5,4,6,5,0.282608695,"19432"
"Jake Rogers","DET","AAA",30,4,15,18,5,2,3,0,0,5,0,3,0,3,0,0,0,1,0,0,0.333333333,"19452"
"Andruw Monasterio","MIL","AAA",28,30,112,130,28,18,6,0,4,18,11,16,0,31,1,1,0,1,8,3,0.25,"19455"
"Cooper Hummel","HOU","AAA",30,16,55,68,15,10,1,2,2,14,9,11,0,13,0,2,0,2,1,1,0.272727272,"19458"
"Alex De Goti","TEX","AAA",30,54,174,205,38,32,4,0,2,23,22,24,0,48,1,3,3,5,1,3,0.218390804,"19477"
"Andrew Knizner","WSN","AAA",30,31,98,129,37,25,11,0,1,16,21,19,0,18,10,2,0,0,0,1,0.37755102,"19514"
"Zack Short","HOU","AAA",30,73,256,320,54,29,13,0,12,37,35,56,0,72,4,4,0,1,3,1,0.2109375,"19562"
"Nate Mondou","SDP","AAA",30,72,244,294,70,52,15,2,1,34,38,35,2,46,7,3,5,4,5,3,0.286885245,"19563"
"Chas McCormick","HOU","AAA",30,2,8,8,0,0,0,0,0,0,0,0,0,6,0,0,0,1,0,0,0,"19599"
"Bryan De La Cruz","NYY","AAA",28,58,208,235,51,35,7,0,9,28,27,22,0,61,2,3,0,4,6,0,0.245192307,"19600"
"Otto Lopez","MIA","AAA",26,1,4,4,1,0,1,0,0,2,1,0,0,1,0,0,0,0,0,1,0.25,"19608"
"Daniel Johnson","SFG","AAA",29,29,117,124,34,19,7,2,6,18,21,7,0,21,0,0,0,2,6,1,0.29059829,"19643"
"Darick Hall","PIT","A,AAA",29,50,160,185,32,24,4,0,4,14,23,22,0,48,3,0,0,4,0,1,0.2,"19717"
"Jhonny Pereda","OAK","AAA",29,24,79,91,24,17,5,0,2,13,14,12,0,22,0,0,0,4,0,0,0.303797468,"19802"
"Jason Delay","ATL","AA,AAA",30,39,141,151,25,18,6,0,1,12,8,7,0,31,1,0,0,4,1,0,0.177304964,"19806"
"Charles Leblanc","ATL","AAA",29,22,79,95,23,21,2,0,0,8,8,12,0,19,2,1,1,4,0,1,0.29113924,"19813"
"Joshua Palacios","CHW","AAA",29,14,45,57,11,5,3,0,3,7,8,9,0,12,2,1,0,0,3,2,0.244444444,"19818"
"Chuckie Robinson","LAA","AAA",30,44,160,180,39,28,6,2,3,23,29,16,0,44,2,1,1,4,0,0,0.24375,"19824"
"Abraham Toro","BOS","AAA",28,28,100,119,31,20,7,2,2,16,13,15,0,26,2,2,0,1,1,0,0.31,"19844"
"Rene Pinto","ARI","AAA,CPX",28,34,132,141,37,15,15,0,7,27,30,8,0,43,0,1,0,3,2,0,0.28030303,"19859"
"Drew Ellis","SFG","AA,AAA",29,35,116,138,19,10,5,0,4,15,12,19,0,40,2,1,0,4,0,0,0.163793103,"19873"
"Tristan Gray","CHW","AAA",29,62,211,238,59,35,12,3,9,37,39,22,2,61,2,3,0,4,3,1,0.279620853,"19877"
"Emmanuel Rivera","BAL","AAA",29,27,101,115,27,24,3,0,0,8,14,11,0,25,2,1,0,6,2,0,0.267326732,"19890"
"Connor Wong","BOS","AAA",29,3,11,14,4,2,1,0,1,2,3,2,0,2,0,1,0,0,0,0,0.363636363,"19896"
"Diego Castillo","KCR","AAA",27,41,143,165,33,22,6,0,5,21,20,21,0,32,0,1,0,6,0,2,0.23076923,"19906"
"Jesus Sanchez","MIA","AAA",27,3,10,11,3,2,1,0,0,2,0,1,0,3,0,0,0,1,1,0,0.3,"19913"
"Daulton Varsho","TOR","A,AAA",28,7,25,27,3,3,0,0,0,1,3,0,0,7,1,1,0,1,0,0,0.12,"19918"
"Blake Perkins","MIL","AAA,CPX",28,12,31,41,10,9,0,0,1,7,4,10,0,8,0,0,0,0,3,2,0.322580645,"19921"
"Luke Williams","ATL","AAA",28,20,76,83,10,9,1,0,0,4,2,7,0,24,0,0,0,1,3,0,0.131578947,"19931"
"Cristian Pache","ARI","AAA",26,35,122,143,29,21,8,0,0,20,9,17,0,38,2,0,2,1,3,1,0.237704918,"19948"
"Andres Gimenez","TOR","A",26,4,12,15,2,1,1,0,0,0,3,2,0,1,0,1,0,0,0,0,0.166666666,"19950"
"Josh Lowe","TBR","AAA,CPX",27,6,20,27,5,3,0,0,2,5,4,6,0,7,0,1,0,0,1,0,0.25,"19953"
"Carter Kieboom","LAA","AAA",27,63,254,272,76,57,11,0,8,30,38,17,1,57,0,1,0,10,6,0,0.299212598,"19958"
"Taylor Trammell","HOU","AAA,CPX",27,12,41,54,12,5,5,0,2,10,10,8,0,9,1,4,0,1,2,0,0.292682926,"19960"
"Eguy Rosario","SDP","AAA,CPX",25,41,143,159,29,24,4,0,1,15,13,14,0,40,0,2,0,6,6,2,0.202797202,"19964"
"Bobby Dalbec","MIL","AAA",30,58,218,247,62,32,17,2,11,34,47,25,0,81,3,1,0,4,3,0,0.284403669,"19966"
"Jared Oliva","MIL","AAA",29,50,183,216,50,29,9,4,8,39,29,23,0,51,6,1,1,1,24,4,0.273224043,"19968"
"Tres Barrera","TBR","AA,AAA",30,42,147,168,29,19,3,0,7,15,25,15,0,45,3,2,1,8,1,0,0.197278911,"19977"
"Conner Capel","ATL","AAA",28,66,192,216,45,34,2,2,7,25,20,23,0,47,1,0,0,2,8,3,0.234375,"19983"
"Bryce Johnson","SDP","AAA",29,52,167,200,45,29,12,1,3,29,23,25,0,49,3,0,5,0,11,2,0.269461077,"20002"
"Keston Hiura","COL","AAA",28,59,216,258,56,33,10,2,11,38,38,32,1,73,10,0,0,6,0,1,0.259259259,"20003"
"Bligh Madris","DET","AAA",29,50,177,205,41,25,10,1,5,29,37,24,0,52,0,2,0,5,3,2,0.231638418,"20054"
"Alan Trejo","TEX","AAA",29,44,171,186,39,19,12,1,7,25,38,11,0,50,1,2,1,3,1,1,0.228070175,"20056"
"Dylan Carlson","BAL","AAA",26,23,81,103,24,19,3,0,2,21,14,21,0,22,0,1,0,2,4,0,0.296296296,"20126"
"Matthew Batten","ATL","AAA,CPX",30,61,190,216,32,19,9,0,4,14,18,21,0,50,2,1,2,1,7,1,0.168421052,"20157"
"Ben Bowden","OAK","AAA",30,27,1,1,0,0,0,0,0,0,0,0,0,0,0,0,0,0,0,0,0,"20198"
"Brandon Marsh","PHI","AAA",27,6,20,25,6,5,0,0,1,3,6,4,0,8,0,1,0,1,2,0,0.3,"20202"
"Gilberto Celestino","NYM","AAA",26,73,257,292,72,55,10,1,6,44,25,34,0,60,1,0,0,7,4,2,0.280155642,"20233"
"Ben Rortvedt","TBR","AAA",27,13,44,53,9,6,2,0,1,6,5,7,0,19,1,1,0,0,0,1,0.204545454,"20287"
"Corey Julks","CHW","AAA",29,70,246,280,75,46,21,0,8,42,37,31,1,56,3,0,0,5,9,1,0.304878048,"20311"
"Stuart Fairchild","ATL","AAA",29,3,12,13,5,4,1,0,0,3,0,1,0,3,0,0,0,0,1,0,0.416666666,"20321"
"Jared Young","NYM","A,AAA",29,34,118,147,34,19,6,0,9,27,28,24,0,24,3,2,0,2,1,2,0.288135593,"20404"
"Royce Lewis","MIN","AAA",26,9,31,33,4,3,1,0,0,3,1,1,0,8,0,1,0,0,0,0,0.129032258,"20437"
"Brewer Hicklen","DET","A+,AAA",29,59,208,243,46,28,8,2,8,37,30,27,0,74,6,2,0,2,18,1,0.221153846,"20450"
"Jazz Chisholm Jr.","NYY","AA",27,3,9,10,3,2,1,0,0,2,0,1,0,1,0,0,0,0,1,0,0.333333333,"20454"
"Seth Beer","PHI","AA",28,30,105,120,20,13,4,0,3,15,10,11,0,27,3,1,0,2,0,0,0.19047619,"20493"
"Drew Waters","KCR","AAA",26,7,27,32,10,5,2,1,2,6,7,5,0,8,0,0,0,0,3,0,0.37037037,"20505"
"Vidal Brujan","CHC","AAA",27,3,13,13,4,3,1,0,0,0,0,0,0,4,0,0,0,0,1,0,0.307692307,"20536"
"Jose Miranda","MIN","AAA",27,48,185,201,37,25,9,0,3,18,14,14,0,29,2,0,0,9,0,0,0.2,"20538"
"Jose Devers","ATL","A+,AAA,CPX",25,33,105,124,27,19,6,0,2,14,17,16,0,17,1,2,0,1,0,1,0.257142857,"20540"
"CJ Alexander","NYY","AAA",28,57,212,245,50,31,7,2,10,34,36,32,1,64,0,1,0,3,4,2,0.235849056,"20557"
"Ivan Herrera","STL","AAA",25,6,23,23,9,7,1,0,1,4,4,0,0,8,0,0,0,2,2,0,0.391304347,"20599"
"Logan Porter","SFG","AAA",29,49,158,194,35,27,5,0,3,24,15,33,0,47,1,1,1,6,2,0,0.221518987,"20626"
"Oscar Gonzalez","SDP","AAA",27,12,54,57,18,9,3,1,5,13,16,3,0,14,0,0,0,1,1,1,0.333333333,"20970"
"Leo Rivas","SEA","AAA",27,34,116,151,38,27,4,1,6,29,25,26,1,30,5,2,2,1,6,2,0.327586206,"21009"
"Alejo Lopez","OAK","AAA",29,67,226,259,64,50,10,2,2,33,29,22,0,33,9,0,2,7,13,1,0.28318584,"21127"
"Sean Bouchard","COL","AAA",29,35,133,163,33,22,4,1,6,26,19,27,0,52,3,0,0,1,3,2,0.2481203,"21270"
"Mark Kolozsvary","BOS","AA,AAA",29,30,95,107,24,11,8,0,5,11,17,11,0,28,1,0,0,2,1,0,0.252631578,"21304"
"Hayden Senger","NYM","AAA",28,27,96,108,23,19,2,0,2,16,10,5,0,25,2,2,2,4,1,1,0.239583333,"21489"
"Brandon Lockridge","SDP","AAA",28,7,26,33,9,4,2,2,1,9,2,6,1,6,1,0,0,0,1,0,0.346153846,"21496"
"Luken Baker","STL","AAA",28,45,164,194,32,15,9,0,8,21,26,26,0,52,1,3,0,4,0,0,0.195121951,"21497"
"Joey Bart","PIT","AAA",28,5,13,18,3,3,0,0,0,1,2,4,0,6,1,0,0,0,0,0,0.23076923,"21524"
"Connor Kaiser","ARI","AAA",28,59,187,225,45,22,15,2,6,27,26,31,0,64,2,0,5,6,2,1,0.240641711,"21535"
"Nick Fortes","MIA","AAA",28,2,6,7,0,0,0,0,0,0,0,1,0,2,0,0,0,0,0,0,0,"21538"
"Coco Montes","TBR","AAA",28,61,230,249,53,37,12,0,4,24,21,15,0,66,3,1,0,5,7,2,0.230434782,"21547"
"Matt Vierling","DET","A,AAA",28,18,63,74,13,9,2,0,2,9,7,10,0,24,1,0,0,2,1,0,0.206349206,"21558"
"Romy Gonzalez","BOS","AAA",28,2,7,8,0,0,0,0,0,1,0,1,0,0,0,0,0,0,0,0,0,"21562"
"Cesar Salazar","HOU","AAA",29,21,71,82,14,10,2,0,2,8,7,9,0,14,2,0,0,2,1,0,0.197183098,"21587"
"Jake McCarthy","ARI","AAA",27,49,207,237,65,45,15,4,1,43,16,24,0,33,6,0,0,2,12,3,0.314009661,"21622"
"Nick Maton","CHW","AAA",28,16,52,65,10,6,2,0,2,6,8,11,0,23,2,0,0,0,0,0,0.192307692,"21635"
"Luis De Los Santos","NYM","AAA",27,63,221,233,54,42,9,0,3,31,27,8,0,63,2,0,1,5,1,1,0.244343891,"21682"
"Jair Camargo","MIN","AAA",25,31,113,120,24,16,6,0,2,11,13,7,0,46,0,0,0,4,1,0,0.21238938,"21730"
"Sebastian  Rivero","LAA","AAA",26,43,149,161,40,28,5,1,6,22,24,8,0,28,0,1,3,5,0,1,0.268456375,"21735"
"Jose Fermin","STL","AAA",26,55,201,247,62,37,20,0,5,40,34,37,1,19,7,1,1,6,19,4,0.308457711,"21746"
"Esteury Ruiz","OAK","AAA",26,68,261,309,77,52,16,1,8,59,38,36,0,57,8,1,1,6,39,6,0.295019157,"21780"
"Andres Chaparro","WSN","AAA,CPX",26,25,92,104,24,11,7,0,6,11,25,11,1,24,1,0,0,1,0,0,0.260869565,"21797"
"Will Benson","CIN","AAA",27,31,121,139,35,22,5,1,7,26,29,16,1,40,1,0,0,2,5,0,0.289256198,"21853"
"Alex Speas","MIN","AAA",27,15,0,0,0,0,0,0,0,0,0,0,0,0,0,0,0,0,0,0,0,"21859"
"Jerar Encarnacion","SFG","AAA",27,7,23,28,8,4,2,0,2,5,5,3,0,5,2,0,0,0,1,1,0.347826086,"21871"
"Rodolfo Castro","PHI","AAA",26,75,260,296,62,36,17,1,8,46,41,29,0,71,4,3,0,6,13,4,0.238461538,"21987"
"Dane Myers","MIA","AAA",29,1,4,4,1,1,0,0,0,1,1,0,0,2,0,0,0,0,0,0,0.25,"22054"
"Nick Pratto","KCR","AAA",26,67,218,245,42,27,11,1,3,29,24,25,0,71,2,0,0,3,8,0,0.19266055,"22117"
"Payton Henry","PHI","A+,AAA",28,34,125,145,28,17,5,0,6,19,27,13,0,35,6,1,0,7,1,0,0.224,"22164"
"Ryan Vilade","CIN","AAA",26,57,195,232,53,30,13,3,7,40,35,31,0,47,4,2,0,3,6,1,0.271794871,"22165"
"Akil Baddoo","DET","A,AAA",26,56,202,234,51,30,13,1,7,33,25,29,0,59,2,1,0,1,11,3,0.252475247,"22168"
"Cal Mitchell","SFG","AA,AAA",26,50,169,183,27,18,6,0,3,14,7,14,0,60,0,0,0,0,2,5,0.159763313,"22169"
"Mark Vientos","NYM","AAA",25,6,23,26,4,2,2,0,0,4,3,3,0,3,0,0,0,2,0,0,0.173913043,"22184"
"MJ Melendez","KCR","AAA",26,64,256,278,59,32,15,1,11,36,39,18,0,81,0,4,0,1,13,2,0.23046875,"22197"
"Sam Huff","SFG","CPX",27,1,2,2,0,0,0,0,0,0,0,0,0,1,0,0,0,0,0,0,0,"22209"
"Luis Campusano","SDP","AAA",26,53,192,239,61,34,13,1,13,42,47,40,0,37,3,2,0,7,2,0,0.317708333,"22217"
"Mason McCoy","SDP","AAA",30,51,193,219,57,31,16,2,8,39,44,21,1,52,1,2,2,2,8,4,0.295336787,"22232"
"Jack Suwinski","PIT","AAA",26,53,182,218,51,28,10,1,12,41,48,28,0,63,4,3,1,2,6,0,0.28021978,"22244"
"Xavier Edwards","MIA","AAA",25,2,7,8,1,1,0,0,0,0,1,1,0,0,0,0,0,0,1,0,0.142857142,"22266"
"Samad Taylor","SEA","AAA",26,77,306,356,96,63,16,4,13,68,52,37,0,63,2,2,9,5,23,6,0.31372549,"22274"
"Jake Burger","TEX","AA,AAA",29,7,26,30,10,7,1,0,2,5,6,4,0,2,0,0,0,0,0,0,0.384615384,"22275"
"Cal Stevenson","PHI","AAA",28,62,203,253,46,34,7,1,4,34,26,42,1,57,1,4,3,3,17,2,0.226600985,"22411"
"Livan Soto","BAL","AAA",25,63,203,237,36,32,2,0,2,21,13,29,1,57,3,1,1,3,2,0,0.177339901,"22471"
"Buddy Kennedy","PHI","AAA",26,61,226,268,64,44,11,1,8,35,40,31,0,41,9,2,0,3,3,1,0.28318584,"22505"
"Johnathan Rodriguez","CLE","AAA",25,46,170,196,55,40,8,0,7,25,32,23,0,48,2,1,0,5,0,2,0.323529411,"22530"
"Tyler Freeman","COL","AAA",26,4,12,16,2,1,1,0,0,2,0,2,0,2,2,0,0,0,0,0,0.166666666,"22532"
"Michael Siani","STL","AAA",25,46,187,219,44,28,8,2,6,36,24,24,0,51,3,3,2,3,14,3,0.235294117,"22557"
"Jarred Kelenic","ATL","AAA",25,59,225,250,53,38,11,1,3,32,19,25,0,66,0,0,0,3,8,5,0.235555555,"22558"
"Tirso Ornelas","SDP","AAA",25,47,182,210,54,39,12,0,3,34,30,25,0,39,2,1,0,1,6,1,0.296703296,"22566"
"Gustavo Campero","LAA","AAA,CPX",27,35,135,156,41,27,10,2,2,20,18,13,0,20,5,2,1,4,7,1,0.303703703,"22707"
"Steward Berroa","TOR","AAA",26,51,174,205,47,36,10,0,1,38,15,25,0,46,1,4,1,5,20,6,0.270114942,"22766"
"Wenceel Perez","DET","A,A+,AAA",25,6,18,21,4,2,1,0,1,3,3,1,0,4,1,1,0,1,1,0,0.222222222,"22857"
"Lenyn Sosa","CHW","AAA",25,3,10,10,1,0,1,0,0,0,0,0,0,4,0,0,0,0,0,0,0.1,"22896"
"David Banuelos","BAL","A+,AAA",28,21,57,64,5,1,3,0,1,4,2,7,0,21,0,0,0,0,0,0,0.087719298,"23250"
"Jacob Amaya","CHW","AAA",26,15,45,56,18,13,2,0,3,10,12,10,0,9,1,0,0,3,1,2,0.4,"23296"
"Ryan Noda","LAA","AAA",29,51,152,208,31,19,5,0,7,27,21,43,0,65,10,3,0,2,4,1,0.203947368,"23312"
"Nelson Velazquez","KCR","AAA",26,33,114,131,23,16,0,1,6,12,14,16,0,33,0,1,0,1,4,1,0.201754385,"23359"
"Hunter Feduccia","LAD","AAA",28,64,223,273,63,42,11,3,7,45,42,45,0,58,1,4,0,3,2,0,0.28251121,"23372"
"Jose Barrero","BAL","AAA",27,26,100,115,27,17,5,1,4,15,14,14,0,35,1,0,0,1,5,1,0.27,"23378"
"Max Lazar","PHI","AAA",26,16,0,0,0,0,0,0,0,0,0,0,0,0,0,0,0,0,0,0,0,"23426"
"Luis Vazquez","BAL","AAA",25,37,132,147,37,26,5,1,5,18,20,10,0,31,3,0,2,6,3,2,0.28030303,"23442"
"Chandler Seagle","ATL","AA,AAA",29,35,106,113,15,9,6,0,0,4,11,3,0,43,3,1,0,2,1,0,0.141509433,"23552"
"Davis Schneider","TOR","AAA",26,38,133,160,30,18,6,2,4,17,18,24,0,46,2,1,0,1,3,1,0.225563909,"23565"
"Brett de Geus","PHI","AAA",27,21,0,0,0,0,0,0,0,0,0,0,0,0,0,0,0,0,0,0,0,"23592"
"Brayan Rocchio","CLE","AAA",24,41,159,188,40,19,12,2,7,28,30,23,0,27,3,2,1,4,7,3,0.251572327,"23690"
"Jose Tena","WSN","AAA",24,15,58,69,16,11,3,1,1,7,5,11,0,18,0,0,0,0,6,1,0.275862068,"23691"
"Everson Pereira","NYY","AAA",24,56,214,246,56,33,7,1,15,52,45,27,0,79,3,2,0,5,6,1,0.261682242,"23695"
"Ronny Mauricio","NYM","A,AA,AAA",24,19,65,73,21,15,3,0,3,13,11,7,2,17,0,1,0,0,6,1,0.323076923,"23698"
"Ezequiel Duran","TEX","AAA",26,14,55,59,19,9,6,0,4,13,4,4,0,13,0,0,0,1,5,0,0.345454545,"23733"
"Wilyer Abreu","BOS","AAA",26,2,6,7,1,1,0,0,0,1,1,1,0,2,0,0,0,0,0,0,0.166666666,"23772"
"Leo Jimenez","TOR","A,AAA,CPX",24,22,73,88,20,15,5,0,0,13,4,11,0,16,3,1,0,3,0,0,0.273972602,"23782"
"Jordyn Adams","BAL","AAA",25,57,164,195,32,21,6,2,3,29,22,23,0,53,1,3,3,2,8,3,0.195121951,"23788"
"Blaze Alexander","ARI","AAA",26,54,194,241,55,34,12,1,8,41,41,38,0,59,6,2,1,1,11,1,0.283505154,"23789"
"Jordan Groshans","KCR","AA,AAA",25,57,210,237,58,47,7,1,3,24,32,23,1,35,2,2,0,11,0,1,0.276190476,"23794"
"Parker Meadows","DET","A,AAA",25,8,27,33,7,3,1,2,1,7,5,6,0,8,0,0,0,0,1,0,0.259259259,"23800"
"Anthony Seigler","MIL","AAA",26,63,213,267,59,37,11,4,7,43,35,49,0,51,3,2,0,2,20,3,0.276995305,"23802"
"Ji Hwan Bae","PIT","A,AAA",25,39,148,168,42,30,10,1,1,35,11,19,0,33,1,0,0,0,10,4,0.283783783,"23818"
"Jorbit Vivas","NYY","AAA",24,53,193,242,55,42,9,0,4,36,28,34,1,23,8,3,0,2,8,6,0.284974093,"23917"
"Jorge Barrosa","ARI","AAA",24,77,325,378,100,67,25,2,6,58,54,47,1,74,1,3,2,2,9,3,0.307692307,"23968"
"Osleivis Basabe","SFG","AAA",24,70,238,265,62,41,13,2,6,31,26,17,0,50,5,2,3,4,5,0,0.260504201,"23985"
"Curtis Mead","TBR","AAA",24,2,6,9,1,1,0,0,0,2,0,2,0,2,1,0,0,1,0,0,0.166666666,"23986"
"Ezequiel Tovar","COL","AAA",23,8,30,33,6,4,2,0,0,3,1,2,0,7,0,1,0,2,0,0,0.2,"24064"
"Jhonkensy Noel","CLE","AAA",23,24,93,102,26,12,9,0,5,8,17,8,0,28,1,0,0,3,0,1,0.279569892,"24257"
"Liover Peguero","PIT","AAA",24,68,239,272,59,39,14,1,5,34,35,24,0,49,1,5,3,7,8,3,0.246861924,"24273"
"Jose Rodriguez","PHI","A,AA",24,23,85,91,22,18,2,1,1,6,9,3,0,10,1,2,0,3,4,3,0.258823529,"24388"
"Terrin Vavra","BAL","AAA",28,47,133,157,34,25,7,1,1,21,10,19,0,33,0,0,5,1,5,0,0.255639097,"24400"
"Travis Swaggerty","NYM","AA,AAA",27,34,87,101,18,12,6,0,0,10,8,12,0,31,1,1,0,1,2,1,0.206896551,"24491"
"DaShawn Keirsey Jr.","MIN","AAA",28,10,39,42,9,5,4,0,0,5,4,2,0,9,1,0,0,1,1,0,0.23076923,"24496"
"Richie Palacios","TBR","AA,AAA,CPX",28,12,46,53,7,6,1,0,0,4,1,7,0,14,0,0,0,1,2,0,0.152173913,"24589"
"Jonathan Ornelas","ATL","AAA",25,63,212,252,44,35,3,1,5,21,23,31,1,64,5,4,0,6,4,3,0.207547169,"24597"
"Addison Barger","TOR","AAA",25,12,38,45,8,4,2,0,2,6,7,5,0,13,1,1,0,0,0,0,0.210526315,"24598"
"Michael Helman","STL","AAA",29,48,187,207,42,22,14,0,6,37,26,16,1,43,2,2,0,3,7,1,0.22459893,"24605"
"Willie MacIver","OAK","AAA",28,39,143,166,53,38,10,2,3,30,35,18,0,32,3,2,0,5,4,2,0.37062937,"24641"
"Owen Miller","COL","AAA",28,51,198,222,55,36,14,1,4,31,25,15,0,37,3,6,0,4,7,2,0.277777777,"24655"
"Jonah Bride","MIN","AAA",29,2,7,9,1,1,0,0,0,1,0,2,0,1,0,0,0,0,0,0,0.142857142,"24703"
"Mickey Gasper","MIN","AAA",29,41,155,182,49,25,14,0,10,31,26,24,1,32,3,0,0,1,2,0,0.316129032,"24759"
"Bryan Lavastida","HOU","AA,AAA",26,54,181,208,48,32,10,0,6,28,21,20,1,40,4,1,0,3,14,5,0.26519337,"24765"
"James Outman","LAD","AAA",28,70,284,333,82,39,20,3,20,61,74,39,1,101,5,5,0,0,14,3,0.288732394,"24770"
"David Villar","NYM","AAA",28,42,150,183,39,29,5,0,5,20,23,29,0,44,2,2,0,4,1,0,0.26,"24782"
"Heriberto Hernandez","MIA","AAA",25,41,141,163,31,17,4,1,9,21,21,19,0,57,2,1,0,1,6,2,0.219858156,"24878"
"David Fry","CLE","AA,AAA,CPX",29,9,29,33,3,2,0,0,1,2,5,3,0,9,0,1,0,1,0,0,0.103448275,"24934"
"Nate Eaton","BOS","AAA",28,64,234,269,64,37,19,1,7,43,35,26,1,61,6,3,0,4,6,4,0.273504273,"25055"
"David Hensley","DET","AAA",29,15,47,58,4,2,1,0,1,4,4,9,0,26,1,0,1,0,0,0,0.085106382,"25111"
"Levi Jordan","CIN","AAA",29,79,283,318,68,42,18,1,7,42,24,26,0,48,6,2,1,5,13,2,0.240282685,"25138"
"Drew Avans","MIL","AAA",29,67,266,311,80,63,11,1,5,53,43,40,1,59,2,3,0,3,28,6,0.300751879,"25183"
"Endy Rodriguez","PIT","AAA",25,8,26,29,4,2,0,0,2,4,4,3,0,5,0,0,0,0,0,0,0.153846153,"25332"
"Ronny Simon","MIA","AAA",25,40,149,179,47,33,6,2,6,25,24,25,1,33,0,3,2,1,17,4,0.315436241,"25346"
"Michael Stefanic","TOR","AAA",29,53,189,227,59,44,11,0,4,25,30,30,0,23,7,1,0,6,5,3,0.312169312,"25353"
"Austin Shenton","SEA","AAA",27,64,236,273,52,27,12,0,13,37,38,31,1,75,4,2,0,4,0,0,0.220338983,"25425"
"Will Wilson","CLE","AAA",26,36,133,149,41,22,9,2,8,27,24,15,0,36,1,0,0,6,3,1,0.308270676,"25434"
"Greg Jones","CHW","AAA,CPX",27,19,68,82,11,8,1,0,2,7,11,9,0,32,5,0,0,0,12,3,0.161764705,"25448"
"Will Robertson","TOR","AAA",27,62,192,233,56,30,11,1,14,39,44,36,2,57,2,3,0,6,1,2,0.291666666,"25467"
"Cam Eden","NYY","A,AA,CPX",27,31,95,108,19,12,6,1,0,10,11,11,0,30,1,1,0,0,8,0,0.2,"25476"
"Nick Sogard","BOS","AAA",27,51,190,227,46,31,12,0,3,32,17,36,0,44,0,1,0,1,7,1,0.242105263,"25483"
"Aaron Schunk","COL","AAA",27,48,177,191,46,31,5,3,7,23,36,9,0,34,2,2,1,4,2,0,0.259887005,"25524"
"Korey Lee","CHW","AAA",26,29,111,125,29,20,4,0,5,19,13,13,0,26,1,0,0,1,2,0,0.261261261,"25543"
"Marco Luciano","SFG","AAA",23,79,301,359,68,38,13,1,16,54,46,52,0,109,2,4,0,7,6,2,0.225913621,"25616"
"Luis Mey","CIN","AAA",24,20,0,0,0,0,0,0,0,0,0,0,0,0,0,0,0,0,0,0,0,"25620"
"Bryan Ramos","CHW","AAA",23,54,185,219,36,23,6,0,7,31,22,23,0,41,7,1,1,4,7,1,0.194594594,"25621"
"Drew Millas","WSN","AAA",27,52,190,209,47,34,6,3,4,27,25,17,2,25,0,2,0,4,8,1,0.247368421,"25643"
"Will Brennan","CLE","AAA",27,35,148,156,45,34,8,0,3,19,18,8,0,20,0,0,0,4,2,1,0.304054054,"25660"
"Grant McCray","SFG","AAA",24,86,345,396,89,59,15,4,11,56,52,41,0,108,0,7,3,4,22,2,0.257971014,"25690"
"Dustin Harris","TEX","AAA",25,51,210,240,52,39,6,1,6,33,27,25,0,48,3,1,1,1,18,2,0.247619047,"25705"
"Blaine Crim","TEX","AAA",28,69,274,315,80,48,17,1,14,46,62,37,3,60,2,2,0,10,3,3,0.291970802,"25714"
"CJ Abrams","WSN","AA",24,2,4,7,0,0,0,0,0,0,1,2,0,1,0,1,0,1,0,0,0,"25768"
"Tyler Tolbert","KCR","AAA",27,29,98,115,26,18,5,0,3,20,14,9,0,30,3,2,3,0,11,4,0.265306122,"25779"
"Blake Sabol","BOS","AAA",27,41,138,161,23,11,8,1,3,14,17,21,0,47,2,0,0,0,6,0,0.166666666,"25805"
"Jared Triolo","PIT","AAA",27,1,3,4,2,1,0,0,1,2,2,1,0,0,0,0,0,0,0,0,0.666666666,"25807"
"Grae Kessinger","ARI","AAA",27,11,34,47,8,5,3,0,0,6,3,13,0,12,0,0,0,0,1,1,0.235294117,"25813"
"Shea Langeliers","OAK","AAA",27,3,13,13,8,7,0,0,1,6,4,0,0,0,0,0,0,0,0,0,0.615384615,"25816"
"Braden Shewmake","NYY","AAA",27,46,152,173,36,23,8,1,4,24,13,19,0,26,1,0,1,4,9,1,0.236842105,"25817"
"Andre Lipcius","CHW","AAA",27,51,173,194,45,25,9,0,11,30,41,17,0,34,2,2,0,6,2,0,0.260115606,"25822"
"Luis Contreras","HOU","AAA",29,27,0,0,0,0,0,0,0,0,0,0,0,0,0,0,0,0,0,0,0,"25839"
"Logan Davidson","OAK","AAA",27,64,225,289,63,45,12,1,5,44,38,60,1,75,3,1,0,2,7,1,0.28,"25844"
"Michael Toglia","COL","AAA",26,11,44,51,12,5,4,0,3,11,16,6,0,15,0,1,0,1,0,0,0.272727272,"25845"
"Matt Gorski","PIT","AAA",27,22,79,88,22,11,7,0,4,14,15,6,0,23,0,3,0,2,2,0,0.278481012,"25855"
"Ryan Kreidler","DET","AAA",27,58,193,232,47,22,19,3,3,30,22,30,0,71,6,2,1,3,9,5,0.243523316,"25867"
"Corbin Carroll","ARI","CPX",24,1,2,4,0,0,0,0,0,0,0,2,1,0,0,0,0,0,0,0,0,"25878"
"Orelvis Martinez","TOR","AAA",23,73,255,292,49,25,12,1,11,29,27,29,0,83,4,3,0,10,1,0,0.192156862,"25967"
"Kevin Alcantara","CHC","AAA",22,73,266,302,71,41,19,0,11,40,47,33,0,88,1,2,0,7,9,3,0.266917293,"25971"
"Nasim Nunez","WSN","AAA",24,30,94,108,17,15,1,0,1,12,9,14,0,31,0,0,0,2,13,4,0.180851063,"25979"
"Matthew Lugo","LAA","AAA",24,60,252,276,64,38,16,3,7,40,32,19,0,74,4,0,1,5,3,4,0.253968253,"25980"
"Victor Mesa Jr.","MIA","A,AAA",23,33,118,128,27,17,6,1,3,13,16,8,0,19,1,1,0,3,2,0,0.228813559,"25999"
"Vaughn Grissom","BOS","AAA",24,77,296,336,84,52,24,0,8,55,35,31,0,62,6,3,0,7,8,2,0.283783783,"26031"
"Anthony Maldonado","OAK","AAA",27,21,0,0,0,0,0,0,0,0,0,0,0,0,0,0,0,0,0,0,0,"26034"
"Maverick Handley","BAL","AAA",27,17,59,68,19,11,6,1,1,12,5,9,0,12,0,0,0,1,2,1,0.322033898,"26106"
"Francisco Alvarez","NYM","A,AA,AAA",23,21,78,87,17,11,1,0,5,11,12,7,1,24,2,0,0,7,0,0,0.217948717,"26121"
"Brett Baty","NYM","AAA",25,3,10,11,3,1,2,0,0,2,3,1,0,3,0,0,0,0,0,0,0.3,"26123"
"Dominic Fletcher","CHW","AAA",27,61,228,255,58,36,10,2,10,33,39,21,0,54,3,2,1,2,3,4,0.254385964,"26149"
"Andrew Vaughn","MIL","AAA",27,31,115,132,27,16,5,1,5,17,27,17,0,23,0,0,0,9,0,0,0.234782608,"26197"
"Jake Mangum","TBR","AAA,CPX",29,6,21,25,9,8,1,0,0,3,4,4,0,3,0,0,0,1,0,0,0.428571428,"26202"
"Tyler Fitzgerald","SFG","AAA",27,7,23,26,7,5,2,0,0,1,3,1,0,5,1,1,0,2,0,0,0.304347826,"26208"
"Darell Hernaiz","OAK","AAA",23,83,333,384,99,70,23,2,4,60,45,40,0,44,5,2,4,7,9,0,0.297297297,"26224"
"Kenedy Corona","HOU","AAA",25,76,259,299,59,41,10,2,6,37,28,34,0,60,0,2,4,10,8,5,0.227799227,"26244"
"John Rave","KCR","AAA",27,44,173,202,52,31,8,4,9,46,25,22,0,46,2,2,3,1,17,1,0.300578034,"26284"
"Gunnar Henderson","BAL","AAA",24,5,19,20,5,3,0,0,2,2,4,1,0,4,0,0,0,0,0,0,0.263157894,"26289"
"Oliver Dunn","MIL","AAA",27,61,228,262,49,29,11,4,5,27,24,29,0,82,4,0,1,3,10,3,0.21491228,"26295"
"Josh Jung","TEX","AA,AAA",27,3,10,11,4,3,1,0,0,2,2,1,0,1,0,0,0,0,0,0,0.4,"26299"
"Jonny DeLuca","TBR","CPX",26,2,5,6,2,2,0,0,0,0,1,1,0,1,0,0,0,0,0,0,0.4,"26365"
"JJ Bleday","OAK","AAA",27,12,52,57,21,12,6,0,3,13,15,5,0,10,0,0,0,1,2,0,0.403846153,"26368"
"Kameron Misner","TBR","AAA",27,2,3,5,1,0,1,0,0,1,0,2,0,2,0,0,0,0,1,1,0.333333333,"26374"
"Kyren Paris","LAA","AAA",23,29,101,125,23,13,3,3,4,22,10,18,0,32,4,1,1,2,11,1,0.227722772,"26420"
"Dominic Canzone","SEA","AAA",27,45,179,197,53,31,9,0,13,35,36,18,2,42,0,0,0,1,3,2,0.296089385,"26438"
"Matt Wallner","MIN","AAA",27,6,25,27,8,2,1,0,5,8,13,2,0,6,0,0,0,0,0,0,0.32,"26466"
"Luis Matos","SFG","AAA",23,20,81,89,22,14,5,0,3,12,12,6,0,10,1,1,0,3,5,0,0.271604938,"26467"
"Davis Wendzel","CIN","AAA",28,63,206,235,48,26,14,0,8,31,34,23,0,47,5,1,0,2,1,0,0.233009708,"26469"
"Spencer Horwitz","PIT","AA,AAA",27,13,47,51,12,8,3,0,1,7,2,3,0,9,0,1,0,0,0,0,0.255319148,"26477"
"Noelvi Marte","CIN","AA,AAA,CPX",23,19,68,81,22,13,6,1,2,12,16,10,1,8,2,1,0,3,3,1,0.323529411,"26517"
"Angel Martinez","CLE","AAA",23,8,32,34,11,5,6,0,0,7,8,0,0,9,0,2,0,0,1,0,0.34375,"26540"
"Agustin Ramirez","MIA","AAA",23,19,71,80,18,8,7,0,3,13,12,7,0,19,0,2,0,1,5,0,0.253521126,"26546"
"Luisangel Acuna","NYM","AAA",23,12,45,53,13,10,2,1,0,9,4,5,0,11,0,2,1,0,4,1,0.288888888,"26548"
"Jonatan Clase","TOR","AAA",23,33,115,134,31,26,5,0,0,12,1,15,0,34,3,0,1,0,18,3,0.269565217,"26599"
"Austin Martin","MIN","AAA,CPX",26,21,72,89,25,21,3,0,1,10,6,15,0,12,1,1,0,1,3,0,0.347222222,"27462"
"Zach DeLoach","CHW","AAA",26,51,157,181,37,20,11,1,5,25,22,22,0,50,0,2,0,1,4,2,0.235668789,"27471"
"Jordan Walker","STL","AA,AAA",23,9,37,40,6,4,2,0,0,4,6,3,0,15,0,0,0,2,1,0,0.162162162,"27475"
"Masyn Winn","STL","AAA",23,3,11,13,2,0,0,0,2,2,2,2,0,5,0,0,0,0,0,0,0.181818181,"27479"
"Robert Hassell III","WSN","AAA",23,60,231,255,69,50,11,0,8,31,36,23,1,47,0,0,1,2,13,2,0.298701298,"27482"
"Nick Gonzales","PIT","AAA",26,9,36,38,7,6,0,1,0,3,1,0,0,11,1,1,0,1,0,0,0.194444444,"27490"
"Rece Hinds","CIN","AAA",24,58,210,239,63,32,18,1,12,42,48,20,0,63,4,4,0,2,13,4,0.3,"27493"
"Tyler Callihan","CIN","AAA",25,24,89,106,27,17,4,2,4,19,12,16,0,29,0,0,1,0,6,1,0.303370786,"27497"
"Justin Foscue","TEX","AAA,CPX",26,53,205,238,53,30,13,0,10,35,37,27,0,32,3,2,1,5,3,0,0.258536585,"27501"
"Nick Yorke","PIT","AAA",23,70,267,296,73,53,11,3,6,35,39,27,0,73,2,0,0,7,12,5,0.273408239,"27504"
"Ha-Seong Kim","TBR","AAA",29,21,72,91,15,12,3,0,0,11,6,15,0,10,2,2,0,1,6,0,0.208333333,"27506"
"Edouard Julien","MIN","AAA",26,54,185,235,44,31,4,2,7,22,24,44,2,65,4,2,0,1,4,1,0.237837837,"27534"
"Duke Ellis","NYY","A+,AAA,CPX",27,32,80,92,20,15,3,0,2,12,11,11,0,24,1,0,0,1,13,3,0.25,"27543"
"Garrett Mitchell","MIL","AAA,CPX",26,4,11,13,5,5,0,0,0,5,1,2,0,3,0,0,0,0,0,0,0.454545454,"27555"
"Gage Workman","DET","AAA",25,40,138,161,27,15,6,1,5,24,19,20,0,62,3,0,0,1,6,0,0.195652173,"27573"
"Casey Schmitt","SFG","AAA",26,5,13,17,2,2,0,0,0,3,0,4,0,2,0,0,0,0,0,0,0.153846153,"27577"
"Jacob Hurtubise","CIN","AAA",27,44,117,159,17,13,4,0,0,27,11,26,0,32,7,4,3,1,9,0,0.145299145,"27599"
"Alika Williams","PIT","AAA",26,59,190,210,48,40,5,1,2,21,18,14,0,37,2,3,1,3,3,3,0.252631578,"27604"
"Nick Loftin","KCR","AAA",26,40,139,184,41,25,12,0,4,27,24,39,0,22,3,3,0,4,12,1,0.294964028,"27630"
"Christian Koss","SFG","AAA",27,2,8,8,1,0,1,0,0,0,0,0,0,2,0,0,0,0,0,0,0.125,"27653"
"Michael Massey","KCR","AAA",27,5,12,15,5,4,0,0,1,1,1,1,0,3,2,0,0,0,0,0,0.416666666,"27684"
"Joey Wiemer","KCR","AAA",26,58,199,236,36,23,5,0,8,30,31,29,0,60,5,3,0,3,10,0,0.180904522,"27690"
"Eric Yang","CIN","AAA",27,19,50,57,12,11,1,0,0,4,4,2,0,19,4,1,0,2,0,0,0.24,"27698"
"Brett Wisely","SFG","AAA",26,51,196,223,45,30,10,0,5,28,30,20,0,43,3,2,2,4,6,0,0.229591836,"27735"
"Drew Romo","COL","AAA,CPX",23,33,119,130,29,19,8,0,2,10,10,10,0,37,1,0,0,2,1,1,0.243697478,"27763"
"Zac Veen","COL","AAA,CPX",23,47,184,210,59,39,12,3,5,32,31,21,1,36,2,2,1,3,6,2,0.320652173,"27770"
"Pedro Leon","HOU","AAA,CPX",27,5,18,20,6,2,1,0,3,3,5,1,0,6,0,0,1,0,1,0,0.333333333,"27781"
"Tyler Gentry","KCR","AAA",26,60,202,229,43,20,16,2,5,29,23,16,0,67,5,6,0,6,3,1,0.212871287,"27784"
"Shay Whitcomb","HOU","AAA",26,60,232,264,65,33,13,0,19,43,43,25,1,60,5,2,0,5,6,1,0.280172413,"27789"
"Evan Carter","TEX","AAA",22,24,87,102,18,11,2,2,3,13,10,14,0,26,0,1,0,1,6,2,0.206896551,"27790"
"Jordan Westburg","BAL","AAA",26,8,28,31,11,5,4,0,2,6,5,3,0,6,0,0,0,0,0,0,0.392857142,"27815"
"Matt Mervis","MIA","AAA",27,17,65,72,16,5,3,1,7,14,16,6,0,18,0,1,0,0,1,0,0.246153846,"27845"
"Thomas Saggese","STL","AAA",23,42,164,189,52,41,6,0,5,34,24,23,0,45,1,1,0,5,5,4,0.31707317,"27883"
"Alejandro Osuna","TEX","AA,AAA",22,39,154,184,43,28,11,2,2,31,15,21,0,29,7,2,0,3,9,4,0.279220779,"27915"
"Adael Amador","COL","AAA",22,38,150,176,40,31,3,0,6,24,22,21,0,27,4,1,0,6,10,4,0.266666666,"27962"
"Edgar Quero","CHW","AAA",22,15,51,63,17,15,1,0,1,9,4,11,0,14,0,1,0,1,0,0,0.333333333,"28022"
"Coby Mayo","BAL","AAA",23,45,168,195,38,18,10,2,8,24,28,23,0,53,1,3,0,3,1,1,0.226190476,"28312"
"Tsung-Che Cheng","PIT","A,AAA",23,58,175,210,37,30,5,1,1,18,14,28,0,52,2,2,3,1,12,6,0.211428571,"28344"
"Yanquiel Fernandez","COL","AAA",22,64,243,271,69,42,14,0,13,43,39,23,0,38,2,3,0,6,0,1,0.283950617,"28552"
"Moises Ballesteros","CHC","AAA",21,72,283,317,95,65,21,1,8,39,48,28,1,42,1,5,0,12,4,1,0.335689045,"28820"
"Blake Dunn","CIN","AAA",26,44,145,176,33,25,6,1,1,19,15,24,0,47,5,0,2,3,5,0,0.227586206,"29487"
"Jackson Merrill","SDP","AA",22,2,6,8,2,2,0,0,0,2,0,1,0,2,1,0,0,0,0,0,0.333333333,"29490"
"Bryce Teodosio","LAA","AAA,CPX",26,10,29,32,10,5,4,1,0,6,1,2,0,6,1,0,0,1,3,1,0.344827586,"29524"
"Adrian Del Castillo","ARI","AAA,CPX",25,24,87,111,26,14,5,2,5,24,21,20,0,28,2,2,0,2,0,0,0.298850574,"29554"
"Tim Tawa","ARI","AAA",26,8,32,37,11,4,3,1,3,9,13,5,0,1,0,0,0,0,2,0,0.34375,"29571"
"Billy Cook","PIT","AAA",26,75,255,295,66,47,16,1,2,34,26,32,1,80,3,2,3,1,11,2,0.258823529,"29573"
"Trey Sweeney","DET","AAA",25,2,5,8,1,1,0,0,0,1,0,1,0,2,2,0,0,0,1,0,0.2,"29575"
"Colton Cowser","BAL","A+,AAA",25,6,20,24,8,3,4,0,1,5,4,4,0,6,0,0,0,0,1,0,0.4,"29591"
"Connor Norby","MIA","AAA",25,3,8,10,4,3,0,0,1,2,1,2,0,0,0,0,0,0,0,0,0.5,"29592"
"Justyn-Henry Malloy","DET","AAA",25,27,93,125,29,22,5,0,2,20,18,25,0,24,6,1,0,5,3,1,0.311827956,"29606"
"Chad Stevens","LAA","AAA",26,72,264,298,81,51,12,4,14,48,43,30,0,63,3,1,0,8,9,1,0.306818181,"29614"
"Henry Davis","PIT","AAA",25,8,28,31,8,5,3,0,0,5,2,3,0,4,0,0,0,1,2,0,0.285714285,"29617"
"Joey Loperfido","TOR","AAA",26,76,277,315,77,50,20,1,6,38,39,24,1,69,9,1,4,4,10,1,0.277978339,"29630"
"Will Wagner","TOR","A,AAA,CPX",26,23,85,95,23,14,6,0,3,13,13,9,0,13,1,0,0,3,1,1,0.270588235,"29634"
"Caleb Durbin","MIL","AAA",25,13,54,58,15,8,5,0,2,12,3,3,0,5,0,0,1,0,3,2,0.277777777,"29646"
"Marcelo Mayer","BOS","AAA",22,43,170,193,46,31,5,1,9,31,43,20,1,38,1,2,0,1,2,0,0.270588235,"29668"
"Braxton Fulford","COL","AAA",26,34,117,134,39,19,8,2,10,25,28,12,0,34,4,1,0,2,2,1,0.333333333,"29704"
"Colson Montgomery","CHW","AAA,CPX",23,60,233,261,50,27,10,2,11,30,32,21,0,86,6,1,0,5,4,1,0.214592274,"29712"
"Zack Gelof","OAK","AAA",25,14,41,58,10,6,3,0,1,16,3,16,0,11,0,1,0,3,3,0,0.243902439,"29766"
"Max Muncy","OAK","AAA",22,31,123,141,40,25,11,1,3,24,22,11,1,32,5,2,0,0,1,3,0.325203252,"29779"
"Niko Kavadas","LAA","AAA",26,82,302,373,69,38,12,2,17,49,52,59,2,116,11,1,0,4,1,0,0.228476821,"29782"
"Brett Harris","OAK","AAA,CPX",27,39,139,164,45,26,9,1,9,34,31,16,0,23,5,4,0,2,6,1,0.323741007,"29788"
"Jack Winkler","MIA","AAA",26,45,156,173,39,28,6,0,5,21,19,15,0,47,0,2,0,1,15,0,0.25,"29830"
"Denzel Clarke","OAK","AAA",25,31,105,133,30,19,8,3,0,25,21,23,0,29,5,0,0,5,7,1,0.285714285,"29858"
"Darren Baker","WSN","AAA",26,69,224,258,58,48,7,2,1,29,21,26,1,46,2,2,4,3,17,6,0.258928571,"29912"
"Jacob Young","WSN","AA",25,3,11,13,3,2,1,0,0,2,1,1,0,1,1,0,0,0,1,0,0.272727272,"29931"
"Tyler Black","MIL","AAA,CPX",24,28,96,117,20,14,3,2,1,13,14,21,0,24,0,0,0,2,3,2,0.208333333,"29949"
"Jordan Lawlar","ARI","AAA",22,53,216,250,69,36,19,4,10,49,45,30,1,60,3,0,1,6,18,2,0.319444444,"29976"
"Brady House","WSN","AAA",22,65,260,283,79,50,15,1,13,42,41,20,1,75,1,2,0,8,0,1,0.303846153,"29993"
"Daylen Lile","WSN","AA,AAA",22,47,195,213,64,43,12,5,4,35,29,14,0,33,2,1,0,1,12,3,0.328205128,"29995"
"Grant Holman","OAK","AAA",25,8,0,0,0,0,0,0,0,0,0,0,0,0,0,0,0,0,0,0,0,"30002"
"Christian Encarnacion-Strand","CIN","AAA,CPX",25,12,44,50,14,5,6,1,2,6,9,5,0,12,1,0,0,0,0,0,0.318181818,"30011"
"Dylan Smith","DET","AAA",25,8,0,0,0,0,0,0,0,0,0,0,0,0,0,0,0,0,0,0,0,"30145"
"Oscar Colas","CHW","AA,AAA",26,59,199,220,37,21,9,1,6,25,22,19,0,61,0,2,0,6,3,1,0.185929648,"30162"
"Heston Kjerstad","BAL","AAA",26,16,60,67,9,6,1,1,1,4,3,7,0,18,0,0,0,3,0,1,0.15,"31166"
"Zach Neto","LAA","AAA",24,13,49,58,14,7,3,0,4,16,8,7,0,13,2,0,0,1,1,2,0.285714285,"31347"
"Graham Pauley","MIA","AAA",24,32,119,136,31,17,7,0,7,17,17,14,0,13,2,1,0,2,5,0,0.260504201,"31363"
"Dalton Rushing","LAD","AAA",24,31,107,132,33,22,5,1,5,23,17,21,1,29,2,2,0,0,1,0,0.308411214,"31382"
"Brooks Baldwin","CHW","AAA",24,28,114,128,42,24,5,2,11,27,24,11,0,21,1,1,1,4,4,4,0.368421052,"31394"
"Tyler Locklear","SEA","AAA",24,84,320,370,95,60,21,1,13,52,61,41,1,80,6,3,0,13,15,4,0.296875,"31396"
"Jordan Beck","COL","AAA",24,8,35,37,5,3,0,1,1,4,3,2,0,9,0,0,0,2,2,0,0.142857142,"31431"
"Jace Jung","DET","AAA",24,59,209,260,45,25,10,1,9,27,29,48,0,78,1,2,0,2,2,4,0.215311004,"31437"
"Wade Meckler","SFG","AAA,CPX",25,37,143,169,42,34,6,2,0,23,19,25,0,28,0,0,1,1,6,0,0.293706293,"31490"
"Ryan Ritter","COL","AAA",24,52,203,245,62,30,13,3,16,44,45,34,0,50,4,1,3,4,3,2,0.305418719,"31500"
"Tim Elko","CHW","AAA",26,57,216,243,68,39,13,0,16,38,42,23,0,75,3,1,0,2,2,0,0.314814814,"31522"
"Alan Roden","TOR","AAA",25,21,85,96,30,21,5,1,3,15,13,9,0,9,2,0,0,2,3,1,0.352941176,"31564"
"Trey Lipscomb","WSN","AAA",25,64,224,249,53,39,10,1,3,25,24,22,1,53,1,1,1,5,9,5,0.236607142,"31567"
"Chase Meidroth","CHW","AAA",23,9,30,40,8,4,1,0,3,11,4,8,0,5,2,0,0,1,2,0,0.266666666,"31580"
"Brooks Lee","MIN","A,AAA",24,4,13,14,3,3,0,0,0,0,0,1,0,4,0,0,0,0,0,0,0.23076923,"31595"
"Jacob Melton","HOU","AAA",24,17,59,71,15,4,9,0,2,11,7,11,0,15,0,0,0,2,3,1,0.254237288,"31661"
"Cole Young","SEA","AAA",21,54,206,245,57,34,13,5,5,39,26,31,0,28,8,0,0,4,4,2,0.276699029,"31680"
"Nacho Alvarez Jr.","ATL","AAA,CPX",22,12,36,50,13,9,3,0,1,10,5,11,0,4,3,0,0,2,0,1,0.361111111,"31765"
"Otto Kemp","PHI","AAA",25,58,224,269,70,36,19,1,14,49,55,25,1,68,17,3,0,4,11,2,0.3125,"31792"
"Rhylan Thomas","SEA","AAA",25,76,300,331,92,75,11,1,5,49,35,22,0,16,2,2,5,7,12,5,0.306666666,"31793"
"Roman Anthony","BOS","AAA",21,58,212,265,61,40,9,2,10,45,29,51,0,56,0,2,0,6,3,3,0.287735849,"31812"
"Colby Thomas","OAK","AAA",24,76,310,354,92,52,21,2,17,63,70,26,0,93,11,6,0,5,7,3,0.296774193,"31855"
"Chandler Simpson","TBR","AAA",24,33,144,156,48,42,3,3,0,24,14,9,0,15,0,1,2,1,19,3,0.333333333,"31912"
"Carson McCusker","MIN","AAA",27,70,255,286,69,37,16,0,16,36,53,25,0,92,3,1,0,6,3,2,0.270588235,"33098"
"Ben Williamson","SEA","AAA",24,14,57,60,16,13,3,0,0,6,8,2,0,9,1,0,0,4,2,1,0.280701754,"33197"
"Luke Keaschall","MIN","AAA",22,14,46,58,12,10,1,0,1,8,5,9,0,11,1,2,0,1,4,1,0.260869565,"33321"
"Matt Shaw","CHC","AAA",23,24,91,110,26,14,5,1,6,22,14,17,0,11,2,0,0,4,5,0,0.285714285,"33322"
"Wyatt Langford","TEX","AA",23,3,9,11,3,1,0,0,2,3,2,2,0,1,0,0,0,0,0,0,0.333333333,"33333"
"Kyle Teel","CHW","AAA",23,50,183,213,54,35,10,1,8,34,30,30,0,54,0,0,0,5,7,1,0.295081967,"33549"
"Kristian Campbell","BOS","AAA",23,14,48,63,10,6,3,1,0,8,5,12,0,22,3,0,0,1,0,0,0.208333333,"33644"
"Christian Moore","LAA","AA,AAA",22,54,204,238,57,41,8,3,5,31,32,31,1,65,1,2,0,2,8,4,0.279411764,"34979"
"Jac Caglianone","KCR","AA,AAA",22,50,199,229,64,40,9,0,15,41,56,24,2,46,1,5,0,6,2,1,0.32160804,"35041"
"Nick Kurtz","OAK","A,AAA",22,21,87,101,29,14,7,0,8,20,27,11,1,26,0,2,0,0,0,0,0.333333333,"35110"
"Hyeseong Kim","LAD","AAA",26,28,115,131,29,15,8,1,5,22,19,10,0,32,3,0,1,1,13,0,0.252173913,"35322"
"Anthony Prato","MIN","AAA",27,60,163,203,46,36,5,1,4,24,20,23,0,33,14,2,1,5,13,2,0.282208588,"sa1052903"
"Tyler Baum","OAK","AAA",27,5,0,0,0,0,0,0,0,0,0,0,0,0,0,0,0,0,0,0,0,"sa1054042"
"Nick Kahle","MIL","AAA",27,12,38,43,8,4,3,0,1,5,9,3,0,10,0,1,1,0,0,0,0.210526315,"sa1115979"
"Marcus Smith","TEX","A+,AA,AAA",24,57,159,188,29,14,4,4,7,25,21,26,0,70,0,2,1,0,6,0,0.182389937,"sa1169620"
"Ivan Johnson","CIN","AAA",26,58,172,202,38,25,6,0,7,35,25,30,0,59,0,0,0,2,10,2,0.220930232,"sa1169627"
"Ryan Ward","LAD","AAA",27,83,332,381,100,56,18,3,23,67,76,48,1,78,0,1,0,8,12,2,0.301204819,"sa1169792"
"Clay Dungan","SDP","AAA",29,84,306,367,85,51,17,7,10,57,51,44,1,84,6,5,6,2,16,4,0.277777777,"sa1169803"
"Cody Milligan","ATL","AA,AAA",26,71,229,280,46,32,10,2,2,33,15,42,0,73,4,4,1,6,15,3,0.200873362,"sa1169818"
"Matt Lloyd","STL","A,AAA",29,41,134,164,34,22,7,1,4,20,28,28,0,34,0,1,1,0,5,1,0.253731343,"sa1169978"
"Cam Devanney","KCR","AAA",28,69,246,288,67,33,14,2,18,41,55,34,0,70,4,3,1,2,3,1,0.272357723,"sa1170010"
"Matt O'Neill","NYM","AA",27,29,79,95,18,13,3,0,2,11,8,15,0,26,0,1,0,2,2,0,0.227848101,"sa1170279"
"Jayden Murray","HOU","AAA",28,32,0,0,0,0,0,0,0,0,0,0,0,0,0,0,0,0,0,0,0,"sa1170405"
"Dylan Shockley","ATL","A+,AA",28,20,59,70,15,13,1,0,1,13,5,8,0,32,2,1,0,2,1,0,0.254237288,"sa1170874"
"Freuddy Batista","SEA","A+",25,40,141,166,41,21,13,0,7,19,26,17,0,30,7,1,0,5,0,0,0.290780141,"sa3002866"
"Ernesto Martinez Jr.","MIL","AAA",26,51,168,202,41,29,4,2,6,27,26,30,1,49,2,2,0,6,1,3,0.244047619,"sa3003173"
"Yunior Severino","MIN","AAA",25,33,102,125,20,11,7,0,2,14,10,23,0,44,0,0,0,5,1,0,0.196078431,"sa3003185"
"David Garcia","MIL","A+",25,7,19,22,2,2,0,0,0,3,0,2,0,9,1,0,0,0,0,0,0.105263157,"sa3003197"
"Rafael Lantigua","PHI","AAA",27,73,231,287,53,40,8,2,3,52,28,43,0,38,5,4,4,8,11,3,0.229437229,"sa3003219"
"Eliezer Alfonzo","DET","AA,AAA",25,41,146,158,33,24,8,0,1,17,23,7,0,15,1,1,1,3,0,0,0.226027397,"sa3003262"
"Luis Mieses","TEX","AA",25,65,229,249,55,33,10,1,11,31,34,20,1,50,0,0,0,5,1,1,0.240174672,"sa3003274"
"Francisco Acuna","SDP","AA",25,64,246,286,67,48,11,1,7,41,27,31,1,67,7,0,1,5,14,3,0.272357723,"sa3003291"
"Blake Hunt","SEA","AAA",26,39,142,160,37,22,10,2,3,13,19,15,0,43,1,2,0,7,1,0,0.26056338,"sa3004153"
"Abrahan Gutierrez","PIT","AAA",25,28,88,99,22,20,1,0,1,9,5,8,0,21,3,0,0,2,0,1,0.25,"sa3004263"
"Justin Connell","MIN","A+",26,14,40,48,9,4,3,1,1,5,3,7,0,8,1,0,0,1,2,0,0.225,"sa3004884"
"Je'Von Ward","TOR","A+,AA",25,58,167,233,37,23,7,3,4,44,33,64,2,50,1,1,0,2,5,3,0.221556886,"sa3004969"
"Imanol Vargas","PIT","AA",27,36,98,121,20,16,3,0,1,8,12,20,0,34,0,3,0,2,0,0,0.204081632,"sa3004972"
"Adam Hall","MIL","AA,AAA",26,58,190,220,45,34,7,3,1,22,19,18,0,72,10,1,0,3,18,1,0.236842105,"sa3005077"
"Tyler Dearden","MIN","AA",26,36,119,134,33,26,4,1,2,10,16,12,0,24,2,1,0,4,2,0,0.277310924,"sa3005103"
"Jeferson Morales","MIN","AAA",26,74,229,269,57,37,11,3,6,37,26,29,0,49,8,3,0,2,4,1,0.248908296,"sa3005472"
"Carlos Rodriguez","ATL","AA,AAA",24,79,289,329,85,74,7,1,3,35,23,33,0,37,0,3,2,7,15,7,0.294117647,"sa3005478"
"Keyber Rodriguez","TEX","AA",24,66,250,276,72,55,13,2,2,25,26,19,0,51,3,3,1,6,8,2,0.288,"sa3005488"
"Jesus Valdez","ARI","AA,AAA",27,31,100,116,21,14,3,0,4,15,13,10,0,29,4,2,0,3,0,1,0.21,"sa3005492"
"Allan Cerda","MIN","AA",25,10,32,35,4,1,1,1,1,3,5,3,0,15,0,0,0,0,0,0,0.125,"sa3005504"
"Rainer Nunez","TOR","AAA",24,59,198,221,55,39,9,0,7,28,28,18,0,49,4,1,0,5,1,0,0.277777777,"sa3005551"
"Eddys Leonard","ATL","AAA",24,75,263,296,58,34,12,3,9,22,31,23,0,57,4,6,0,10,6,3,0.220532319,"sa3005554"
"Carlos Arroyo","ATL","A+",23,11,39,41,6,4,2,0,0,1,6,2,0,14,0,0,0,1,1,0,0.153846153,"sa3005576"
"Daniel Vellojin","TBR","A+",25,50,172,206,37,24,8,1,4,20,27,27,0,52,4,2,1,2,2,0,0.215116279,"sa3005587"
"Julio Carreras","COL","AAA",25,50,150,173,42,32,7,2,1,31,17,16,0,38,2,2,3,1,11,4,0.28,"sa3005598"
"Darlin Moquete","STL","AA",25,53,184,201,45,37,5,0,3,22,17,13,1,45,3,1,0,3,12,3,0.244565217,"sa3005617"
"Ronaiker Palma","COL","AA,AAA",25,24,82,90,19,16,3,0,0,8,4,7,0,12,0,0,1,1,1,0,0.231707317,"sa3005624"
"Dalvy Rosario","MIA","AA,AAA",24,45,142,156,28,20,3,0,5,16,16,10,0,51,0,1,3,1,6,2,0.197183098,"sa3005712"
"Brandon Valenzuela","SDP","AA",24,72,275,312,68,43,13,1,11,38,38,34,0,69,1,2,0,8,5,2,0.247272727,"sa3005729"
"Junior Perez","OAK","AA",23,78,277,333,55,30,12,2,11,41,40,48,0,98,2,3,3,2,15,3,0.198555956,"sa3005744"
"Diego Hernandez","KCR","AA,CPX",24,32,117,123,32,23,3,3,3,15,16,4,0,29,0,0,2,3,4,3,0.273504273,"sa3005759"
"Viandel Pena","WSN","AA,AAA",24,34,96,104,18,10,4,2,2,11,12,8,0,28,0,0,0,0,4,1,0.1875,"sa3005775"
"Yoyner Fajardo","SEA","AA",26,49,149,165,37,29,8,0,0,20,10,13,0,32,1,0,1,3,11,6,0.248322147,"sa3005938"
"Pablo Aliendo","CHC","AA",24,56,203,223,46,32,8,0,6,20,28,12,0,78,5,3,0,5,0,3,0.226600985,"sa3006220"
"Jose Cordova","COL","AA",25,52,160,199,44,31,8,1,4,31,15,33,0,33,3,1,0,4,4,0,0.275,"sa3006548"
"Valentin Linarez","PIT","AA",25,24,0,0,0,0,0,0,0,0,0,0,0,0,0,0,0,0,0,0,0,"sa3006557"
"Bladimir Restituyo","MIL","AA",23,62,211,228,36,27,5,1,3,20,12,6,0,48,2,4,5,2,11,3,0.170616113,"sa3006621"
"Eduardo Valencia","DET","AA,AAA",25,54,198,223,61,44,5,0,12,31,42,17,0,46,3,4,0,4,0,0,0.308080808,"sa3006622"
"Orlando Martinez","HOU","AA",27,11,47,50,13,11,1,1,0,6,4,3,0,8,0,0,0,1,2,1,0.276595744,"sa3006664"
"Jake Anchia","CLE","AAA",28,13,45,49,10,7,2,0,1,4,7,2,0,18,1,1,0,0,0,0,0.222222222,"sa3006674"
"Nick Podkul","CHW","AA",28,23,70,84,12,11,1,0,0,5,6,12,0,29,2,0,0,2,0,0,0.171428571,"sa3006720"
"Kendall Simmons","LAD","AA,CPX",25,29,102,113,22,12,5,1,4,14,18,9,0,29,1,1,0,0,0,0,0.215686274,"sa3006867"
"Devin Mann","SFG","AA,AAA",28,50,171,207,41,25,12,0,4,27,25,28,1,43,7,1,0,1,0,0,0.239766081,"sa3006869"
"George Valera","CLE","AAA,CPX",24,12,39,45,15,10,2,0,3,8,9,5,0,10,0,1,0,0,0,0,0.384615384,"sa3006872"
"Kristian Robinson","ARI","AA",24,65,240,291,60,36,11,3,10,48,33,44,1,89,4,3,0,3,19,8,0.25,"sa3006884"
"Luis Verdugo","PHI","AA,AAA",24,44,145,164,25,14,7,0,4,13,22,15,0,47,1,2,1,3,1,3,0.172413793,"sa3006888"
"Reivaj Garcia","CHC","A+,AA",23,60,220,239,56,47,9,0,0,23,14,13,0,42,1,3,2,5,11,4,0.254545454,"sa3006900"
"Carlos De La Cruz","WSN","AA",25,72,279,304,64,41,10,5,8,30,35,21,0,97,3,1,0,8,11,4,0.229390681,"sa3006903"
"Frainyer Chavez","TEX","AA,AAA",26,61,207,238,43,34,6,0,3,29,18,26,0,59,2,2,1,6,7,6,0.207729468,"sa3007019"
"Chris Williams","NYM","AAA",28,21,47,57,8,3,4,0,1,7,8,9,0,18,0,0,0,0,0,0,0.170212765,"sa3007028"
"P.J. Hilson","PIT","A+",24,46,134,154,32,23,2,0,7,22,26,11,0,42,4,3,1,0,8,3,0.23880597,"sa3007048"
"Justin Dean","LAD","AAA",28,60,179,206,52,36,7,5,4,38,24,23,0,48,4,0,0,6,15,7,0.290502793,"sa3007070"
"Raynel Delgado","MIL","AAA",25,75,251,288,64,52,11,1,0,34,30,28,1,59,4,3,2,5,22,5,0.254980079,"sa3007288"
"Matt Kroon","PHI","A+,AAA",28,19,65,75,14,9,4,0,1,6,9,7,0,23,2,1,0,2,5,2,0.215384615,"sa3007502"
"Ramon Mendoza","STL","AA",24,65,207,251,53,33,8,2,10,37,40,39,0,52,3,2,0,2,2,3,0.256038647,"sa3007513"
"Max Burt","NYY","AA,AAA",28,50,145,164,29,22,6,1,0,24,17,12,0,46,4,2,1,7,8,0,0.2,"sa3007631"
"Nick Schnell","WSN","AA,AAA",25,70,275,299,76,47,11,7,11,46,45,17,0,89,2,4,1,2,14,2,0.276363636,"sa3007639"
"Jeremiah Jackson","BAL","AA,AAA",25,72,292,308,87,49,26,0,12,36,34,12,0,43,2,2,0,10,7,7,0.297945205,"sa3007740"
"Cody Roberts","SDP","AA,AAA",29,33,112,122,27,20,4,1,2,15,12,7,0,42,0,2,1,1,3,0,0.241071428,"sa3007869"
"Brennen Davis","NYY","AA,AAA,CPX",25,29,97,115,33,16,5,0,12,22,24,14,1,26,3,1,0,3,3,0,0.340206185,"sa3007876"
"Will Banfield","CIN","AAA",25,54,166,188,38,28,9,0,1,13,17,15,0,47,3,4,0,4,0,0,0.228915662,"sa3007973"
"Ezequiel Pagan","LAD","AA",24,64,240,262,60,40,11,3,6,25,34,15,0,42,3,3,1,5,4,6,0.25,"sa3007975"
"Miguel Pabon","CHC","A+",24,34,108,125,22,19,2,0,1,13,9,15,0,32,2,0,0,3,2,0,0.203703703,"sa3007977"
"Onix Vega","NYM","A,A+",26,14,43,49,11,9,2,0,0,5,5,5,0,10,0,1,0,0,0,2,0.255813953,"sa3008007"
"Kyle Datres","CLE","AAA",29,39,113,135,23,17,4,0,2,11,9,18,0,36,1,3,0,3,1,2,0.203539823,"sa3008029"
"Josh Breaux","PHI","AA,AAA",27,35,107,121,23,15,4,2,2,13,9,10,0,30,3,1,0,3,0,0,0.214953271,"sa3008051"
"Carlos Cortes","OAK","AAA",28,64,235,279,74,38,21,0,15,50,67,38,1,38,3,3,0,9,1,0,0.314893617,"sa3008079"
"Connor Scott","KCR","AA",25,8,27,30,9,7,2,0,0,7,6,2,0,3,0,1,0,1,0,0,0.333333333,"sa3008080"
"Malcom Nunez","PIT","A,AAA,CPX",24,46,153,174,46,26,18,0,2,20,24,14,0,27,1,6,0,1,0,0,0.300653594,"sa3008113"
"Hunter Stovall","TBR","AA,AAA",28,50,171,188,37,30,1,1,5,17,22,14,0,33,0,3,0,5,1,2,0.216374269,"sa3008181"
"Jimmy Herron","MIL","AAA",28,62,198,229,42,35,4,1,2,29,20,23,0,47,4,3,1,6,15,0,0.212121212,"sa3008183"
"Korey Holland","LAA","AA,AAA",25,43,141,151,33,25,6,0,2,11,18,7,0,59,0,3,0,2,6,0,0.234042553,"sa3008249"
"Charles Mack","WSN","AA",25,1,1,1,0,0,0,0,0,0,0,0,0,1,0,0,0,0,0,0,0,"sa3008250"
"Jax Biggers","TEX","AA,CPX",28,29,88,109,16,15,1,0,0,14,8,19,0,29,2,0,0,0,5,0,0.181818181,"sa3008251"
"Caleb Knight","CHC","AAA",29,5,14,14,3,0,2,0,1,1,1,0,0,5,0,0,0,1,0,0,0.214285714,"sa3008279"
"Andy Weber","ARI","AA,AAA",27,66,237,262,66,46,11,3,6,41,35,22,0,55,1,1,1,2,1,4,0.278481012,"sa3008282"
"Jaylen Palmer","CHC","AA",24,72,241,279,52,41,4,0,7,34,26,34,0,108,3,1,0,1,16,5,0.215767634,"sa3008297"
"Omar Martinez","NYY","A+,AA",23,67,246,287,57,38,10,0,9,32,41,35,1,87,3,3,0,8,1,2,0.231707317,"sa3008573"
"Diego Cartaya","MIN","AAA",23,20,59,69,5,4,0,0,1,4,1,9,0,40,1,0,0,3,0,0,0.084745762,"sa3008742"
"Misael Urbina","MIN","A+",23,49,139,171,33,18,10,2,3,22,21,26,0,32,3,2,1,2,2,2,0.237410071,"sa3008743"
"Antonio Gomez","NYY","A+,AA",23,41,126,141,21,16,3,0,2,8,13,13,0,48,0,1,1,2,2,0,0.166666666,"sa3008746"
"Jose De La Cruz","DET","A,CPX",23,36,132,148,24,15,8,0,1,19,12,13,0,55,2,1,0,0,2,1,0.181818181,"sa3008747"
"Eduardo Garcia","MIL","A+",22,78,293,331,74,41,19,2,12,53,40,32,0,92,5,1,0,0,27,3,0.252559726,"sa3008751"
"Alexander Ramirez","LAA","A+",22,42,130,141,25,16,4,0,5,17,16,11,0,73,0,0,0,0,3,2,0.192307692,"sa3008757"
"Juan Guerrero","COL","AA",23,70,251,284,65,48,16,0,1,29,24,23,1,52,1,7,2,6,8,4,0.258964143,"sa3008759"
"Warming Bernabel","COL","AAA",23,68,252,286,81,56,17,0,8,44,44,23,0,35,4,6,0,10,5,1,0.321428571,"sa3008761"
"Victor Bericoto","SFG","AA,AAA,CPX",23,57,216,241,53,29,14,1,9,22,33,20,0,54,2,3,0,6,1,1,0.24537037,"sa3008767"
"Dayan Frias","CLE","AA,AAA",23,76,251,306,59,38,15,0,6,40,31,46,0,84,4,4,1,0,13,6,0.23505976,"sa3008768"
"Cristian Gonzalez","HOU","A+",23,54,210,225,50,38,10,0,2,20,28,9,0,55,0,6,0,4,1,0,0.238095238,"sa3008771"
"Yohander Martinez","MIN","A",23,53,166,195,30,24,3,1,2,17,18,21,0,44,6,1,1,2,1,4,0.180722891,"sa3008775"
"Yoander Rivero","WSN","A",23,46,126,157,26,17,7,1,1,20,15,27,0,38,2,2,0,2,1,1,0.206349206,"sa3008782"
"Gabriel Moncada","SEA","A",23,39,145,158,30,20,9,0,1,11,17,11,0,49,0,2,0,3,0,1,0.206896551,"sa3008789"
"Albert Feliz","BOS","A+",23,32,96,101,17,13,1,0,3,6,11,4,0,48,1,0,0,1,0,0,0.177083333,"sa3008799"
"Bryan Gonzalez","KCR","A+",23,66,254,275,60,39,15,3,3,27,30,17,0,82,1,1,2,4,14,5,0.236220472,"sa3008805"
"Elio Prado","PHI","A+,AA",23,63,206,235,44,33,8,0,3,23,27,20,0,69,4,3,2,0,5,3,0.213592233,"sa3008807"
"Noelberth Romero","BAL","AA,AAA",23,44,130,141,20,15,2,1,2,11,8,5,0,42,2,1,3,4,4,0,0.153846153,"sa3008808"
"Luis Pineda","CHW","A+",23,22,76,78,21,17,2,0,2,9,12,1,0,26,0,0,0,3,0,0,0.276315789,"sa3008826"
"Dionmy Salon","KCR","A,A+",23,33,94,106,24,20,3,0,1,7,15,7,0,17,2,1,2,1,3,0,0.255319148,"sa3008839"
"Alex De Jesus","TOR","A,AA,CPX",23,41,124,145,25,17,6,2,0,10,7,17,0,48,3,1,0,1,1,1,0.201612903,"sa3008842"
"Jose Ramos","LAD","AA,AAA",24,59,216,247,47,32,5,0,10,28,32,24,0,80,3,4,0,3,2,7,0.217592592,"sa3008845"
"Alexander Vargas","NYY","A+,AA",23,66,217,243,57,38,11,2,6,26,30,21,1,39,3,2,0,4,17,4,0.262672811,"sa3008851"
"Gabriel Martinez","TOR","A+,AA",22,51,159,182,37,25,11,0,1,19,13,18,0,37,3,1,0,5,3,0,0.232704402,"sa3008865"
"Brayan Buelvas","OAK","AA,CPX",23,33,113,122,21,15,5,0,1,13,11,7,0,32,1,0,0,0,2,0,0.185840707,"sa3008868"
"Nelson Beltran","OAK","CPX",23,37,91,126,22,18,3,0,1,19,17,26,0,34,8,1,0,1,4,1,0.241758241,"sa3008874"
"J.J. D'Orazio","ARI","A+,AA",23,34,120,132,28,22,5,1,0,8,12,10,0,30,2,0,0,4,0,1,0.233333333,"sa3008876"
"Euribiel Angeles","OAK","AA",23,75,275,308,80,56,19,0,5,36,38,27,0,31,4,1,1,12,11,4,0.29090909,"sa3008877"
"Maikol Escotto","PIT","A+,AA",23,65,231,255,58,40,10,1,7,43,24,16,0,53,4,2,1,2,20,5,0.251082251,"sa3008878"
"Milkar Perez","SEA","A+",23,49,165,190,33,20,10,1,2,13,11,21,0,37,2,2,0,4,0,0,0.2,"sa3008883"
"Albert Fabian","SDP","AA,CPX",23,17,60,68,18,10,5,0,3,11,11,6,0,14,2,0,0,0,1,0,0.3,"sa3008888"
"Victor Duarte","SDP","A,A+",24,23,81,86,15,11,4,0,0,7,6,5,0,20,0,0,0,1,2,0,0.185185185,"sa3008904"
"Leandro Pineda","PHI","AA",23,66,217,249,42,24,14,0,4,27,18,25,0,59,3,4,0,3,2,0,0.193548387,"sa3008905"
"Rodolfo Nolasco","SFG","AA",23,11,26,32,1,0,1,0,0,1,1,4,0,13,1,1,0,0,0,0,0.038461538,"sa3008907"
"Jesus Rodriguez","NYY","AA,AAA",23,72,279,329,82,65,13,2,2,45,30,44,1,53,3,3,0,5,12,6,0.29390681,"sa3008916"
"Jorge Burgos","CLE","AA",23,75,278,317,62,32,15,3,12,35,60,31,0,79,4,4,0,7,1,1,0.223021582,"sa3008929"
"Omar De Los Santos","NYM","AA,AAA",25,23,58,61,11,7,2,1,1,7,4,1,0,28,1,0,1,2,8,1,0.189655172,"sa3008938"
"Wilber Sanchez","CHW","A,A+",23,41,111,125,22,16,5,0,1,8,10,10,0,32,4,0,0,4,6,4,0.198198198,"sa3008941"
"Geraldo Quintero","ATL","AA",23,58,194,224,43,23,8,3,9,24,30,25,0,52,3,1,0,1,15,5,0.221649484,"sa3008942"
"Carlos Mendoza","DET","AA,AAA",25,59,210,259,61,42,12,1,6,43,30,35,0,29,8,5,1,1,8,4,0.29047619,"sa3008944"
"Felix Stevens","CHC","A+,AA,CPX",25,36,114,133,25,15,4,1,5,18,16,14,0,40,4,1,0,3,2,0,0.219298245,"sa3008946"
"Rubel Cespedes","MIN","AA",24,62,249,272,61,39,14,3,5,26,38,21,0,41,1,1,0,9,1,1,0.244979919,"sa3008953"
"Eduardo Lopez","PHI","A+",23,34,130,144,22,12,4,1,5,17,20,13,0,40,1,0,0,0,3,1,0.169230769,"sa3009275"
"Miguel Palma","HOU","AA,CPX",23,16,53,60,9,5,3,0,1,4,5,7,0,15,0,0,0,1,0,0,0.16981132,"sa3009279"
"Jose Colmenares","NYY","A+,AA",23,67,222,259,45,27,12,2,4,29,22,29,0,65,6,1,1,5,10,4,0.202702702,"sa3009309"
"Jose Caguana","SEA","A,CPX",23,33,118,135,25,19,5,0,1,21,14,14,0,36,2,1,0,2,4,1,0.211864406,"sa3009310"
"Rafael Escalante","MIN","CPX",23,6,13,18,4,3,0,0,1,1,4,5,0,4,0,0,0,0,0,0,0.307692307,"sa3009322"
"Darlyn Montero","OAK","A+,CPX",23,19,72,77,20,14,3,0,3,5,15,3,0,20,1,1,0,1,3,0,0.277777777,"sa3009324"
"Frank Rodriguez","LAD","A+,AA",23,28,82,96,24,17,4,0,3,14,15,11,0,15,1,0,1,2,0,0,0.292682926,"sa3009330"
"Geovanny Planchart","PIT","A+",23,42,113,137,17,10,4,0,3,17,10,19,0,29,3,2,0,2,0,0,0.150442477,"sa3009334"
"Rafael Morel","CHC","A+",23,59,165,203,23,15,5,0,3,24,20,31,0,62,4,3,0,4,13,2,0.139393939,"sa3009534"
"Eddinson Paulino","TOR","AA",22,59,200,219,47,29,10,2,6,21,19,16,0,54,3,0,0,3,3,2,0.235,"sa3009538"
"Yohendrick Pinango","TOR","AA,AAA",23,75,264,312,72,44,14,2,12,37,41,44,0,62,3,1,0,6,5,0,0.272727272,"sa3009539"
"Nelson Quiroz","LAD","A+",23,27,92,100,33,22,11,0,0,12,9,7,0,12,1,0,0,4,0,0,0.358695652,"sa3009565"
"Luis Chevalier","CIN","CPX",23,17,47,52,12,5,5,1,1,5,7,4,0,12,1,0,0,1,0,0,0.255319148,"sa3009641"
"Sergio Tapia","DET","A",22,15,50,57,12,9,0,0,3,8,10,6,0,8,1,0,0,2,0,0,0.24,"sa3009763"
"Juan Brito","CLE","AAA,CPX",23,31,103,125,25,14,6,1,4,17,17,16,1,29,3,2,1,1,4,3,0.242718446,"sa3009808"
"Andrew Quezada","COL","AAA",28,17,1,1,0,0,0,0,0,0,0,0,0,1,0,0,0,0,0,0,0,"sa3009858"
"Evan Edwards","LAA","AA",28,22,68,80,7,6,0,0,1,1,6,7,0,25,2,3,0,0,0,0,0.102941176,"sa3009866"
"Luke Ritter","NYM","AAA",28,68,218,257,52,34,12,2,4,32,25,33,1,82,5,1,0,2,1,0,0.23853211,"sa3009878"
"Carter Aldrete","OAK","AA",27,55,196,213,40,26,9,1,4,22,24,14,0,52,0,3,0,6,0,2,0.204081632,"sa3010008"
"Aaron Bracho","LAD","AA",24,35,134,148,26,16,5,0,5,15,16,11,0,35,1,2,0,1,3,2,0.19402985,"sa3010018"
"Kody Hoese","LAD","AAA",27,60,213,249,56,40,11,1,4,32,20,34,0,43,2,0,0,7,1,0,0.262910798,"sa3010021"
"Jairo Pomares","SFG","AA",24,73,260,286,53,35,10,0,8,28,30,22,0,74,1,2,1,6,8,4,0.203846153,"sa3010023"
"Joe Naranjo","WSN","AA",24,71,246,292,53,39,11,1,2,32,25,40,0,72,1,3,2,6,1,0,0.215447154,"sa3010025"
"Nerwilian Cedeno","SDP","A+,AA",23,68,246,271,58,41,14,0,3,37,32,19,1,60,2,3,1,3,9,3,0.235772357,"sa3010026"
"Christian Cairo","CLE","AAA",24,62,198,234,45,30,13,2,0,31,13,26,0,58,7,1,2,2,15,4,0.227272727,"sa3010028"
"Jack Dunn","DET","AAA",28,15,50,60,9,8,0,1,0,7,5,7,0,19,2,1,0,2,3,0,0.18,"sa3010029"
"J.T. Arruda","WSN","AA,AAA",27,48,137,150,33,22,5,0,6,18,15,11,0,37,2,0,0,1,6,0,0.240875912,"sa3010036"
"Yordys Valdes","CLE","AA,AAA",23,57,205,222,42,27,9,1,5,24,23,9,0,58,2,3,3,4,5,1,0.204878048,"sa3010037"
"DJ Gladney","CHW","AA",23,63,229,253,52,43,5,1,3,24,17,16,0,87,3,4,1,9,7,4,0.227074235,"sa3010043"
"Cody Freeman","TEX","AAA",24,76,301,336,95,63,20,0,12,59,54,27,1,31,1,6,1,5,8,3,0.315614617,"sa3010153"
"Omar Hernandez","KCR","A+,AA",23,41,144,154,31,23,7,1,0,12,18,5,0,33,1,1,2,4,7,1,0.215277777,"sa3010155"
"Daniel Cope","COL","A,CPX",28,12,38,47,13,10,3,0,0,3,8,7,0,10,2,0,0,0,0,0,0.342105263,"sa3010157"
"Ripken Reyes","SDP","AA,AAA",28,49,139,170,34,23,5,4,2,16,23,19,0,16,4,1,7,2,2,0,0.244604316,"sa3010159"
"Jaxx Groshans","LAA","AA",26,10,32,35,4,4,0,0,0,1,3,2,0,15,0,1,0,2,0,0,0.125,"sa3010160"
"Joshua Mears","SDP","AA",24,47,144,164,24,15,3,1,5,16,13,12,0,55,6,2,0,2,5,4,0.166666666,"sa3010162"
"Kellen Strahm","TEX","AAA",28,76,269,317,71,51,13,0,7,39,31,42,1,67,1,4,1,7,28,1,0.26394052,"sa3010278"
"C.J. Stubbs","WSN","AA,AAA",28,50,155,184,23,14,6,1,2,25,13,24,1,67,4,1,0,3,3,1,0.148387096,"sa3010328"
"GJ Hill","COL","AA",24,52,156,180,27,13,7,3,4,16,21,16,0,69,5,2,1,0,10,0,0.173076923,"sa3010335"
"Trevor Boone","COL","AAA",27,38,119,128,25,11,4,2,8,23,26,7,0,51,1,1,0,4,2,0,0.210084033,"sa3010336"
"Jackson Cluff","WSN","AAA",28,55,158,193,40,27,7,2,4,31,20,28,0,48,3,2,2,0,16,2,0.253164556,"sa3010342"
"Darius Hill","CHC","AA,AAA",27,43,143,162,26,14,8,1,3,16,8,16,0,38,3,0,0,3,1,0,0.181818181,"sa3010395"
"Alec Barger","COL","AA",27,26,0,0,0,0,0,0,0,0,0,0,0,0,0,0,0,0,0,0,0,"sa3010566"
"Cooper Johnson","TEX","AA,AAA",27,54,178,214,40,28,6,0,6,25,22,34,0,64,2,0,0,3,1,0,0.224719101,"sa3010584"
"Corey Joyce","CHC","AA",26,52,178,219,51,41,9,0,1,29,21,36,0,44,5,0,0,5,11,1,0.286516853,"sa3010596"
"Victor Torres","MIL","A+,AA",24,3,9,10,0,0,0,0,0,0,0,1,0,2,0,0,0,1,0,0,0,"sa3010597"
"Jake Holton","DET","AA",27,65,244,283,62,30,18,1,13,46,42,37,0,76,1,1,0,3,1,1,0.25409836,"sa3010599"
"Jesus Ordonez","COL","A+",25,25,83,91,12,7,4,0,1,6,7,5,1,20,2,0,1,2,2,1,0.144578313,"sa3010603"
"Andrick Nava","PHI","AA",23,23,65,76,12,9,3,0,0,4,7,10,0,15,0,1,0,1,0,0,0.184615384,"sa3010693"
"Colin Barber","HOU","AA,AAA",24,60,214,242,47,29,9,4,5,23,19,22,0,67,4,2,0,1,2,1,0.219626168,"sa3010696"
"Cade Bunnell","ATL","AA,AAA",28,48,151,179,25,13,5,1,6,16,15,25,0,71,2,1,0,2,2,0,0.165562913,"sa3010702"
"Andrew Navigato","DET","AAA",27,64,216,241,40,25,8,1,6,28,26,16,0,81,7,2,0,5,6,5,0.185185185,"sa3010703"
"Sammy Siani","PIT","A,AA,CPX",24,50,186,213,38,27,7,2,2,20,25,25,2,43,0,1,1,2,10,2,0.204301075,"sa3010704"
"Stephen Paolini","ATL","A+,AA",24,42,131,153,26,19,3,0,4,15,16,18,0,50,3,1,0,1,19,2,0.198473282,"sa3010720"
"Chase Strumpf","CHC","AAA",27,57,186,220,43,25,8,1,9,31,34,33,0,66,0,1,0,4,2,0,0.231182795,"sa3010845"
"William Lugo","NYM","AA",23,68,233,249,56,41,11,0,4,24,24,13,0,67,1,2,0,1,2,1,0.240343347,"sa3010876"
"Hudson Head","PIT","AA",24,33,86,93,10,8,0,1,1,8,4,6,0,32,1,0,0,1,1,1,0.116279069,"sa3010889"
"Troy Johnston","MIA","AAA",28,70,259,293,65,41,12,2,10,40,36,26,1,55,7,1,0,3,25,5,0.25096525,"sa3010899"
"Aaron Antonini","TEX","AA",26,4,13,14,4,3,1,0,0,2,3,1,0,1,0,0,0,1,0,0,0.307692307,"sa3010906"
"Will Holland","MIN","A,AAA",27,32,105,123,25,16,5,0,4,19,19,12,0,33,2,3,1,1,8,2,0.238095238,"sa3011204"
"Kervin Pichardo","PIT","AA",23,54,177,206,41,23,9,2,7,23,29,21,0,56,4,3,1,4,2,1,0.231638418,"sa3011260"
"Jase Bowen","PIT","A,A+,AA",24,40,136,155,35,22,7,1,5,21,12,16,0,49,2,1,0,5,9,3,0.257352941,"sa3011267"
"Jeremy De La Rosa","WSN","AA",23,19,63,71,12,6,4,1,1,7,5,7,0,18,1,0,0,0,3,0,0.19047619,"sa3011329"
"Darrien Miller","MIL","AA",24,53,164,215,28,16,6,1,5,29,23,41,0,54,8,1,1,2,2,0,0.170731707,"sa3011330"
"Cameron Barstad","CLE","AA",24,40,128,149,23,16,3,0,4,13,20,15,0,50,5,1,0,0,1,0,0.1796875,"sa3011350"
"Phil Clarke","TOR","A,AAA",27,34,111,131,34,26,5,0,3,19,16,17,1,13,1,2,0,3,0,0,0.306306306,"sa3011379"
"Hunter Bishop","SFG","AAA",27,69,232,261,59,37,12,4,6,32,40,21,0,75,4,3,1,4,10,2,0.254310344,"sa3011413"
"Marcus Lee Sang","PHI","AA",24,4,11,13,2,2,0,0,0,1,0,2,0,2,0,0,0,0,1,0,0.181818181,"sa3011445"
"Stephen Scott","DET","AAA",28,21,58,64,8,6,0,1,1,7,6,4,0,19,2,0,0,0,2,0,0.137931034,"sa3011469"
"Ryan Jensen","MIN","AAA",27,21,0,0,0,0,0,0,0,0,0,0,0,0,0,0,0,0,0,0,0,"sa3011496"
"T.J. Schofield-Sam","OAK","A+,AA",24,72,279,318,91,64,18,4,5,49,41,14,1,61,23,2,0,7,2,0,0.326164874,"sa3011501"
"Ethan Hearn","CHC","AA",24,52,184,202,36,26,5,1,4,16,15,14,0,57,3,1,0,1,2,0,0.195652173,"sa3011502"
"Jake Snider","SDP","A+,AA",27,44,125,153,32,24,6,2,0,18,15,22,0,36,4,1,1,0,9,3,0.256,"sa3011559"
"Wuilfredo Antunez","CLE","A+",23,65,240,271,62,30,14,4,14,45,41,27,1,64,2,1,0,2,11,1,0.258333333,"sa3011578"
"Jean Perez","COL","A+",22,52,179,196,38,26,7,0,5,17,13,5,0,43,6,2,4,8,6,2,0.212290502,"sa3011632"
"Dasan Brown","TOR","AA",23,51,145,168,26,22,2,0,2,20,4,17,0,53,1,0,1,2,18,0,0.179310344,"sa3011717"
"Karson Simas","BOS","A+,AA,AAA",24,44,139,151,33,24,6,1,2,17,14,9,0,43,2,0,1,0,7,1,0.237410071,"sa3011739"
"Erick Brito","PHI","AA,AAA",23,47,135,158,34,26,7,1,0,17,17,17,0,37,2,0,4,1,7,3,0.251851851,"sa3011753"
"Shane Sasaki","MIA","AA",24,62,202,234,43,31,10,1,1,19,15,25,0,62,0,2,5,3,23,1,0.212871287,"sa3011754"
"Christopher Familia","NYY","AA",25,6,19,22,3,0,2,1,0,3,2,3,0,8,0,0,0,0,0,0,0.157894736,"sa3011776"
"Willy Vasquez","TBR","AA",23,44,156,165,40,30,6,2,2,14,15,7,0,32,2,0,0,4,6,3,0.256410256,"sa3011821"
"Jesus Bugarin","COL","A+",23,40,129,137,31,24,5,0,2,15,19,5,0,39,2,1,0,1,5,0,0.240310077,"sa3011857"
"Trei Cruz","DET","AA,AAA",26,70,267,328,74,41,23,3,7,58,35,54,1,67,4,3,0,3,9,4,0.277153558,"sa3014420"
"Hayden Cantrelle","CHC","AA,AAA",26,62,188,226,46,34,9,3,0,30,19,33,0,65,2,0,3,0,19,3,0.244680851,"sa3014426"
"Trevor Hauver","TEX","AAA,CPX",26,53,188,225,50,33,11,1,5,27,28,31,0,54,4,2,0,6,2,2,0.265957446,"sa3014448"
"Hudson Haskin","BAL","AA,AAA",26,41,108,128,22,16,4,1,1,13,17,15,0,34,4,0,1,4,4,3,0.203703703,"sa3014449"
"Petey Halpin","CLE","AAA",23,75,288,325,71,42,17,4,8,53,24,32,0,96,2,2,0,2,5,2,0.246527777,"sa3014461"
"Owen Caissie","CHC","AAA",22,71,266,312,75,35,20,2,18,54,41,43,0,94,3,0,0,0,3,2,0.281954887,"sa3014465"
"Carson Taylor","PHI","AAA",26,3,7,8,5,2,2,0,1,2,2,1,0,2,0,0,0,0,0,0,0.714285714,"sa3014468"
"Anthony Servideo","BAL","AA",26,68,215,248,31,20,9,1,1,18,14,28,0,76,0,0,5,1,8,3,0.144186046,"sa3014472"
"Aaron Sabato","MIN","A,AA,AAA",26,63,223,258,66,39,14,0,13,30,42,30,0,60,4,1,0,7,1,0,0.295964125,"sa3014494"
"Freddy Zamora","MIL","AAA",26,57,180,215,50,41,7,0,2,29,27,28,0,38,2,3,2,2,6,5,0.277777777,"sa3014500"
"Werner Blakely","LAA","A,CPX",23,17,43,54,4,3,1,0,0,4,3,9,0,19,1,1,0,1,1,1,0.093023255,"sa3014502"
"David Calabrese","LAA","A+,AA",22,59,183,209,35,20,8,1,6,23,15,19,0,53,2,2,3,2,9,4,0.19125683,"sa3014507"
"Austin Hendrick","CIN","AA",24,54,175,197,46,29,8,0,9,26,32,15,0,58,5,2,0,1,5,2,0.262857142,"sa3014521"
"A.J. Vukovich","ARI","AAA",23,59,229,250,51,27,9,2,13,34,45,17,0,90,2,2,0,4,0,2,0.222707423,"sa3014525"
"Jordan Nwogu","CHC","AA",26,61,191,219,50,45,3,2,0,24,19,14,0,47,11,3,0,3,16,6,0.261780104,"sa3014530"
"Blaze Jordan","BOS","AA,AAA",22,73,267,300,80,49,21,1,9,48,53,29,0,33,3,1,0,8,3,0,0.299625468,"sa3014537"
"Ed Howard","CHC","AA",23,11,35,42,5,4,1,0,0,4,2,6,0,19,0,0,1,1,2,1,0.142857142,"sa3014540"
"Milan Tolentino","CLE","AAA",23,74,241,278,55,30,9,2,14,39,38,30,0,100,2,3,2,0,14,2,0.228215767,"sa3014544"
"Zavier Warren","MIL","AA",26,80,278,327,69,47,10,2,10,39,52,39,0,82,3,6,0,6,10,1,0.248201438,"sa3014549"
"Juan Chacon","BOS","A+,AA",22,26,60,64,7,6,1,0,0,3,3,4,0,24,0,0,0,1,0,2,0.116666666,"sa3014676"
"Kevin Made","WSN","A,AA",22,43,138,156,40,34,5,0,1,11,22,11,0,23,4,3,0,4,4,2,0.289855072,"sa3014679"
"Roberto Campos","DET","AA",22,66,241,268,56,40,10,3,3,36,25,22,0,59,0,2,0,11,3,1,0.232365145,"sa3014683"
"Arol Vera","LAA","A+",22,51,162,185,32,19,8,1,4,15,15,20,1,42,3,0,0,5,2,0,0.197530864,"sa3014687"
"Adrian Placencia","LAA","A+",22,74,249,301,62,37,13,3,9,43,42,43,1,90,6,3,0,3,2,4,0.248995983,"sa3014688"
"Jose Salas","MIN","A,A+,AA",22,36,109,131,30,17,8,1,4,19,25,12,0,33,4,2,4,1,11,2,0.275229357,"sa3014690"
"Ian Lewis","MIA","A",22,34,103,123,22,13,4,1,4,24,17,18,0,26,2,0,0,4,10,5,0.213592233,"sa3014691"
"Hedbert Perez","MIL","A+",22,60,216,250,46,25,9,3,9,29,33,33,2,65,1,0,0,4,6,3,0.212962962,"sa3014692"
"Emmanuel Rodriguez","MIN","A,AAA,CPX",22,48,156,198,42,28,8,1,5,28,23,39,0,66,3,0,0,0,6,3,0.269230769,"sa3014693"
"Alex Ramirez","NYM","AA",22,54,171,191,38,29,7,0,2,23,14,19,0,50,1,0,0,3,22,6,0.222222222,"sa3014695"
"Reginald Preciado","CHC","A+",22,55,190,212,40,30,8,0,2,18,20,15,1,46,7,0,0,7,7,2,0.210526315,"sa3014702"
"Ismael Mena","CHC","CPX",22,12,32,37,5,4,1,0,0,3,3,4,0,6,0,1,0,0,1,0,0.15625,"sa3014703"
"Aeverson Arteaga","SFG","AA",22,80,253,275,49,35,9,1,4,20,21,18,0,82,1,1,1,4,4,1,0.193675889,"sa3014707"
"Esmerlin Vinicio","SFG","A+",22,17,0,0,0,0,0,0,0,0,0,0,0,0,0,0,0,0,0,0,0,"sa3014708"
"Jhon Diaz","TBR","A+",22,58,203,223,34,20,2,4,8,23,28,17,0,55,1,2,0,4,6,3,0.167487684,"sa3014710"
"Maximo Acosta","MIA","AAA",22,78,281,316,67,47,12,3,5,36,30,32,0,80,2,1,0,4,22,5,0.238434163,"sa3014711"
"Roismar Quintana","WSN","A",22,55,200,216,46,35,10,0,1,19,18,9,0,43,1,5,1,2,2,0,0.23,"sa3014718"
"Jack Blomgren","HOU","CPX",26,4,7,14,3,3,0,0,0,1,6,5,0,1,1,1,0,2,0,1,0.428571428,"sa3014825"
"Micah Pries","CLE","AAA",27,28,101,114,14,7,1,2,4,16,10,10,0,27,2,0,1,1,2,2,0.138613861,"sa3014830"
"Matt Koperniak","STL","AAA",27,64,261,284,55,40,8,2,5,34,26,19,0,57,3,1,0,4,5,2,0.210727969,"sa3014834"
"Sahid Valenzuela","OAK","A+,AA,AAA",27,60,197,218,49,41,6,0,2,28,19,19,0,34,2,0,0,3,4,2,0.248730964,"sa3014882"
"Bryson Horne","ATL","A+",26,48,170,189,29,19,5,0,5,18,19,15,2,56,1,3,0,3,2,1,0.170588235,"sa3014891"
"Kale Emshoff","KCR","AA,AAA",27,9,26,29,3,3,0,0,0,1,1,3,0,13,0,0,0,0,0,0,0.115384615,"sa3014934"
"Brett Auerbach","SFG","AAA",26,41,121,148,27,18,5,0,4,21,14,25,1,38,1,1,0,4,2,1,0.223140495,"sa3014941"
"Brady Lindsly","WSN","AAA",27,22,51,61,7,5,1,0,1,5,5,8,0,19,1,0,1,1,0,0,0.137254901,"sa3014942"
"Francisco Urbaez","CIN","AAA",27,70,259,295,80,51,22,5,2,41,31,27,1,30,3,5,0,3,2,3,0.308880308,"sa3014944"
"Paul Witt","WSN","AA,AAA",27,11,24,30,7,4,2,0,1,5,2,5,0,3,1,0,0,1,0,0,0.291666666,"sa3014949"
"Jacob Buchberger","STL","AA",27,6,20,24,6,4,1,0,1,4,8,4,0,5,0,0,0,0,1,0,0.3,"sa3014987"
"Nick Raposo","SEA","AA",27,48,164,190,40,29,7,1,3,19,20,22,0,40,2,1,0,5,1,0,0.243902439,"sa3015018"
"Jacob Wetzel","TOR","A+",25,12,39,48,6,4,1,0,1,5,3,9,0,11,0,0,0,1,1,0,0.153846153,"sa3015057"
"Victor Labrada","SEA","AA,AAA",25,75,272,327,82,60,14,1,7,47,34,43,0,53,5,2,2,1,32,10,0.301470588,"sa3015062"
"TT Bowens","BAL","A+,AA,AAA",27,45,148,161,36,16,10,1,9,19,31,12,0,53,1,0,0,1,0,0,0.243243243,"sa3015107"
"Yhoswar Garcia","MIL","A+",23,66,214,234,45,30,12,2,1,26,25,20,0,38,0,0,0,6,36,8,0.210280373,"sa3015117"
"Ethan Workinger","ATL","AA",23,70,256,286,58,33,13,0,12,34,44,26,0,59,2,1,0,7,5,2,0.2265625,"sa3015166"
"Deyvison De Los Santos","MIA","A,AAA,CPX",22,58,217,240,52,38,5,1,8,28,30,22,0,64,0,1,0,3,5,2,0.239631336,"sa3015168"
"Juan Corniel","ARI","A,AAA",22,49,153,178,37,27,9,1,0,25,19,18,0,45,1,2,4,4,7,7,0.241830065,"sa3015169"
"Junior Franco","ARI","A+",22,39,109,127,30,20,5,2,3,17,19,15,0,18,2,1,0,0,5,3,0.275229357,"sa3015170"
"Angel Ortiz","ARI","A+",22,71,266,300,66,47,10,3,6,31,37,27,0,58,1,6,0,5,2,2,0.2481203,"sa3015171"
"Yerlin Confidan","CIN","A+",22,74,279,323,64,45,13,3,3,40,34,40,0,89,3,1,0,4,9,5,0.229390681,"sa3015176"
"Wilfred Veras","CHW","AA",22,62,221,258,40,30,3,1,6,21,24,33,0,83,2,2,0,9,10,5,0.180995475,"sa3015178"
"Yeiner Fernandez","LAD","AA",22,55,215,242,61,48,11,0,2,24,25,17,1,25,7,2,0,8,2,2,0.28372093,"sa3015182"
"Yeral Martinez","MIA","A,CPX",22,35,121,135,20,14,4,0,2,11,17,12,0,53,2,0,0,0,4,0,0.165289256,"sa3015186"
"Junior Tilien","DET","A,CPX",22,15,51,57,11,6,4,0,1,5,8,6,0,15,0,0,0,0,0,0,0.215686274,"sa3015187"
"Vincent Perozo","NYM","A",22,45,145,170,36,28,5,2,1,20,19,17,0,34,7,0,0,2,3,3,0.248275862,"sa3015188"
"Adrian Sugastey","SFG","AA",22,59,208,225,47,32,7,0,8,18,29,12,0,29,0,2,3,6,1,2,0.225961538,"sa3015190"
"Jeremy Rivas","STL","AA",22,69,252,293,59,38,13,1,7,37,36,37,0,72,4,0,0,7,14,7,0.234126984,"sa3015193"
"Angel Del Rosario","MIN","A",22,62,164,189,36,29,3,3,1,28,15,16,0,49,4,0,4,2,30,5,0.219512195,"sa3015195"
"Solomon Maguire","PIT","A",22,17,42,51,2,2,0,0,0,6,1,8,0,19,0,0,1,0,1,1,0.047619047,"sa3015198"
"Kala'i Rosario","MIN","AA",22,75,286,335,72,41,18,3,10,46,50,44,0,96,3,2,0,4,18,4,0.251748251,"sa3015199"
"Jose Fernandez","ARI","AA",21,71,273,297,70,45,17,2,6,36,42,19,0,58,2,2,1,1,7,3,0.256410256,"sa3015204"
"Andruw Salcedo","SEA","CPX",22,23,69,82,9,7,2,0,0,4,2,11,0,25,1,0,1,0,1,0,0.130434782,"sa3015231"
"Luis Durango","NYY","A+,CPX",22,30,72,78,17,17,0,0,0,12,2,3,0,18,2,0,0,2,5,6,0.236111111,"sa3015232"
"Ricardo Olivar","MIN","AA",23,62,244,282,67,48,9,0,10,40,43,33,0,43,2,3,0,8,9,2,0.274590163,"sa3015234"
"Jean Walters","ARI","A+,AA",23,43,110,129,23,20,3,0,0,13,7,17,0,26,0,0,2,3,1,1,0.209090909,"sa3015236"
"Jose Devers","CLE","A+",22,74,302,321,66,32,22,2,10,41,34,16,0,100,2,1,0,11,11,3,0.218543046,"sa3015292"
"Miguel Ugueto","STL","A+,AA",22,25,94,100,28,19,6,1,2,11,14,1,0,7,2,3,0,4,3,3,0.29787234,"sa3015293"
"Juan Montero","BOS","A+,AA",23,15,47,55,7,6,1,0,0,5,4,7,0,21,1,0,0,1,0,0,0.14893617,"sa3015314"
"Blayberg Diaz","MIL","A,A+",22,41,141,153,33,29,4,0,0,20,11,9,0,31,3,0,0,4,0,1,0.234042553,"sa3015352"
"Jheremy Vargas","MIL","A+,AA",22,53,168,188,35,32,3,0,0,16,14,16,0,42,2,2,0,2,9,5,0.208333333,"sa3015353"
"Diego Guzman","KCR","A+",21,37,110,128,26,21,5,0,0,14,10,11,0,44,1,2,4,2,5,4,0.236363636,"sa3015365"
"Jeferson Quero","MIL","AAA,CPX",22,33,120,139,34,22,7,0,5,20,24,17,0,17,2,0,0,4,0,0,0.283333333,"sa3015407"
"Roque Gutierrez","LAD","A+",22,11,1,1,0,0,0,0,0,0,0,0,0,1,0,0,0,0,0,0,0,"sa3015440"
"Yiddi Cappe","MIA","A+,CPX",22,44,175,195,50,37,7,0,6,30,26,18,0,38,0,2,0,2,23,5,0.285714285,"sa3015515"
"Diosfran Cabeza","ARI","A",22,23,68,78,16,13,2,0,1,14,9,8,0,17,1,0,1,2,2,2,0.235294117,"sa3015517"
"Jhostynxon Garcia","BOS","AA,AAA",22,71,264,306,72,46,11,3,12,45,42,36,0,72,2,4,0,9,4,1,0.272727272,"sa3015523"
"Ronald Rosario","BOS","AA",22,59,215,240,41,32,6,0,3,15,30,18,0,52,3,3,1,8,4,3,0.190697674,"sa3015525"
"Johnny Ascanio","CIN","A+,AA",21,55,157,197,37,27,6,1,3,20,17,29,0,29,6,1,4,3,2,3,0.235668789,"sa3015526"
"Iverson Espinoza","CIN","A,A+",22,44,100,128,19,15,3,0,1,23,15,16,0,30,4,2,5,2,3,0,0.19,"sa3015528"
"Maick Collado","CLE","A+",22,49,165,183,41,30,8,0,3,17,21,14,0,32,1,3,0,3,2,1,0.248484848,"sa3015534"
"Esteban Gonzalez","CLE","A+",22,67,236,259,65,41,15,2,7,33,30,15,0,63,5,3,0,0,12,5,0.275423728,"sa3015535"
"Kevin Rivas","CLE","A+,AA",22,29,66,82,7,5,1,0,1,5,6,13,0,38,1,2,0,0,2,0,0.106060606,"sa3015539"
"Juan Castillo","COL","A",22,41,128,142,21,19,2,0,0,7,9,11,0,36,1,1,1,5,1,1,0.1640625,"sa3015541"
"Adrian Pinto","TOR","A+",22,19,74,85,21,11,3,0,7,18,9,8,0,14,3,0,0,4,3,1,0.283783783,"sa3015542"
"Fernando Caldera","HOU","A+,AAA,CPX",22,16,34,39,7,4,2,1,0,6,3,4,0,16,1,0,0,0,0,0,0.205882352,"sa3015547"
"Luis Encarnacion","HOU","A+,AA",22,53,175,194,30,22,5,0,3,14,17,13,0,53,4,2,0,2,3,0,0.171428571,"sa3015548"
"Aldrin Lucas","KCR","A,CPX",22,20,53,65,16,15,0,0,1,9,5,11,0,12,0,1,0,1,0,0,0.301886792,"sa3015554"
"Jose Meza","LAD","A",22,73,253,333,50,37,6,2,5,45,43,62,0,75,13,5,0,5,22,7,0.197628458,"sa3015558"
"Brenny Escanio","NYY","A+",22,58,186,222,40,31,5,1,3,31,18,33,0,65,1,0,1,5,9,4,0.215053763,"sa3015565"
"Miguel Briceno","MIN","A",21,59,168,192,35,26,7,0,2,11,21,18,0,33,1,5,0,4,10,2,0.208333333,"sa3015566"
"Jefrey De Los Santos","NYM","A+",22,42,133,150,24,15,3,2,4,17,15,14,1,45,2,1,0,1,4,1,0.180451127,"sa3015574"
"Jared Serna","MIA","AA",23,63,237,271,51,46,2,2,1,30,12,31,1,46,0,3,0,6,11,8,0.215189873,"sa3015579"
"Carlos Franco","OAK","A",22,45,177,190,46,35,7,1,3,18,31,10,0,33,2,1,0,8,1,0,0.259887005,"sa3015580"
"Fernando Hernandez","PHI","DSL",22,1,0,0,0,0,0,0,0,0,0,0,0,0,0,0,0,0,0,0,0,"sa3015582"
"Diego Gonzalez","PHI","A",22,41,129,154,22,21,0,0,1,16,11,19,0,40,3,3,0,3,1,1,0.170542635,"sa3015583"
"Jesus Castillo","PIT","A+",21,62,217,240,56,49,5,0,2,27,19,18,0,64,5,0,0,7,8,9,0.258064516,"sa3015587"
"Javier Rivas","PIT","A+",22,74,278,306,79,49,12,1,17,47,59,17,0,70,8,2,1,12,3,1,0.284172661,"sa3015589"
"Jeral Toledo","PIT","A",22,34,92,110,19,15,3,0,1,8,4,13,0,28,2,0,3,3,2,1,0.206521739,"sa3015590"
"Enmanuel Terrero","PIT","A+",22,31,90,105,18,13,1,0,4,13,16,8,0,36,2,2,3,0,8,1,0.2,"sa3015591"
"Oswaldo Linares","SDP","A+",22,27,82,99,17,11,4,1,1,12,11,10,0,27,3,2,1,4,1,0,0.207317073,"sa3015593"
"Carlos Rodriguez","SDP","A,CPX",22,21,64,79,20,15,3,1,1,10,8,14,0,17,0,0,1,0,1,0,0.3125,"sa3015594"
"Jose Sanabria","SDP","A+,CPX",22,45,152,170,34,25,5,3,1,13,18,17,0,47,0,0,1,7,4,2,0.22368421,"sa3015595"
"George Feliz","SEA","A,CPX",22,46,170,198,52,30,10,4,8,34,31,24,0,46,2,2,0,3,2,0,0.305882352,"sa3015596"
"Carlos Jimenez","SEA","A",22,77,306,357,81,52,15,3,11,51,52,42,0,83,6,3,0,1,18,11,0.264705882,"sa3015599"
"Axel Sanchez","SEA","A+,AA",22,35,100,122,22,11,6,0,5,17,23,16,0,31,3,2,1,0,1,4,0.22,"sa3015601"
"Carlos Rojas","LAD","A+",22,49,155,176,29,23,5,0,1,10,19,12,0,20,2,4,3,6,0,0,0.187096774,"sa3015607"
"Onil Perez","SFG","A+,AA",22,40,129,159,39,31,5,1,2,23,21,27,0,22,3,0,0,2,6,3,0.302325581,"sa3015610"
"Lizandro Espinoza","ATL","A+",22,73,292,324,59,37,12,1,9,39,30,25,0,96,2,4,1,4,18,11,0.202054794,"sa3015611"
"Elian Rayo","SFG","A",22,35,125,146,29,20,7,0,2,17,20,12,0,37,2,6,1,2,0,1,0.232,"sa3015612"
"Jose Cordoba","STL","A,CPX",22,23,79,90,15,7,6,1,1,18,10,10,0,16,0,1,0,4,0,1,0.189873417,"sa3015614"
"Christian Cerda","ARI","AA",22,64,227,268,51,30,10,0,11,24,35,33,0,48,1,4,3,7,1,0,0.224669603,"sa3015623"
"Miguel Villarroel","STL","A+",23,66,248,272,63,50,9,2,2,40,25,19,0,66,1,2,1,6,22,4,0.254032258,"sa3015631"
"Victor Arias","TOR","A+",21,62,264,298,77,53,14,5,5,46,34,31,0,62,3,0,0,4,12,4,0.291666666,"sa3015636"
"Alexis Hernandez","TOR","A,CPX",22,45,145,170,35,24,8,0,3,19,18,22,0,39,3,0,0,2,10,3,0.24137931,"sa3015642"
"Johnfrank Salazar","STL","A,A+,CPX",21,51,177,194,41,30,9,0,2,21,27,13,0,24,2,2,0,6,10,1,0.231638418,"sa3015643"
"Luis Mendez","COL","A,CPX",22,39,122,142,28,19,6,3,0,20,16,17,1,27,0,2,1,3,7,2,0.229508196,"sa3015650"
"Newremberg Rondon","DET","CPX",21,22,65,69,11,10,1,0,0,5,4,3,0,16,0,1,0,1,0,1,0.169230769,"sa3015653"
"Manuel Palencia","NYY","A+,CPX",22,36,135,149,39,29,8,1,1,20,17,12,0,24,2,0,0,5,1,1,0.288888888,"sa3015659"
"Omar Alfonzo","PIT","A+,AA",21,74,255,307,67,44,10,0,13,44,38,46,2,81,5,0,1,0,2,0,0.262745098,"sa3015665"
"Kelvin Diaz","WSN","A,CPX",22,41,102,124,19,13,4,1,1,16,4,19,0,44,0,1,2,2,9,3,0.186274509,"sa3015670"
"Beycker Barroso","TEX","A",22,43,137,176,29,21,8,0,0,18,12,16,0,30,16,2,4,4,8,3,0.211678832,"sa3015672"
"Kevin Villavicencio","NYM","A,A+",21,57,196,226,46,30,11,2,3,27,24,21,0,35,4,3,1,5,12,7,0.234693877,"sa3015673"
"Francisco Garcia","COL","A",22,38,128,138,20,14,3,1,2,14,12,7,0,40,1,0,2,1,4,1,0.15625,"sa3015677"
"Joel Mendez","PIT","A",22,51,164,185,37,24,8,3,2,21,21,16,0,67,2,3,0,4,2,0,0.225609756,"sa3015682"
"Anderson Suriel","CHC","A",22,28,98,109,13,7,6,0,0,11,2,7,0,31,4,0,0,4,2,1,0.132653061,"sa3015683"
"Dilan Granadillo","CHC","A",24,22,68,77,10,8,2,0,0,4,2,6,0,30,2,1,0,0,0,0,0.147058823,"sa3015686"
"Felix Reyes","PHI","AA",24,47,166,179,51,28,12,3,8,27,22,8,0,30,2,3,0,7,6,0,0.307228915,"sa3015688"
"Nomar Fana","DET","A,CPX",22,58,181,217,28,20,3,1,4,21,21,31,0,72,2,3,0,2,11,2,0.154696132,"sa3015691"
"Arxy Hernandez","CHW","A+",21,67,263,279,54,40,7,3,4,24,16,10,0,77,5,1,0,8,2,0,0.205323193,"sa3015693"
"Wilman Diaz","LAD","A+",21,41,115,137,23,16,4,1,2,18,12,17,0,39,2,2,1,2,6,1,0.2,"sa3015694"
"Armando Cruz","WSN","A+",21,59,196,216,39,30,5,3,1,15,15,12,0,51,1,0,7,3,3,3,0.198979591,"sa3015695"
"Cristian Hernandez","CHC","A+",21,71,281,319,75,49,19,2,5,36,38,29,0,65,1,5,0,9,31,8,0.266903914,"sa3015696"
"Cristian Santana","DET","A",21,53,167,212,34,19,4,0,11,33,29,37,1,57,7,1,0,3,6,1,0.203592814,"sa3015697"
"Danny De Andrade","MIN","A+",21,74,261,299,62,31,17,6,8,37,43,27,0,71,11,0,0,6,14,4,0.237547892,"sa3015698"
"Shalin Polanco","PIT","A+",21,61,199,230,43,25,4,4,10,27,29,24,0,58,2,2,3,2,6,5,0.216080402,"sa3015699"
"Rickardo Perez","PHI","CPX",21,19,64,69,15,11,3,1,0,4,8,4,0,12,0,1,0,2,0,1,0.234375,"sa3015701"
"Pedro Pineda","OAK","A,CPX",21,45,153,183,41,24,4,3,10,31,34,26,0,52,3,1,0,1,1,1,0.267973856,"sa3015703"
"Victor Acosta","CIN","A+",21,72,272,324,64,51,10,2,1,40,27,30,0,60,14,2,6,0,11,3,0.235294117,"sa3015705"
"Angel Genao","CLE","AA,CPX",21,34,126,144,37,26,6,1,4,24,19,17,0,21,0,1,0,3,3,1,0.293650793,"sa3015706"
"Ariel Almonte","CIN","A+",21,63,228,255,42,22,13,2,5,23,22,25,0,90,1,1,0,3,2,1,0.184210526,"sa3015708"
"Abel Bastidas","DET","A,A+",21,40,127,139,29,25,3,1,0,15,14,10,0,40,1,1,0,2,1,1,0.228346456,"sa3015709"
"Manuel Beltre","TOR","A",21,66,244,280,59,43,12,1,3,40,24,33,0,41,2,1,0,7,17,5,0.241803278,"sa3015710"
"Denzer Guzman","LAA","AA",21,75,271,312,60,33,17,1,9,31,41,36,0,75,4,1,0,7,7,3,0.221402214,"sa3015711"
"Maikol Hernandez","BAL","A",21,66,203,256,35,25,7,1,2,19,20,40,0,74,4,4,5,3,5,3,0.172413793,"sa3015712"
"Jefferson Pena","ARI","CPX",21,19,63,77,12,11,1,0,0,14,5,12,0,23,1,0,1,2,6,0,0.19047619,"sa3015714"
"Manuel Pena","ARI","AA",21,54,212,230,59,37,12,3,7,29,25,13,0,57,1,4,0,3,1,0,0.278301886,"sa3015715"
"Samuel Basallo","BAL","AAA",20,58,194,237,51,25,9,0,17,38,42,37,2,51,3,3,0,6,0,0,0.262886597,"sa3015716"
"Samuel Zavala","CHW","A+",20,72,239,277,56,39,9,2,6,36,30,33,0,73,2,2,1,3,6,5,0.234309623,"sa3015718"
"Malvin Valdez","CIN","A",21,62,180,212,38,33,3,0,2,27,14,25,0,56,4,1,2,5,8,4,0.211111111,"sa3015719"
"Yeison Morrobel","TEX","A+,CPX",21,45,168,184,35,24,7,0,4,14,19,15,0,32,1,0,0,5,1,1,0.208333333,"sa3015720"
"Daniel Montesino","SDP","A",21,3,12,12,1,0,1,0,0,0,0,0,0,8,0,0,0,0,0,0,0.083333333,"sa3015721"
"Starlin Aguilar","SEA","A",21,26,81,87,13,9,4,0,0,6,7,4,0,35,1,1,0,0,0,0,0.160493827,"sa3015722"
"Gabriel Gonzalez","MIN","A+,AA",21,73,289,335,100,65,26,3,6,52,36,34,0,37,7,4,0,12,6,0,0.346020761,"sa3015723"
"Danyer Cueva","TEX","A+",21,34,113,123,28,21,6,0,1,15,9,6,0,25,1,2,1,1,5,0,0.24778761,"sa3015725"
"Hendry Mendez","PHI","AA",21,72,253,297,72,50,13,3,6,36,38,33,0,37,3,7,1,2,5,1,0.28458498,"sa3015727"
"Javier Francisco","SFG","CPX",22,13,44,49,9,6,2,0,1,4,8,3,0,15,2,0,0,1,0,0,0.204545454,"sa3015729"
"Leonel Espinoza","CHC","A",22,77,302,335,83,64,13,1,5,49,43,28,1,74,4,1,0,6,14,8,0.274834437,"sa3015735"
"Jesus Hernandez","MIA","A,A+,AA",21,53,178,210,44,24,12,4,4,30,29,26,0,49,5,0,0,1,13,0,0.247191011,"sa3015736"
"Kevin Guerrero","BAL","A",21,63,209,240,47,36,8,1,2,24,25,27,0,71,1,1,2,1,6,9,0.224880382,"sa3015737"
"Ronald Hernandez","NYM","A+",21,62,211,239,48,34,8,1,5,27,39,22,0,55,3,3,0,3,16,1,0.227488151,"sa3015738"
"Yasmil Bucce","BAL","A",20,69,239,297,65,42,13,2,8,41,44,53,1,67,4,1,0,7,2,1,0.271966527,"sa3015739"
"Aneudis Mordan","BAL","A+",21,58,174,201,35,23,9,0,3,20,17,18,0,55,2,1,6,4,1,2,0.201149425,"sa3015741"
"Angel Tejada","BAL","A+",21,39,103,114,17,14,2,0,1,15,7,9,0,26,1,0,0,3,11,1,0.165048543,"sa3015744"
"Anderson De Los Santos","BAL","A+",21,66,195,233,42,27,8,2,5,20,25,32,0,60,4,0,2,2,11,1,0.215384615,"sa3015747"
"Ramon Peralta","SFG","CPX",21,41,131,162,34,22,8,2,2,24,23,24,0,47,4,3,0,1,5,2,0.259541984,"sa3015752"
"Diego Villegas","SFG","DSL",21,9,25,31,7,5,2,0,0,6,4,5,0,4,1,0,0,1,0,0,0.28,"sa3015757"
"Enmanuel Ramirez","WSN","A,CPX",21,22,69,81,19,13,3,2,1,9,14,10,0,11,1,1,0,5,4,2,0.275362318,"sa3015763"
"Anderson Machado","OAK","CPX",21,11,25,27,2,1,1,0,0,1,0,1,0,12,1,0,0,1,0,0,0.08,"sa3015765"
"Esmerlyn Valdez","PIT","A+,AA",21,78,298,337,88,48,19,1,20,47,58,33,0,81,6,0,0,5,2,1,0.295302013,"sa3015768"
"Leonardo Bernal","STL","AA",21,61,228,259,64,41,12,0,11,40,44,27,0,40,0,3,1,4,7,3,0.280701754,"sa3015773"
"Yancel Guerrero","STL","CPX",21,38,119,138,25,18,5,0,2,15,15,10,0,42,7,1,1,0,14,4,0.210084033,"sa3015774"
"Romtres Cabrera","STL","A,CPX",21,20,54,66,8,6,2,0,0,8,6,10,0,23,1,1,0,0,7,0,0.148148148,"sa3015775"
"Yamal Encarnacion","HOU","CPX",21,4,12,16,2,2,0,0,0,3,0,4,0,3,0,0,0,1,2,1,0.166666666,"sa3015781"
"Carlos Gutierrez","CLE","A,CPX",21,21,67,80,14,10,4,0,0,13,6,12,0,15,1,0,0,0,3,3,0.208955223,"sa3015783"
"Christopher Espinola","CLE","A",21,36,121,146,22,15,6,1,0,17,14,20,0,28,2,3,0,2,7,0,0.181818181,"sa3015786"
"Roger Lasso","LAD","A,CPX",21,42,157,180,36,28,8,0,0,18,18,14,0,45,6,2,0,1,0,0,0.229299363,"sa3015789"
"Thayron Liranzo","DET","AA",21,55,200,244,46,29,8,0,9,35,32,40,0,67,1,2,0,3,0,0,0.23,"sa3015790"
"Luis Ariza","TBR","CPX",21,12,32,41,6,5,1,0,0,3,4,6,0,9,3,0,0,0,0,0,0.1875,"sa3015791"
"Yhoangel Aponte","TOR","A",21,61,224,247,45,26,12,1,6,24,32,17,0,81,3,3,0,8,3,3,0.200892857,"sa3015792"
"Yeuni Munoz","TOR","A,CPX",21,17,65,74,21,10,6,0,5,13,19,7,0,21,2,0,0,4,2,0,0.323076923,"sa3015795"
"Leo Balcazar","CIN","A+",21,75,305,343,80,53,17,1,9,40,37,29,0,51,5,3,1,6,4,0,0.262295081,"sa3015798"
"Gregory Barrios","TBR","AA,CPX",21,39,132,144,34,28,6,0,0,21,17,8,0,17,3,1,0,3,16,3,0.257575757,"sa3015800"
"Luis Castillo","MIL","A+",21,7,23,28,2,0,2,0,0,0,2,5,0,9,0,0,0,0,0,0,0.086956521,"sa3015801"
"Jadher Areinamo","MIL","A+",21,80,304,351,91,60,20,2,9,44,46,34,1,43,3,9,0,11,10,7,0.299342105,"sa3015802"
"Samuel Escudero","PIT","CPX",21,20,49,60,10,8,1,0,1,4,8,9,0,12,1,1,0,1,0,0,0.204081632,"sa3015807"
"Gleider Figuereo","TEX","A+",21,73,264,293,56,39,3,0,14,31,43,23,2,91,2,4,0,3,4,2,0.212121212,"sa3015813"
"Alexander Benua","ARI","A,CPX",21,50,151,172,31,23,5,1,2,22,12,13,0,47,4,1,2,1,3,1,0.205298013,"sa3015817"
"Anderdson Rojas","ARI","A+",21,73,253,297,63,48,12,3,0,40,25,33,0,39,0,4,7,5,14,6,0.249011857,"sa3015818"
"Yohairo Cuevas","NYM","A",21,50,150,199,41,31,8,0,2,33,9,42,2,37,6,1,0,3,9,1,0.273333333,"sa3015826"
"Hector Rodriguez","CIN","AA",21,77,290,323,87,57,15,3,12,55,42,28,0,44,2,3,0,4,6,5,0.3,"sa3015828"
"Pedro Ramirez","CHC","AA",21,80,308,349,90,69,12,3,6,46,51,32,0,53,3,6,0,7,21,5,0.292207792,"sa3015834"
"Bryant Betancourt","COL","AA",21,58,192,220,40,29,4,0,7,22,28,23,0,48,1,4,0,4,2,0,0.208333333,"sa3015846"
"Felix Tena","COL","A",21,44,150,171,25,20,3,1,1,13,15,14,0,33,3,3,1,6,6,2,0.166666666,"sa3015847"
"Derlin Figueroa","KCR","A,A+",21,74,270,314,71,51,13,3,4,40,34,35,2,49,2,4,2,3,14,3,0.262962962,"sa3015851"
"Andy Perez","COL","A,A+",21,79,311,335,75,54,11,2,8,41,45,16,0,69,3,3,2,7,13,1,0.241157556,"sa3015857"
"Kenny Castillo","ARI","A+,CPX",21,41,149,162,30,17,12,0,1,10,23,7,0,34,1,5,0,6,0,0,0.201342281,"sa3015863"
"Adrian De Leon","ARI","A",21,59,185,229,33,20,10,0,3,19,28,31,1,70,5,6,2,7,2,1,0.178378378,"sa3015864"
"Gabriel Silva","KCR","A",21,20,54,59,10,4,2,0,4,7,8,2,0,25,2,0,1,0,0,0,0.185185185,"sa3015865"
"Luis Pino","STL","A",21,66,238,281,51,30,12,2,7,28,30,34,2,91,8,1,0,2,6,2,0.214285714,"sa3015866"
"Willy Montero","NYY","A,CPX",20,11,38,39,9,7,1,1,0,3,3,1,0,6,0,0,0,1,1,0,0.236842105,"sa3015869"
"Edgar Alfonso","LAA","A,CPX",21,19,40,50,13,12,1,0,0,7,2,6,0,10,3,0,1,0,1,2,0.325,"sa3015870"
"Jorge Ruiz","LAA","A",21,72,275,321,77,56,16,4,1,43,27,31,0,59,6,2,7,2,8,4,0.28,"sa3015873"
"Luis Valdez","BAL","A+,AA",25,46,105,115,19,16,1,2,0,14,8,4,0,40,1,1,4,0,13,3,0.18095238,"sa3016076"
"Allan Castro","BOS","AA",22,47,169,193,50,35,8,1,6,20,24,23,0,40,0,1,0,6,5,3,0.295857988,"sa3016084"
"Lizandro Rodriguez","TOR","A",22,29,78,92,16,10,4,1,1,13,3,13,0,19,1,0,0,2,7,3,0.205128205,"sa3016094"
"Johan Macias","LAA","A",22,77,280,322,70,51,13,5,1,44,36,26,0,55,4,2,10,3,8,2,0.25,"sa3016095"
"Yeremi Villahermosa","LAA","CPX",22,8,17,24,2,2,0,0,0,1,1,5,0,9,1,1,0,0,0,1,0.117647058,"sa3016096"
"Cesar Quintas","SEA","A",22,49,159,200,41,28,9,2,2,30,27,22,0,47,18,1,0,2,9,4,0.257861635,"sa3016109"
"Maikel Hernandez","STL","A",22,11,31,36,3,1,1,0,1,2,6,4,0,6,0,0,1,3,0,0,0.096774193,"sa3016113"
"Kelvin Diaz","BOS","A,A+",22,40,119,135,20,12,4,0,4,18,17,13,0,37,1,1,0,0,10,4,0.168067226,"sa3016122"
"Daniel Vazquez","KCR","A+,CPX",21,66,254,294,72,50,16,4,2,43,28,36,1,60,1,2,1,8,18,6,0.283464566,"sa3016143"
"Diego Velasquez","SFG","AA",21,76,280,331,76,62,12,1,1,34,19,43,1,50,3,2,3,5,13,1,0.271428571,"sa3016144"
"Enderso Lira","BOS","AA",21,4,10,12,1,0,0,0,1,1,2,2,0,2,0,0,0,0,0,0,0.1,"sa3016145"
"Bryant Mendez","SEA","CPX",21,35,104,127,25,20,3,2,0,21,17,20,0,33,2,1,0,2,10,1,0.240384615,"sa3016148"
"Eddy Rodriguez","PIT","A",21,62,205,241,44,25,10,2,7,27,23,28,0,73,3,2,2,3,6,2,0.214634146,"sa3016154"
"Jose Suarez","STL","A",20,50,197,211,47,38,7,1,1,29,14,10,0,62,3,1,0,4,11,3,0.23857868,"sa3016156"
"Anyelo Encarnacion","STL","A",21,68,224,271,47,30,9,3,5,31,29,42,0,84,4,0,1,3,13,4,0.209821428,"sa3016157"
"Carlos Avila","LAD","AA,CPX",21,20,42,53,12,10,2,0,0,7,7,7,1,10,2,2,0,2,0,0,0.285714285,"sa3016161"
"Jose Perez","TBR","A",21,42,112,142,18,13,3,1,1,13,10,26,0,15,3,0,1,4,1,0,0.160714285,"sa3016162"
"Jose Serrano","CIN","A+,CPX",21,13,39,42,7,6,1,0,0,3,0,3,0,19,0,0,0,1,0,0,0.179487179,"sa3016165"
"Karim Ayubi","BOS","A",21,42,134,152,27,19,6,2,0,20,8,14,0,58,4,0,0,0,1,3,0.201492537,"sa3016170"
"Luis Ravelo","BOS","AA",21,31,99,108,16,12,3,0,1,9,10,8,0,40,0,1,0,3,0,0,0.161616161,"sa3016171"
"Ahbram Liendo","BOS","AA",21,70,234,261,52,39,10,1,2,33,14,23,0,67,1,2,1,2,22,4,0.222222222,"sa3016173"
"Ricardo Cova","SEA","A",21,66,267,295,71,50,17,1,3,43,40,14,0,57,8,6,0,7,18,5,0.265917602,"sa3016186"
"Juan Cruz","SEA","CPX",21,20,44,49,7,4,2,0,1,9,9,2,0,12,1,2,0,0,3,0,0.159090909,"sa3016194"
"Alejandro Loaiza","STL","CPX",21,12,34,38,9,5,3,0,1,4,6,4,0,10,0,0,0,0,0,0,0.264705882,"sa3016195"
"Diego Viloria","BOS","A",22,7,3,3,1,1,0,0,0,0,0,0,0,0,0,0,0,0,0,0,0.333333333,"sa3016299"
"Isaias Dipre","PHI","CPX",22,37,89,103,22,10,10,0,2,12,10,10,0,22,2,2,0,0,2,0,0.247191011,"sa3016314"
"Hans Montero","NYY","A",21,59,203,233,51,35,8,0,8,32,32,24,0,75,4,1,1,4,15,4,0.251231527,"sa3016321"
"Javier Pariguan","OAK","CPX",21,9,11,15,2,1,0,0,1,4,1,2,0,4,2,0,0,0,0,0,0.181818181,"sa3016324"
"David Leon","CLE","AAA,CPX",21,20,39,53,6,5,0,0,1,7,2,13,0,17,0,0,1,1,1,0,0.153846153,"sa3016336"
"Carlos Linarez","STL","AA",23,32,110,122,28,22,2,1,3,16,16,10,0,50,0,1,1,1,0,2,0.254545454,"sa3016346"
"Jose Ramos","SFG","A,A+,AAA",22,38,106,135,26,19,5,1,1,26,8,27,0,30,2,0,0,0,16,2,0.245283018,"sa3016541"
"Jose Astudillo","SFG","CPX,DSL",21,22,73,85,28,25,2,0,1,20,9,8,0,8,3,1,0,1,3,6,0.383561643,"sa3016548"
"Edgardo Ordonez","MIL","A",21,15,42,52,6,3,2,0,1,5,7,9,0,17,0,1,0,0,0,0,0.142857142,"sa3016553"
"Edinson Duran","NYY","AAA",22,3,4,5,0,0,0,0,0,0,0,0,0,2,0,0,1,0,0,0,0,"sa3016561"
"Moises Alcala","ARI","CPX",22,1,2,2,0,0,0,0,0,1,0,0,0,0,0,0,0,0,0,0,0,"sa3016628"
"Albertson Asigen","CHW","CPX",23,33,85,111,25,14,6,3,2,23,12,22,0,30,3,1,0,2,10,4,0.294117647,"sa3016639"
"Robert Lopez","CLE","A",21,34,117,141,26,17,8,0,1,15,19,21,0,28,2,1,0,2,1,1,0.222222222,"sa3016641"
"Elio Campos","ATL","A,CPX",21,17,60,64,14,13,1,0,0,10,4,3,0,9,0,1,0,2,6,0,0.233333333,"sa3016645"
"Luis Suisbel","SEA","A+",22,68,256,299,63,37,11,1,14,38,43,33,0,74,7,3,0,5,4,0,0.24609375,"sa3016717"
"Edward Duran","TOR","A",21,63,241,279,69,48,11,5,5,39,34,26,0,60,9,3,0,2,5,3,0.286307053,"sa3016719"
"Rayne Doncon","MIN","A,A+",21,24,86,97,18,11,2,1,4,12,11,10,0,24,0,1,0,2,2,0,0.209302325,"sa3016720"
"Carlos Jorge","CIN","A+",21,68,249,295,60,45,8,2,5,41,23,42,0,59,2,0,2,2,24,2,0.240963855,"sa3016722"
"Frederick Bencosme","BAL","AA",22,46,164,187,32,19,7,0,6,19,15,16,0,31,1,1,5,2,3,2,0.195121951,"sa3016779"
"Spencer Packard","SEA","AAA",27,72,246,299,66,44,15,0,7,38,40,44,1,41,8,1,0,9,0,0,0.268292682,"sa3016803"
"Tanner Murray","TBR","AAA",25,79,315,344,73,46,19,0,8,42,37,26,0,85,2,1,0,6,2,2,0.231746031,"sa3016805"
"Colin Davis","SEA","A+,AAA",26,33,94,109,20,14,3,0,3,14,9,12,0,24,2,0,1,1,5,0,0.212765957,"sa3016806"
"Konner Piotto","TEX","AAA",27,26,69,84,13,12,1,0,0,7,3,12,0,28,2,0,1,0,2,0,0.188405797,"sa3016810"
"Marcos Castanon","SDP","AA",26,71,259,284,68,42,18,0,8,25,36,19,0,67,3,3,0,13,1,3,0.262548262,"sa3016818"
"Max Ferguson","BOS","AA",25,67,226,265,42,32,4,1,5,32,16,34,1,56,3,1,1,1,20,2,0.185840707,"sa3016819"
"Luis Marinez","OAK","CPX",23,9,16,19,3,1,1,0,1,2,4,3,0,10,0,0,0,0,0,0,0.1875,"sa3016821"
"Diego Omana","CIN","A,A+",22,28,87,97,15,11,3,0,1,8,10,6,0,35,1,1,2,1,0,0,0.172413793,"sa3016824"
"Diego Mosquera","NYM","A+",21,30,94,111,22,19,3,0,0,10,7,13,0,20,3,0,1,1,3,2,0.234042553,"sa3016825"
"Raylin Heredia","PHI","A+,CPX",21,30,101,110,32,23,5,1,3,18,20,6,0,20,1,1,0,3,2,0,0.316831683,"sa3016826"
"Colton Bender","PHI","AA",26,1,3,3,0,0,0,0,0,0,0,0,0,1,0,0,0,0,0,0,0,"sa3016828"
"Miguel Bleis","BOS","A+",21,63,237,269,56,32,11,1,12,44,40,29,0,65,2,1,0,0,18,3,0.236286919,"sa3016834"
"Raudelis Martinez","TBR","A+",23,49,153,190,41,32,6,0,3,18,22,28,0,26,2,1,6,2,2,0,0.267973856,"sa3016835"
"Zach Humphreys","LAA","AAA",27,36,114,131,24,14,9,0,1,9,24,11,0,34,2,3,1,4,1,0,0.210526315,"sa3016853"
"Myles Emmerson","LAA","AA",27,51,165,187,38,22,10,1,5,20,18,18,0,38,2,1,1,7,0,2,0.23030303,"sa3016862"
"Tyler McDonough","BOS","AAA",26,41,139,156,34,27,4,0,3,12,13,14,0,41,2,1,0,3,4,3,0.244604316,"sa3016869"
"Jefferson Valladares","MIN","A",23,44,140,155,25,11,9,0,5,14,23,5,0,45,7,3,0,5,4,1,0.178571428,"sa3016918"
"Mike Antico","STL","AAA",27,57,173,206,52,36,12,0,4,29,35,25,0,46,2,5,1,2,13,1,0.300578034,"sa3016922"
"Luis Caicuto","PHI","A+,AA",22,27,78,90,22,19,3,0,0,10,8,5,0,17,4,0,1,2,1,0,0.282051282,"sa3016923"
"Abimelec Ortiz","TEX","AA",23,71,269,313,58,36,12,0,10,39,40,39,0,78,5,0,0,5,3,1,0.215613382,"sa3016926"
"Ben Ramirez","SEA","AA",26,35,122,128,23,13,8,1,1,14,14,6,0,41,0,0,0,3,1,0,0.18852459,"sa3016950"
"Tyler Hardman","NYY","AA",26,63,236,249,50,23,15,0,12,28,36,13,0,79,0,0,0,5,8,1,0.211864406,"sa3016955"
"Chris Meyers","DET","AA",26,59,216,241,63,38,16,3,6,38,39,18,0,52,5,2,0,1,1,0,0.291666666,"sa3016956"
"Caleb Roberts","ARI","AA",25,65,235,273,50,31,13,2,4,35,30,29,0,74,6,3,0,3,4,1,0.212765957,"sa3016959"
"Tyler Tolve","ATL","A+,CPX",24,14,44,52,6,6,0,0,0,3,3,6,0,26,1,1,0,0,0,0,0.136363636,"sa3016960"
"Corey Rosier","BOS","AA,AAA",25,61,185,216,48,28,13,0,7,32,39,28,0,46,1,2,0,1,11,3,0.259459459,"sa3016961"
"Grant Richardson","NYY","AA,AAA",25,52,159,179,34,21,7,0,6,23,24,17,0,71,0,1,2,0,6,3,0.213836477,"sa3016964"
"Cooper Bowman","OAK","AAA",25,30,100,116,19,13,3,2,1,15,14,12,0,35,3,1,0,1,5,1,0.19,"sa3016966"
"Austin Murr","DET","A+,AAA",26,42,131,158,34,27,2,1,4,16,19,22,1,37,2,2,1,3,7,2,0.259541984,"sa3016967"
"Izaac Pacheco","DET","A+",22,55,188,231,52,26,17,3,6,31,34,39,0,68,2,1,0,5,0,0,0.276595744,"sa3016969"
"Justice Bigbie","DET","AA,AAA",26,68,252,287,71,52,11,0,8,39,48,32,0,41,2,1,0,11,1,1,0.281746031,"sa3016971"
"Ben Malgeri","DET","A+,AA",25,45,154,180,43,23,12,5,3,25,18,19,1,34,4,3,0,3,4,1,0.279220779,"sa3016975"
"Ben Cowles","CHC","AAA",25,78,292,317,65,39,21,1,4,34,24,21,0,87,4,0,0,8,10,3,0.222602739,"sa3016976"
"Aaron McKeithan","PIT","AA",25,29,85,98,15,12,1,0,2,10,5,10,0,16,1,0,2,2,0,0,0.176470588,"sa3016977"
"Wade Stauss","STL","AA,AAA",26,6,16,18,1,1,0,0,0,0,0,2,0,8,0,0,0,0,0,0,0.0625,"sa3017000"
"Noah Mendlinger","STL","AA",24,59,204,248,60,52,8,0,0,40,12,31,1,21,11,2,0,6,6,4,0.294117647,"sa3017001"
"Jack Rogers","CIN","AA,AAA",26,60,201,225,55,40,11,1,3,16,40,19,0,67,1,3,1,3,0,3,0.27363184,"sa3017017"
"Joshua Baez","STL","A+,AA",22,69,249,296,72,43,16,2,11,52,50,39,0,69,3,3,0,4,34,5,0.289156626,"sa3017022"
"Eric Martinez","MIL","A,A+",21,12,34,37,9,6,1,1,1,3,6,0,0,13,2,1,0,0,0,0,0.264705882,"sa3017023"
"Adam Hackenberg","CHW","AA,AAA",25,37,127,141,23,17,4,0,2,10,15,12,0,44,1,1,0,2,3,0,0.181102362,"sa3017041"
"Michael Trautwein","CIN","A,AA",25,24,66,84,13,9,2,0,2,10,7,14,0,29,3,1,0,1,1,1,0.196969696,"sa3017043"
"Alex Binelas","PHI","AA,AAA",25,42,130,150,38,23,8,1,6,24,26,15,0,45,2,3,0,4,2,1,0.292307692,"sa3017044"
"Wes Clarke","MIL","AA,AAA",25,61,194,246,45,30,5,1,9,26,24,49,0,67,0,3,0,4,2,0,0.231958762,"sa3017045"
"Ethan Murray","MIL","AA",25,44,141,174,39,22,9,1,7,36,25,24,0,42,6,2,1,5,8,0,0.276595744,"sa3017051"
"Kobe Kato","ATL","AA",26,46,139,167,24,16,6,0,2,11,11,25,0,52,2,1,0,0,15,4,0.17266187,"sa3017052"
"Ruben Ibarra","CIN","AA",26,57,176,213,38,19,10,0,9,24,36,25,0,56,9,3,0,3,0,0,0.21590909,"sa3017053"
"Luke Waddell","ATL","A+,AAA,CPX",26,39,134,166,36,27,9,0,0,21,15,27,0,24,2,3,0,4,1,2,0.268656716,"sa3017075"
"Drake Osborn","ARI","AA,AAA",26,24,85,95,15,10,3,0,2,12,8,6,0,25,4,0,0,2,0,0,0.176470588,"sa3017077"
"Riley Tirotta","TOR","AAA",26,65,229,265,65,43,12,1,9,39,37,34,1,77,1,1,0,6,12,1,0.283842794,"sa3017078"
"Cal Conley","ATL","AA",25,78,298,326,59,52,5,2,0,35,17,21,0,66,3,1,3,14,16,4,0.197986577,"sa3017080"
"Wyatt Young","NYM","AA",25,59,159,189,44,36,6,1,1,29,13,24,0,37,0,3,3,2,5,2,0.276729559,"sa3017081"
"Doimil Perez","WSN","CPX",21,14,0,0,0,0,0,0,0,0,0,0,0,0,0,0,0,0,0,0,0,"sa3017104"
"Tyler Miller","BOS","AA",25,52,177,199,33,18,6,3,6,22,27,19,0,43,0,3,0,4,1,1,0.186440677,"sa3017109"
"Peyton Wilson","KCR","AA,AAA",25,60,209,250,59,36,15,5,3,27,37,32,0,51,5,3,1,3,13,4,0.28229665,"sa3017110"
"Phillip Sikes","BOS","AAA",26,34,101,117,16,9,3,0,4,15,13,9,1,44,6,1,0,0,1,1,0.158415841,"sa3017113"
"Shawn Goosenberg","CHW","AA",25,20,60,65,12,8,3,1,0,4,2,2,0,22,2,1,0,1,3,0,0.2,"sa3017116"
"Bennett Hostetler","MIA","AAA",27,8,12,20,3,1,2,0,0,3,1,5,0,7,3,0,0,0,1,0,0.25,"sa3017120"
"Austin Gauthier","LAD","AAA",26,64,203,253,45,32,9,1,3,40,26,45,0,52,2,3,0,12,0,0,0.221674876,"sa3017121"
"Wilfredo Lara","MIA","A,A+,CPX",21,39,142,167,25,14,7,3,1,19,17,21,0,35,2,2,0,1,15,3,0.176056338,"sa3017123"
"Sam Praytor","MIA","AA",26,27,78,95,18,13,2,1,2,6,11,15,0,13,2,0,0,2,6,2,0.23076923,"sa3017151"
"Donta' Williams","WSN","AA",26,12,40,46,6,3,2,0,1,5,4,4,0,9,1,1,0,1,1,0,0.15,"sa3017152"
"Connor Pavolony","BAL","AAA",25,12,37,40,6,5,1,0,0,5,3,2,0,12,1,0,0,1,0,0,0.162162162,"sa3017156"
"EJ Andrews Jr.","COL","A+",24,42,124,145,20,10,6,2,2,17,12,14,1,50,5,0,2,0,5,1,0.161290322,"sa3017157"
"Cody Morissette","MIA","A,AA,CPX",25,46,155,187,34,24,5,0,5,25,22,26,1,39,0,6,0,3,10,1,0.219354838,"sa3017158"
"Nic Kent","COL","AA",25,66,204,240,48,41,4,1,2,27,24,25,0,44,7,2,1,3,5,0,0.235294117,"sa3017160"
"John Rhodes","LAD","AA",24,74,253,297,57,39,11,1,6,34,32,38,0,76,4,2,0,7,7,2,0.225296442,"sa3017162"
"Wyatt Hendrie","PIT","AA",26,29,75,94,13,9,2,0,2,10,6,13,0,20,3,1,2,2,1,1,0.173333333,"sa3017163"
"Zach Kokoska","COL","AA",26,55,180,204,34,15,9,1,9,31,29,20,0,79,2,2,0,2,10,3,0.188888888,"sa3017165"
"Juan Gonzalez","CHW","A+,AAA",24,7,23,25,3,2,1,0,0,1,2,0,0,8,2,0,0,0,1,0,0.130434782,"sa3017166"
"Cameron Cauley","TEX","AA",22,76,282,320,70,43,16,4,7,46,28,33,0,79,2,3,0,2,23,3,0.24822695,"sa3017167"
"Benny Montgomery","COL","AA",22,49,186,202,37,30,4,0,3,16,23,14,0,73,1,1,0,3,2,4,0.198924731,"sa3017169"
"Ian Moller","TEX","AA",22,43,144,166,34,25,6,0,3,15,13,20,0,49,1,0,1,2,4,1,0.236111111,"sa3017171"
"Wes Kath","CHW","A+",22,34,113,129,21,13,7,0,1,12,13,12,0,52,3,1,0,1,1,1,0.185840707,"sa3017172"
"Garrett Spain","MIL","AA,AAA",24,77,283,312,57,35,11,3,8,26,41,22,0,89,3,4,0,5,5,5,0.201413427,"sa3017174"
"Josue Gonzalez","NYY","A",21,52,148,183,25,14,6,2,3,19,15,28,0,40,4,3,0,7,8,2,0.168918918,"sa3017175"
"Jaden Rudd","TOR","A",22,6,15,18,4,2,2,0,0,3,9,3,0,6,0,0,0,0,1,1,0.266666666,"sa3017178"
"Damon Keith","LAD","AA",25,70,261,288,58,35,11,3,9,31,38,18,1,94,2,7,0,4,7,2,0.222222222,"sa3017179"
"Reed Trimble","BAL","A+,AA,CPX",25,39,132,153,27,16,3,1,7,26,15,13,1,35,5,2,1,0,7,0,0.204545454,"sa3017180"
"Rowdey Jordan","NYM","AA,AAA",26,46,165,180,39,25,9,0,5,21,20,11,0,58,2,1,1,4,3,1,0.236363636,"sa3017214"
"Quincy Hamilton","HOU","AAA",27,51,167,192,24,14,4,1,5,18,18,22,0,53,1,0,2,2,3,1,0.143712574,"sa3017215"
"Juan Benjamin","CLE","A+",22,48,154,184,42,31,8,1,2,29,19,27,0,34,2,1,0,6,10,2,0.272727272,"sa3017217"
"Adam Zebrowski","ATL","AA",24,50,186,204,39,28,7,0,4,14,23,16,0,65,2,0,0,2,3,0,0.209677419,"sa3017221"
"Drew Swift","OAK","AA",26,67,212,248,43,33,8,2,0,29,17,29,0,60,1,2,4,6,15,1,0.202830188,"sa3017281"
"Vaun Brown","SFG","A+,AA,CPX",27,34,94,105,23,19,4,0,0,12,6,8,0,30,1,1,1,3,13,3,0.244680851,"sa3017282"
"CJ Rodriguez","OAK","A+",24,32,106,125,23,17,5,0,1,9,11,15,0,24,2,1,1,0,0,0,0.216981132,"sa3017283"
"Shane McGuire","OAK","AA,AAA",26,52,168,201,42,34,4,0,4,24,17,29,1,38,3,0,0,5,3,0,0.25,"sa3017284"
"BJ Murray Jr.","CHC","AA",25,78,273,328,64,43,8,0,13,36,53,47,0,65,3,5,0,7,9,6,0.234432234,"sa3017287"
"Jonny Butler","OAK","A+,CPX",26,25,67,81,12,5,6,1,0,6,2,13,0,16,0,1,0,1,0,0,0.179104477,"sa3017292"
"James Triantos","CHC","A+,AAA",22,51,203,218,53,36,15,0,2,31,21,14,0,31,0,1,0,11,17,4,0.261083743,"sa3017295"
"Damiano Palmegiani","TOR","AAA",25,42,109,138,17,11,5,0,1,8,13,18,0,37,10,1,0,6,0,1,0.155963302,"sa3017326"
"Mat Nelson","CIN","AA",26,26,74,87,5,4,1,0,0,3,1,12,0,28,1,0,0,3,0,0,0.067567567,"sa3017328"
"T.J. Rumfield","NYY","AAA",25,77,274,320,79,49,20,1,9,48,52,35,1,58,5,6,0,6,4,1,0.288321167,"sa3017330"
"Dru Baker","TBR","AAA,CPX",25,48,149,175,32,26,5,0,1,26,4,23,0,46,1,0,2,1,5,4,0.2147651,"sa3017331"
"Braiden Ward","COL","AA,AAA",26,58,190,225,52,41,10,0,1,35,16,20,0,40,11,1,3,1,27,6,0.27368421,"sa3017332"
"Luis Leones","CIN","A",22,52,135,168,29,24,2,1,2,35,11,22,0,63,6,1,2,1,20,0,0.214814814,"sa3017336"
"Terrell Tatum","CHW","A+",25,41,105,122,20,13,6,0,1,16,12,17,0,43,0,0,0,0,16,1,0.19047619,"sa3017338"
"Carter Jensen","KCR","AA,AAA",21,79,316,356,90,62,12,4,12,49,49,36,0,89,1,3,0,4,8,1,0.284810126,"sa3017339"
"Daniel McElveny","COL","CPX",22,21,53,66,12,9,1,1,1,6,9,11,0,20,1,1,0,2,1,2,0.226415094,"sa3017340"
"Josh Crouch","LAA","AA",26,37,116,136,25,12,6,0,7,19,17,17,0,41,2,1,0,2,0,2,0.215517241,"sa3017370"
"JT Schwartz","NYM","A,AA",25,45,156,176,25,11,11,0,3,14,13,15,0,40,1,3,1,5,0,2,0.16025641,"sa3017371"
"Paul McIntosh","PHI","A+,AA",27,34,113,128,31,21,5,0,5,12,23,12,0,28,2,1,0,1,1,0,0.274336283,"sa3017372"
"Joe Mack","MIA","AA,AAA",22,69,255,293,69,43,14,1,11,40,36,27,0,71,6,5,0,3,5,3,0.270588235,"sa3017374"
"Tyler Whitaker","HOU","A+",22,69,215,253,42,25,16,0,1,27,19,27,0,91,6,5,0,2,9,3,0.195348837,"sa3017376"
"Luca Tresh","KCR","AAA",25,37,126,137,35,19,8,2,6,15,22,6,0,26,2,1,2,2,0,0,0.277777777,"sa3017394"
"Jose Torres","COL","AA,AAA",25,71,261,291,61,38,13,0,10,33,44,22,0,95,3,4,1,5,8,1,0.233716475,"sa3017396"
"Brenden Dixon","PIT","AA",24,57,156,183,27,19,5,1,2,18,9,23,0,57,2,1,1,3,7,2,0.173076923,"sa3017397"
"Nathan Hickey","BOS","AAA",25,72,254,288,59,36,11,1,11,29,43,31,2,79,1,2,0,4,2,0,0.232283464,"sa3017398"
"Mike Jarvis","PIT","AA,AAA",27,46,136,152,32,26,4,1,1,20,19,9,0,29,2,3,2,1,15,3,0.235294117,"sa3017401"
"Jay Allen II","CIN","AA",22,65,227,263,47,33,10,1,3,29,34,29,0,61,5,2,0,4,11,8,0.207048458,"sa3017403"
"Brennon McNair","KCR","A",22,70,231,268,48,24,13,3,8,36,30,29,0,69,5,1,2,5,11,2,0.207792207,"sa3017405"
"Austin Callahan","CIN","AA",24,56,146,164,27,21,4,0,2,15,14,14,0,52,1,2,1,2,3,1,0.184931506,"sa3017407"
"Jordan Viars","PHI","A+",21,30,90,96,13,10,1,1,1,9,2,5,0,36,1,0,0,0,1,0,0.144444444,"sa3017429"
"Luis Freitez","OAK","A",22,46,160,190,32,24,5,1,2,22,15,25,0,47,4,0,1,1,2,0,0.2,"sa3017479"
"Carlos Colmenarez","TBR","A+,CPX",21,38,121,143,28,20,5,1,2,24,10,15,0,46,6,0,0,0,1,1,0.231404958,"sa3017480"
"Jakey Josepha","ARI","A,CPX",21,48,156,178,47,35,5,3,4,27,26,18,0,38,1,2,1,1,10,2,0.301282051,"sa3017481"
"Casey Opitz","CHC","AA",26,35,111,128,24,18,4,0,2,11,15,11,0,32,2,3,1,1,1,0,0.216216216,"sa3017509"
"Christian Franklin","CHC","AAA",25,73,272,329,71,47,14,4,6,48,32,51,0,67,5,0,1,7,11,5,0.261029411,"sa3017510"
"Tucker Mitchell","TEX","AA",24,42,129,134,27,24,2,0,1,5,14,2,0,40,3,0,0,1,3,0,0.209302325,"sa3017511"
"Noah Miller","LAD","AA,AAA,CPX",22,39,142,157,43,33,6,2,2,22,17,12,1,27,1,1,0,7,0,0,0.302816901,"sa3017512"
"Kahlil Watson","CLE","AA",22,52,190,223,46,24,11,4,7,26,32,25,0,65,5,2,1,5,7,4,0.242105263,"sa3017513"
"Patrick Winkel","MIN","AAA",25,25,89,95,23,12,4,0,7,12,16,5,0,34,1,0,0,5,0,0,0.258426966,"sa3017556"
"Branden Boissiere","WSN","A+",25,70,256,285,65,43,14,1,7,27,41,20,0,76,4,5,0,4,1,1,0.25390625,"sa3017558"
"Braylon Bishop","PIT","A",22,68,233,269,46,29,12,2,3,37,30,29,0,84,4,3,0,2,21,5,0.197424892,"sa3017559"
"Kyler Fedko","MIN","AA",25,72,259,314,66,38,11,0,17,53,51,48,0,64,5,2,0,5,21,4,0.254826254,"sa3017561"
"Creed Willems","BAL","AA",22,67,240,277,59,34,16,1,8,23,31,27,1,49,7,2,1,5,1,2,0.245833333,"sa3017562"
"Noah Cardenas","MIN","AA,AAA",25,44,141,172,35,20,8,0,7,26,24,26,0,34,5,0,0,3,0,1,0.24822695,"sa3017624"
"Edwin Arroyo","CIN","AA",21,66,247,279,67,53,12,1,1,36,26,20,0,59,5,5,2,3,4,3,0.27125506,"sa3017626"
"Harry Ford","SEA","AAA",22,67,258,313,78,55,14,0,9,42,49,49,0,53,4,2,0,9,4,3,0.302325581,"sa3017627"
"Lonnie White Jr.","PIT","A+",22,57,202,232,47,30,7,0,10,35,28,23,1,89,6,0,1,6,17,4,0.232673267,"sa3017628"
"Kay-Lan Nicasia","MIL","A,A+",23,38,110,138,16,5,5,2,4,15,12,25,0,52,3,0,0,0,4,1,0.145454545,"sa3017629"
"Anthony Vilar","SDP","AA",26,60,203,237,43,32,7,1,3,21,20,28,0,58,1,3,1,1,6,3,0.21182266,"sa3017660"
"Logan Cerny","HOU","AA",25,48,143,158,24,19,3,0,2,13,6,12,0,48,3,0,0,5,7,2,0.167832167,"sa3017661"
"Kenny Piper","TBR","AAA",26,37,122,142,23,13,5,0,5,23,15,15,0,43,3,2,0,2,8,0,0.18852459,"sa3017664"
"Aaron Zavala","TEX","AA,AAA",25,67,238,293,58,43,6,2,7,44,27,49,1,87,3,3,0,1,5,2,0.243697478,"sa3017665"
"Moises Gallardo","WSN","A",22,25,91,95,15,14,0,0,1,10,4,4,0,35,0,0,0,1,3,1,0.164835164,"sa3017695"
"Mario Gomez","OAK","A,AA,CPX",22,21,59,69,12,9,1,1,1,7,8,5,0,13,4,1,0,2,0,2,0.20338983,"sa3017696"
"T.J. White","WSN","A+",21,65,236,267,55,42,7,1,5,21,29,25,0,75,2,3,0,4,4,1,0.233050847,"sa3017697"
"Nicolas Deschamps","TOR","A+",22,13,39,47,5,3,1,1,0,3,3,3,0,23,4,0,1,0,0,0,0.128205128,"sa3017732"
"Jake Fox","CLE","AA",22,62,190,226,31,20,6,3,2,25,19,33,0,53,0,3,0,2,5,2,0.163157894,"sa3017734"
"Jake Rucker","MIN","AA",25,45,153,174,34,29,3,1,1,20,14,17,0,23,1,3,0,6,5,2,0.222222222,"sa3017757"
"Gavin Conticello","ARI","AA",22,72,255,303,72,45,18,3,6,39,38,41,1,64,5,2,0,2,2,4,0.282352941,"sa3017770"
"Ryan Spikes","TBR","A+,AA,AAA",22,58,197,214,46,30,6,3,7,27,29,11,0,55,4,2,0,5,10,4,0.233502538,"sa3017792"
"Cooper Kinney","TBR","AA",22,68,274,295,74,47,12,2,13,37,40,18,0,79,1,2,0,4,0,0,0.270072992,"sa3017793"
"Carson Williams","TBR","AAA",22,78,276,323,59,30,11,3,15,52,41,41,0,114,4,1,1,5,17,3,0.213768115,"sa3017795"
"Colby Smelley","CHW","AA",25,14,47,54,10,9,0,0,1,3,1,6,0,12,1,0,0,0,0,0,0.212765957,"sa3017797"
"Tristan Peters","TBR","AAA",25,85,293,339,88,55,22,3,8,50,50,43,1,53,2,1,0,4,10,4,0.300341296,"sa3017851"
"Bob Seymour","TBR","AAA",26,80,317,348,85,43,18,2,22,55,73,30,3,88,0,1,0,6,1,0,0.268138801,"sa3017852"
"Micah Ottenbreit","PHI","A+",22,7,0,0,0,0,0,0,0,0,0,0,0,0,0,0,0,0,0,0,0,"sa3017860"
"Hao-Yu  Lee","DET","AAA",22,71,274,318,68,43,11,5,9,40,33,38,1,66,5,1,0,10,10,3,0.248175182,"sa3017863"
"Christian Olivo","CHC","A",21,48,148,180,28,19,8,0,1,23,16,27,0,34,4,1,0,4,16,3,0.189189189,"sa3017877"
"Parker Chavers","CHC","AA",26,60,172,206,41,29,9,2,1,25,18,30,0,44,2,2,0,4,12,4,0.238372093,"sa3017939"
"Jose Aular","NYM","CPX",21,15,33,43,3,3,0,0,0,4,3,7,0,11,2,1,0,2,0,0,0.09090909,"sa3017954"
"Luis Reyes","CIN","A",21,56,164,190,33,23,7,1,2,20,23,13,0,35,3,5,5,2,2,0,0.201219512,"sa3017980"
"Anthony Scull","LAA","A+",21,64,245,272,52,38,9,0,5,22,23,17,0,74,6,3,1,6,2,6,0.212244897,"sa3017988"
"German Ortiz","OAK","A,CPX",20,54,180,203,45,37,8,0,0,24,13,21,0,51,0,0,0,2,2,0,0.25,"sa3018011"
"Zach Messinger","NYY","AAA",25,18,0,0,0,0,0,0,0,0,0,0,0,0,0,0,0,0,0,0,0,"sa3018093"
"Brady Allen","DET","AA",25,26,76,90,13,3,9,0,1,10,8,12,0,23,2,0,0,0,1,0,0.171052631,"sa3018098"
"Cesar Prieto","STL","AAA",26,72,273,303,79,51,19,3,6,45,43,22,0,39,4,1,3,9,8,8,0.289377289,"sa3018100"
"Jason Matthews","CHW","AA,AAA",28,49,148,178,36,27,5,1,3,26,16,25,0,45,3,0,2,4,4,2,0.243243243,"sa3018152"
"Kyle Hayes","KCR","AA",27,31,93,118,14,10,3,0,1,13,5,16,0,40,7,0,2,2,0,0,0.150537634,"sa3018212"
"Wyatt Hoffman","SDP","AA",26,45,106,122,17,15,2,0,0,12,5,8,0,40,3,1,4,2,5,1,0.160377358,"sa3018219"
"Pablo Aldonis","WSN","A",23,12,0,0,0,0,0,0,0,0,0,0,0,0,0,0,0,0,0,0,0,"sa3018289"
"Reynaldo Yean","LAD","A+",21,26,0,0,0,0,0,0,0,0,0,0,0,0,0,0,0,0,0,0,0,"sa3018303"
"Alfredo Romero","CHC","A",22,14,0,0,0,0,0,0,0,0,0,0,0,0,0,0,0,0,0,0,0,"sa3018345"
"Joseph Rodriguez","OAK","A,CPX",22,13,45,49,7,6,1,0,0,9,2,4,0,20,0,0,0,1,0,1,0.155555555,"sa3018381"
"Clayton Campbell","DET","A,CPX",21,31,93,106,23,18,2,0,3,13,10,7,0,19,5,1,0,3,4,0,0.247311827,"sa3018386"
"Dyan Jorge","COL","AA",22,72,245,274,45,30,13,0,2,24,26,21,0,60,3,2,3,10,11,4,0.183673469,"sa3018387"
"Daniel Guilarte","MIL","A+",21,63,185,216,24,18,4,1,1,19,13,26,0,74,0,4,1,1,9,7,0.129729729,"sa3018388"
"Willy Fanas","NYM","A",21,36,102,117,21,19,2,0,0,8,8,11,0,46,4,0,0,1,4,2,0.205882352,"sa3018389"
"Diego Benitez","ATL","CPX",20,31,99,115,22,17,3,0,2,14,17,10,0,19,6,0,0,4,2,0,0.222222222,"sa3018391"
"Rosman Verdugo","SDP","A+",20,73,248,308,55,28,14,3,10,38,33,52,0,102,6,2,0,3,3,2,0.221774193,"sa3018393"
"Keiner Delgado","PIT","A+",21,75,267,321,65,42,13,0,10,49,37,41,2,77,11,1,1,2,16,1,0.243445692,"sa3018397"
"Jace Avina","NYY","A+",22,50,170,212,50,31,13,0,6,34,28,29,0,53,7,6,0,1,3,1,0.294117647,"sa3018398"
"Jaison Chourio","CLE","A+,CPX",20,42,135,178,26,22,3,0,1,21,10,43,0,41,0,0,0,4,7,4,0.192592592,"sa3018399"
"Andy Lugo","MIN","A+",21,60,207,233,54,31,16,2,5,25,25,18,0,52,2,4,0,2,9,1,0.260869565,"sa3018400"
"Guillermo Williamson","SFG","A+",21,22,64,80,11,8,2,0,1,5,10,15,0,24,0,1,0,2,0,0,0.171875,"sa3018401"
"Cristhian Vaquero","WSN","A",20,74,278,329,67,47,9,6,5,34,34,36,1,82,4,7,1,1,14,4,0.241007194,"sa3018403"
"Ryan Reckley","SFG","A,CPX",20,32,100,120,15,11,2,1,1,11,8,18,0,35,0,2,0,1,2,0,0.15,"sa3018404"
"Ricky Cabrera","CIN","A+",20,21,75,89,14,11,2,1,0,8,7,8,0,25,2,2,2,2,0,2,0.186666666,"sa3018405"
"Anthony Gutierrez","TEX","A+",20,60,230,257,55,43,10,0,2,34,16,20,0,59,5,0,2,7,23,6,0.239130434,"sa3018406"
"Samuel Munoz","LAD","A",20,76,299,356,74,46,16,4,8,54,55,48,1,82,3,6,0,4,12,4,0.247491638,"sa3018407"
"Yordany De Los Santos","PIT","A",20,74,287,322,72,44,18,2,8,36,35,26,0,91,3,5,1,3,31,9,0.25087108,"sa3018408"
"Lazaro Montes","SEA","A+,AA",20,80,297,360,81,39,13,7,22,53,60,59,1,97,1,2,0,3,4,1,0.272727272,"sa3018409"
"Javier Osorio","DET","CPX",20,35,119,139,37,25,7,0,5,27,26,11,0,32,6,2,0,1,20,4,0.310924369,"sa3018410"
"Jonathan Mejia","STL","A",20,44,169,204,30,21,3,3,3,28,21,32,1,67,0,2,1,2,10,4,0.177514792,"sa3018411"
"Simon Juan","NYM","A",19,61,216,239,45,31,8,1,5,23,29,20,0,71,1,2,0,2,2,3,0.208333333,"sa3018412"
"Alexis Hernandez","CHC","A,CPX",20,38,144,160,36,25,8,2,1,21,14,14,0,34,1,1,0,4,12,4,0.25,"sa3018413"
"Freili Encarnacion","BOS","A,A+",20,71,267,292,72,40,17,2,13,45,42,16,0,68,8,1,0,3,6,3,0.269662921,"sa3018414"
"Jhonny Severino","PIT","A",20,72,273,300,54,34,12,2,6,23,31,23,0,78,1,2,1,6,7,8,0.197802197,"sa3018415"
"Braylin Tavera","BAL","A",20,69,242,286,51,36,7,2,6,33,24,39,0,93,4,0,1,3,14,5,0.210743801,"sa3018416"
"Yendry Rojas","SDP","A",20,60,191,220,44,33,11,0,0,26,16,24,0,44,0,5,0,2,12,5,0.230366492,"sa3018418"
"Jose De Jesus","TEX","A",20,9,30,32,2,2,0,0,0,3,4,2,0,4,0,0,0,0,2,0,0.066666666,"sa3018420"
"Nelson Rada","LAA","AA",19,76,266,314,75,62,11,1,1,36,17,37,0,65,7,1,3,1,29,12,0.281954887,"sa3018421"
"Anthuan Valencia","CIN","CPX",20,33,92,107,27,16,10,0,1,20,14,9,0,26,3,2,1,2,3,0,0.29347826,"sa3018422"
"Luis Meza","TOR","CPX",20,14,43,50,8,7,1,0,0,7,5,5,0,12,1,1,0,1,0,0,0.186046511,"sa3018423"
"Johanfran Garcia","BOS","A+,CPX",20,28,97,111,27,20,4,0,3,17,18,9,0,35,3,2,0,0,0,0,0.278350515,"sa3018424"
"Yilber Herrera","MIN","CPX",20,28,53,78,9,5,2,0,2,12,7,20,0,19,3,2,0,1,5,5,0.16981132,"sa3018425"
"Randy De Jesus","LAA","A+",20,75,269,308,56,35,9,0,12,27,38,30,0,96,6,3,0,8,2,0,0.208178438,"sa3018426"
"Bryan Acuna","MIN","A,CPX",19,41,134,165,34,29,4,0,1,23,15,26,0,35,4,1,0,4,10,5,0.253731343,"sa3018427"
"Victor Izturis","CLE","CPX",20,12,27,35,7,4,2,0,1,6,7,7,0,7,0,0,0,0,1,0,0.259259259,"sa3018428"
"Michael Arroyo","SEA","A+,AA",20,75,279,351,79,45,17,1,16,56,45,45,0,68,26,1,0,4,5,2,0.283154121,"sa3018429"
"Kenni Gomez","HOU","A+",20,61,231,249,53,34,11,2,6,25,35,14,1,71,1,3,0,2,15,3,0.229437229,"sa3018430"
"Adan Sanchez","CHC","CPX",20,14,43,48,11,6,5,0,0,5,5,2,0,9,3,0,0,0,1,2,0.255813953,"sa3018431"
"Henry Ramos","KCR","A,CPX",20,45,145,170,38,28,6,3,1,22,17,18,0,38,0,1,6,1,16,3,0.262068965,"sa3018432"
"Leandro Arias","BAL","A+",20,72,237,279,50,40,8,0,2,26,25,31,0,46,5,2,3,6,4,4,0.210970464,"sa3018433"
"Martin Gonzalez","SEA","CPX",20,44,147,175,30,22,6,1,1,18,18,18,1,54,5,4,1,4,4,1,0.204081632,"sa3018434"
"Esmith Pineda","CIN","A",20,73,254,294,68,45,17,1,5,35,43,27,0,70,8,5,0,3,2,2,0.267716535,"sa3018435"
"Fraymi De Leon","BOS","A,A+",20,57,181,201,34,28,4,1,1,25,20,13,0,54,1,5,1,4,13,6,0.187845303,"sa3018436"
"Edwin Sanchez","LAD","DSL",20,25,66,103,17,8,6,0,3,20,17,29,0,17,6,2,0,1,5,1,0.257575757,"sa3018438"
"Victor Ortega","MIA","A",21,46,148,178,38,28,9,1,0,14,22,26,0,38,3,1,0,4,2,0,0.256756756,"sa3018439"
"David Beckles","TOR","CPX",21,45,161,186,42,30,7,1,4,28,29,20,0,54,4,1,0,5,2,1,0.260869565,"sa3018441"
"Modeifi Marte","ARI","A",22,57,210,237,60,47,12,0,1,29,22,24,1,42,1,2,0,5,7,2,0.285714285,"sa3018445"
"Javier Roman","MIN","A,CPX",22,13,38,45,7,4,1,0,2,6,6,7,0,19,0,0,0,1,0,0,0.184210526,"sa3018446"
"Marcos Torres","TEX","A",20,49,157,183,39,26,7,3,3,25,26,19,0,50,1,2,2,1,10,0,0.248407643,"sa3018449"
"Eduardo Oviedo","PIT","CPX",20,20,63,71,14,13,1,0,0,11,9,6,0,22,1,1,0,0,5,1,0.222222222,"sa3018451"
"Kendry Chirinos","TOR","A",20,59,203,236,50,37,7,2,4,22,24,24,0,62,5,4,0,11,0,1,0.246305418,"sa3018453"
"Carlos Pacheco","OAK","A,CPX",20,37,101,140,19,14,3,1,1,23,11,26,0,34,10,1,2,1,13,2,0.188118811,"sa3018455"
"Yosander Asencio","BOS","A",20,49,152,182,25,15,5,1,4,25,11,30,0,79,0,0,0,1,1,2,0.164473684,"sa3018456"
"Alberto Mendez","CLE","A",20,33,97,114,21,17,1,2,1,15,12,16,0,21,0,1,0,1,2,2,0.216494845,"sa3018458"
"Ronny Ugarte","COL","DSL",20,26,100,115,33,21,9,0,3,21,40,12,0,18,1,2,0,5,1,0,0.33,"sa3018460"
"Aroon Escobar","PHI","A,A+",20,70,276,322,79,56,12,0,11,52,44,32,1,52,10,4,0,10,10,3,0.286231884,"sa3018463"
"Angel Mata","PHI","CPX",20,36,113,128,22,12,9,0,1,12,16,11,0,27,2,1,1,5,0,0,0.194690265,"sa3018464"
"Carlos Sanchez","CIN","A,A+",20,72,254,314,79,58,10,5,6,47,41,55,0,79,1,1,3,5,15,9,0.311023622,"sa3018465"
"Nolan Beltran","PHI","A,CPX",20,22,69,79,11,8,2,0,1,4,4,7,0,9,1,0,2,0,0,0,0.159420289,"sa3018466"
"Bryan Andrade","OAK","A,CPX",20,40,134,156,36,28,3,3,2,17,29,17,0,23,1,3,1,6,2,0,0.268656716,"sa3018467"
"Ruben Santana","ARI","A",20,69,254,293,56,35,13,1,7,32,43,32,1,81,6,1,0,6,8,1,0.22047244,"sa3018468"
"Dario Laverde","LAA","A",20,70,274,307,64,51,9,1,3,30,31,25,0,61,7,0,0,5,0,0,0.233576642,"sa3018470"
"Kelvin Hidalgo","COL","A",20,77,300,338,74,53,14,3,4,46,33,23,0,79,6,3,6,6,31,6,0.246666666,"sa3018472"
"Capri Ortiz","LAA","A+",20,58,212,239,47,33,9,1,4,26,25,20,0,50,4,1,2,3,16,1,0.221698113,"sa3018473"
"Richard Ramirez","PIT","A,CPX",19,40,136,159,38,21,14,0,3,20,32,19,0,43,1,3,0,3,1,0,0.279411764,"sa3018474"
"Jonathan Linares","LAA","A",20,27,79,88,13,9,1,1,2,9,8,6,0,30,3,0,0,2,0,0,0.164556962,"sa3018475"
"Derek Bernard","COL","A,CPX",19,45,161,180,45,28,13,0,4,26,18,17,0,45,2,0,0,0,11,3,0.279503105,"sa3018477"
"Yerald Nin","ARI","A",19,66,241,280,58,49,5,3,1,37,26,33,0,64,1,4,1,2,21,7,0.2406639,"sa3018479"
"Axiel Plaz","PIT","A",19,55,202,233,53,33,11,0,9,27,40,21,0,47,7,3,0,5,1,0,0.262376237,"sa3018480"
"Estuar Suero","PIT","CPX",19,29,95,114,19,9,6,1,3,18,13,17,0,47,0,2,0,0,7,1,0.2,"sa3018481"
"Luis Baez","HOU","AA,CPX",21,29,114,122,23,16,4,2,1,13,9,8,0,36,0,0,0,3,0,1,0.201754385,"sa3018482"
"Engelth Urena","NYY","A",20,75,276,335,58,38,12,0,8,46,35,47,0,61,9,3,0,8,8,1,0.210144927,"sa3018484"
"Arfeni Batista","STL","CPX",20,3,9,10,2,2,0,0,0,0,0,1,0,4,0,0,0,1,1,0,0.222222222,"sa3018485"
"Natanael Yuten","BOS","A",20,59,196,215,51,31,12,5,3,32,26,14,0,55,3,2,0,1,5,2,0.260204081,"sa3018486"
"Yonatan Henriquez","NYM","A",20,65,210,244,45,32,8,1,4,26,27,30,0,47,0,3,1,8,17,3,0.214285714,"sa3018487"
"Yordalin Pena","STL","A",20,67,246,273,57,33,16,3,5,36,27,21,0,71,3,3,0,7,12,7,0.231707317,"sa3018489"
"Manolfi Jimenez","PHI","A,CPX",20,39,127,136,42,23,12,4,3,20,18,5,0,24,1,3,0,1,4,4,0.330708661,"sa3018492"
"Juan Villavicencio","PHI","A,CPX",20,15,45,53,9,5,2,0,2,4,9,8,0,15,0,0,0,0,4,1,0.2,"sa3018494"
"Roynier Hernandez","COL","A,CPX",20,40,146,170,41,34,4,3,0,16,30,20,0,23,1,2,1,2,3,1,0.280821917,"sa3018495"
"Enmanuel Tejeda","NYY","CPX",20,3,8,9,2,1,1,0,0,1,0,1,0,2,0,0,0,0,0,0,0.25,"sa3018497"
"Andy Encarnacion","ARI","DSL",20,15,33,40,6,4,2,0,0,6,4,5,0,7,0,0,2,0,4,0,0.181818181,"sa3018498"
"Dangelo Sarmiento","NYM","CPX",20,31,81,99,14,11,1,2,0,13,4,16,0,29,2,0,0,3,5,2,0.172839506,"sa3018499"
"Waner Luciano","HOU","A",20,65,212,243,38,27,6,0,5,18,27,21,0,48,8,2,0,7,10,2,0.179245283,"sa3018501"
"Diomedes Hernandez","NYY","AA",20,4,11,12,2,1,1,0,0,0,1,0,0,7,0,0,1,0,0,0,0.181818181,"sa3018504"
"Mairoshendrick Martinus","LAD","A,A+",20,51,192,224,47,34,9,2,2,27,34,25,0,59,4,3,0,3,12,5,0.244791666,"sa3018505"
"Leiker Figueroa","ATL","A",20,28,73,82,17,13,2,1,1,11,7,6,0,24,3,0,0,1,2,1,0.232876712,"sa3018506"
"Jesus Baez","NYM","A,A+",20,70,256,296,64,45,10,0,9,44,41,34,0,45,3,3,0,7,7,3,0.25,"sa3018507"
"Jansel Luis","ARI","A+,CPX",20,58,230,257,66,53,6,3,4,38,41,18,0,46,1,7,1,6,19,4,0.286956521,"sa3018508"
"Alejandro Rios","ARI","CPX",20,2,1,1,0,0,0,0,0,0,0,0,0,1,0,0,0,0,0,0,0,"sa3018511"
"Luis Lara","MIL","AA",20,81,315,365,81,59,20,1,1,47,24,45,0,64,2,3,0,1,28,4,0.257142857,"sa3018514"
"Juan Perez","SFG","A",20,32,116,135,16,15,1,0,0,10,10,13,0,48,3,1,2,1,2,0,0.137931034,"sa3018516"
"Alexander Martinez","ATL","CPX",20,19,48,58,7,5,2,0,0,8,3,8,0,7,2,0,0,2,0,0,0.145833333,"sa3018517"
"Francisco Toledo","NYM","CPX",20,25,68,80,15,12,3,0,0,6,3,12,0,13,0,0,0,4,0,1,0.220588235,"sa3018519"
"Victor Rodrigues","LAD","A",20,47,144,189,42,34,6,1,1,39,24,39,0,20,4,2,0,8,4,1,0.291666666,"sa3018520"
"Alessandro Duran","SFG","DSL",19,13,36,52,9,4,4,0,1,11,10,14,0,12,1,1,0,0,0,0,0.25,"sa3018521"
"Juan Baez","MIL","A+",20,74,268,303,59,52,6,1,0,30,25,31,0,27,2,2,0,10,6,1,0.220149253,"sa3018525"
"Edwin Amparo","BAL","A,CPX",20,51,171,207,36,26,6,2,2,16,15,32,1,64,2,0,2,2,19,8,0.210526315,"sa3018526"
"Esteban Mejia","TEX","A,A+",20,49,156,186,30,25,3,1,1,17,25,27,0,45,2,1,0,2,10,2,0.192307692,"sa3018527"
"Franyer Noria","BOS","CPX",20,21,47,60,9,6,3,0,0,9,4,9,0,5,3,1,0,2,5,1,0.191489361,"sa3018528"
"Ricardo Gonzalez","TBR","A",20,69,250,291,60,50,8,2,0,29,31,33,0,58,4,1,3,4,16,5,0.24,"sa3018529"
"Gery Holguin","MIL","A,CPX",19,36,125,143,27,16,5,2,4,22,19,17,0,50,0,1,0,2,0,2,0.216,"sa3018534"
"Eduardo Guerrero","LAD","A,A+",20,66,215,259,44,34,6,4,0,38,27,38,0,40,2,3,1,3,6,4,0.204651162,"sa3018536"
"Angel Mateo","TBR","A",20,70,262,291,78,59,12,1,6,38,54,23,0,53,2,4,0,4,14,5,0.297709923,"sa3018540"
"Raynerd Ortega","LAD","A,CPX",19,44,164,180,39,22,8,2,7,24,31,9,0,61,5,2,0,2,3,1,0.237804878,"sa3018542"
"Josias Ramirez","CHC","DSL",19,17,47,61,9,5,1,1,2,11,5,13,1,21,0,1,0,1,3,0,0.191489361,"sa3018543"
"Nicandro Aybar","TBR","A,CPX",20,33,95,107,24,22,2,0,0,10,7,10,0,14,1,1,0,1,2,1,0.252631578,"sa3018544"
"Robert Gonzalez","ATL","CPX",20,21,57,69,10,9,0,0,1,6,8,11,0,17,0,1,0,0,4,1,0.175438596,"sa3018545"
"Fernando Peguero","BAL","A,AAA",20,63,211,240,46,37,6,1,2,26,23,23,0,59,4,1,1,0,14,2,0.218009478,"sa3018546"
"Roosbert Tapia","TBR","CPX",20,25,81,86,21,17,4,0,0,7,6,3,0,16,1,1,0,2,2,0,0.259259259,"sa3018547"
"Darlyn De Leon","CHC","CPX,DSL",20,16,53,64,15,10,1,2,2,9,10,8,0,15,1,2,0,1,4,2,0.283018867,"sa3018548"
"Yeremy Cabrera","TEX","A",19,65,246,291,60,49,6,1,4,41,33,37,0,59,7,1,0,1,27,2,0.243902439,"sa3018549"
"Edrei Campos","BAL","A",20,41,126,144,20,16,2,0,2,7,9,13,0,48,2,0,3,1,2,5,0.158730158,"sa3018550"
"Aron Estrada","BAL","A+",20,70,252,285,70,49,12,5,4,33,32,26,2,53,5,2,0,4,26,6,0.277777777,"sa3018552"
"Jose Rodriguez","MIN","A",20,54,195,225,28,11,8,2,7,23,24,27,0,75,2,1,0,3,0,0,0.143589743,"sa3018555"
"Alfredo Velasquez","BAL","A,AA",20,64,221,234,56,49,3,3,1,25,13,8,0,23,1,2,1,6,15,6,0.253393665,"sa3018556"
"Jeral Perez","CHW","A+",20,77,290,326,62,29,16,3,14,37,46,28,0,82,6,2,0,5,4,1,0.213793103,"sa3018557"
"Marvin Alcantara","BOS","A+,AA",20,69,245,276,57,48,7,1,1,27,25,26,0,46,2,3,0,3,6,5,0.232653061,"sa3018558"
"Oswaldo Osorio","LAD","A,CPX",20,22,71,93,15,12,3,0,0,15,7,17,0,31,5,0,0,0,3,0,0.211267605,"sa3018560"
"Raylin Ramos","BAL","A",20,64,246,275,63,49,8,3,3,34,32,22,0,64,3,1,3,3,10,4,0.25609756,"sa3018561"
"Jose Alpuria","ARI","A,CPX",20,39,135,163,31,22,7,0,2,24,16,16,1,36,11,1,0,4,12,5,0.229629629,"sa3018562"
"Andres Nolaya","BAL","A",20,42,112,134,25,21,4,0,0,11,10,14,0,30,5,0,3,4,12,2,0.223214285,"sa3018563"
"Narciso Polanco","TBR","A",20,73,252,313,59,48,6,3,2,53,22,49,0,50,6,5,1,4,27,11,0.234126984,"sa3018564"
"Echedry Vargas","MIA","A+",20,55,201,217,36,23,7,1,5,23,15,12,0,53,2,1,1,6,7,2,0.179104477,"sa3018565"
"Thomas Sosa","BAL","A,A+",20,20,72,82,18,14,2,0,2,9,10,5,0,20,5,0,0,0,2,4,0.25,"sa3018566"
"Jose Contreras","TBR","A,CPX",20,12,38,42,10,6,3,0,1,5,4,2,0,10,2,0,0,0,2,1,0.263157894,"sa3018567"
"Jean Joseph","TOR","A",20,52,182,198,42,23,14,0,5,21,18,6,0,43,9,1,0,3,4,2,0.23076923,"sa3018568"
"Jefferson Rojas","CHC","A+",20,62,229,276,65,40,13,4,8,46,39,38,0,43,5,3,0,7,14,3,0.283842794,"sa3018571"
"John Cruz","MIA","A,CPX",19,38,125,145,22,14,6,0,2,11,20,18,0,26,1,1,0,1,10,1,0.176,"sa3018573"
"Roni Cabrera","KCR","A,CPX",19,57,186,210,41,24,10,2,5,38,23,18,0,66,5,0,1,1,18,5,0.220430107,"sa3018575"
"Enderson Delgado","DET","A",20,26,75,91,9,8,1,0,0,6,7,11,0,23,2,3,0,2,0,0,0.12,"sa3018576"
"Carlos Tirado","PIT","CPX",20,19,58,65,11,6,3,0,2,8,8,6,0,19,1,0,0,0,0,0,0.189655172,"sa3018577"
"Luis Sanchez","ATL","A,A+",21,50,160,189,35,29,5,1,0,13,20,27,0,28,2,0,0,6,0,1,0.21875,"sa3018578"
"Yanki Jean-Baptiste","CLE","A",20,11,33,44,4,3,1,0,0,3,2,11,0,20,0,0,0,0,1,3,0.121212121,"sa3018579"
"Franyerber Montilla","DET","A",20,62,238,277,66,46,14,2,4,41,29,36,0,70,2,1,0,3,27,5,0.277310924,"sa3018580"
"Alberto Hernandez","HOU","A,CPX",21,48,173,199,36,22,11,2,1,13,32,20,0,31,2,4,0,6,10,5,0.208092485,"sa3018582"
"Josue Briceno","DET","A+,AA",20,56,200,248,60,30,14,1,15,41,58,41,3,41,4,3,0,3,1,0,0.3,"sa3018584"
"Ivan Sosa","KCR","CPX",20,28,91,98,23,14,4,3,2,15,17,4,0,31,1,0,1,1,3,0,0.252747252,"sa3018588"
"Josue De Paula","LAD","A+",20,76,272,336,72,49,12,1,10,54,30,63,0,65,1,0,0,3,26,5,0.264705882,"sa3018591"
"Ricardo Pena","MIN","A,CPX",20,22,58,72,10,7,2,0,1,8,3,11,0,26,2,1,0,1,0,0,0.172413793,"sa3018593"
"Josi Novas","KCR","A",20,59,206,226,35,18,8,0,9,16,31,15,0,91,4,1,0,2,4,2,0.169902912,"sa3018594"
"Alberto Barriga","ARI","A",20,64,222,269,46,30,14,1,1,31,22,38,0,75,8,1,0,6,8,2,0.207207207,"sa3018595"
"Cherif Neymour","MIA","CPX",20,26,64,76,9,8,1,0,0,9,4,11,0,25,1,0,0,0,8,2,0.140625,"sa3018596"
"Erick Alvarez","TEX","A",20,33,108,131,24,20,4,0,0,19,10,18,0,23,0,4,1,1,3,0,0.222222222,"sa3018601"
"Danny Gonzalez","MIA","CPX",20,25,80,88,16,11,3,0,2,11,6,6,0,23,2,0,0,1,2,0,0.2,"sa3018603"
"Wilton Lara","HOU","CPX",21,33,93,106,19,10,4,0,5,15,19,9,0,39,2,1,1,1,2,0,0.204301075,"sa3018604"
"Jose Rivera","MIA","DSL",20,5,13,14,3,3,0,0,0,1,1,1,0,2,0,0,0,0,2,1,0.23076923,"sa3018605"
"Jairo Diaz","CHC","CPX",20,25,78,89,19,17,2,0,0,7,10,8,1,16,2,1,0,2,8,1,0.243589743,"sa3018606"
"Carlos Gonzalez","SEA","CPX",21,30,97,123,16,8,3,0,5,17,16,24,0,35,0,2,0,4,1,0,0.164948453,"sa3018607"
"Luis Frias","SFG","DSL",20,23,68,81,20,15,3,2,0,18,10,10,0,24,0,3,0,1,8,0,0.294117647,"sa3018608"
"Robert Perez","MIA","DSL",21,22,72,81,20,10,6,0,4,17,19,6,0,35,2,1,0,0,9,2,0.277777777,"sa3018609"
"Juan Matheus","NYY","A",21,75,266,312,71,51,18,1,1,39,36,38,0,66,2,6,0,3,30,8,0.266917293,"sa3018611"
"Maykel Minoso","TOR","CPX",19,34,103,125,17,13,4,0,0,18,6,20,0,18,1,1,0,1,0,1,0.165048543,"sa3018612"
"Carlos Sanchez","MIA","A,CPX",20,32,111,128,27,18,6,1,2,15,15,17,0,36,0,0,0,4,0,1,0.243243243,"sa3018613"
"Chris Suero","NYM","A+",21,70,229,283,55,32,10,1,12,47,48,37,1,81,15,2,0,2,24,7,0.240174672,"sa3018614"
"Wady Mendez","TEX","A,A+,AA",20,42,114,133,23,16,3,2,2,16,14,16,0,33,1,2,0,2,5,2,0.201754385,"sa3018615"
"Santiago Gomez","NYY","A,CPX",21,45,134,162,32,27,2,0,3,25,20,14,0,41,11,3,0,1,23,4,0.23880597,"sa3018616"
"Raimel Medina","KCR","CPX",20,29,95,113,23,17,5,1,0,11,18,11,0,21,4,1,2,5,4,4,0.242105263,"sa3018617"
"Ryan Burrowes","CHW","A",20,67,228,261,60,50,5,1,4,37,25,22,0,69,6,3,2,7,26,3,0.263157894,"sa3018619"
"Yaisel Ramos","STL","CPX",22,27,62,73,11,7,2,1,1,7,5,9,0,21,1,1,0,1,1,2,0.177419354,"sa3018620"
"Julio Henriquez","MIA","A,CPX",20,35,118,142,22,15,6,0,1,20,9,14,0,36,8,2,0,0,11,2,0.186440677,"sa3018622"
"Manuel German","KCR","CPX",20,37,130,139,33,20,5,3,5,18,26,5,0,41,3,1,0,5,1,2,0.253846153,"sa3018623"
"Leandro Alsinois","CHW","CPX",20,41,109,127,22,15,3,0,4,17,10,16,0,35,1,1,0,0,9,1,0.201834862,"sa3018624"
"Agustin Acosta","LAD","DSL",20,18,49,60,12,5,5,1,1,11,11,6,0,19,4,1,0,0,2,0,0.244897959,"sa3018627"
"Jose Escobar","CHC","A",20,67,251,296,63,46,13,0,4,39,30,36,0,69,8,1,0,4,7,7,0.250996015,"sa3018629"
"Marco Vargas","NYM","A,A+",20,65,233,274,63,52,8,2,1,41,31,37,0,52,1,3,0,5,28,4,0.270386266,"sa3018632"
"Daniel Pena","MIN","A",20,40,133,153,28,21,5,0,2,18,18,14,0,20,4,2,0,5,0,0,0.210526315,"sa3018634"
"Karniel Pratt","HOU","CPX",20,15,36,47,11,9,2,0,0,6,4,8,0,5,2,1,0,2,9,3,0.305555555,"sa3018636"
"Jesus Lopez","TEX","A,CPX",20,28,97,115,12,7,4,0,1,12,8,16,0,25,1,1,0,1,0,2,0.12371134,"sa3018638"
"Erick Torres","KCR","A+",20,67,263,299,65,50,12,1,2,31,24,26,0,41,4,1,5,2,11,7,0.247148288,"sa3018641"
"Ronny Hernandez","CHW","A",20,57,218,249,58,46,9,1,2,22,23,29,0,53,0,2,0,2,2,0,0.266055045,"sa3018643"
"Byron Chourio","MIN","A,CPX",20,49,176,211,33,29,2,1,1,24,8,33,0,43,2,0,0,2,9,4,0.1875,"sa3018644"
"Jose Monserrate","MIA","CPX",20,37,117,145,26,20,5,1,0,16,9,24,0,32,3,1,0,3,19,1,0.222222222,"sa3018646"
"Jean Carlos Sio","SFG","A",21,70,250,287,70,55,10,2,3,43,46,34,0,38,2,0,1,5,12,3,0.28,"sa3018648"
"Alvaro Gamez","TBR","DSL",20,9,0,0,0,0,0,0,0,0,0,0,0,0,0,0,0,0,0,0,0,"sa3018854"
"Joseilyn Gonzalez","LAD","A+",23,24,0,0,0,0,0,0,0,0,0,0,0,0,0,0,0,0,0,0,0,"sa3018910"
"Andrew Miller","SEA","A+",27,11,27,36,3,0,0,0,3,8,4,7,0,14,2,0,0,0,0,0,0.111111111,"sa3018912"
"Nestor Rios","MIA","A+",20,2,7,7,2,2,0,0,0,0,0,0,0,3,0,0,0,0,0,0,0.285714285,"sa3018918"
"Demetrio Nadal","MIL","A,CPX",20,60,202,250,42,34,5,1,2,33,24,37,0,50,8,3,0,2,17,4,0.207920792,"sa3018919"
"Isaac Pena","MIN","A,CPX",21,20,53,67,11,10,1,0,0,13,3,13,0,15,1,0,0,1,4,2,0.207547169,"sa3018926"
"Heison Sanchez","DET","DSL",20,13,21,30,7,6,1,0,0,4,1,9,0,2,0,0,0,0,1,4,0.333333333,"sa3018930"
"Eliezer Rivero","LAA","CPX",20,27,87,102,21,18,3,0,0,13,7,7,0,29,7,0,1,2,1,1,0.24137931,"sa3018937"
"Cristofer Torin","ARI","A+",20,79,294,352,80,63,15,1,1,45,32,48,0,50,7,3,0,2,12,7,0.272108843,"sa3018938"
"Jeffry Rosa","NYM","CPX",20,35,98,116,18,10,4,0,4,17,9,10,0,36,7,1,0,1,0,1,0.183673469,"sa3018941"
"Jeffrey Mercedes","CLE","A",20,62,204,239,49,35,10,1,3,26,34,26,0,44,4,4,0,1,5,2,0.240196078,"sa3018942"
"Abrahan Ramirez","MIA","A",20,62,232,278,56,42,13,1,0,27,33,44,1,60,1,1,0,7,10,3,0.24137931,"sa3018943"
"Helder Rosario","WSN","CPX",20,13,27,35,4,4,0,0,0,4,2,7,0,15,0,0,1,1,1,0,0.148148148,"sa3018948"
"Alexander Albertus","CHW","CPX",20,8,18,25,6,4,2,0,0,4,2,6,0,3,1,0,0,0,3,0,0.333333333,"sa3018950"
"Nikau Pouaka-Grego","PHI","A,CPX",20,18,50,64,9,7,2,0,0,6,8,9,0,12,1,2,2,1,0,0,0.18,"sa3018959"
"Samuel Gil","DET","A,A+",20,56,172,208,34,28,5,0,1,28,10,33,0,30,3,0,0,9,7,2,0.197674418,"sa3018963"
"Alen Pineda","ATL","A",20,12,36,44,6,5,1,0,0,5,6,4,0,22,4,0,0,0,0,0,0.166666666,"sa3018965"
"Elvis Rijo","OAK","A+,CPX",21,17,38,45,4,2,2,0,0,2,2,4,0,13,2,0,1,3,0,1,0.105263157,"sa3018975"
"Alejandro Nunez","HOU","A+",20,57,215,244,61,43,13,0,5,27,25,18,0,55,4,4,2,3,11,5,0.28372093,"sa3018977"
"Jesus Castro","SDP","CPX",20,19,41,47,10,7,3,0,0,5,9,5,0,16,1,0,0,1,0,0,0.243902439,"sa3019090"
"Kleimir Lemos","TEX","CPX",20,43,151,167,42,26,10,1,5,26,40,7,1,43,4,5,0,2,2,3,0.278145695,"sa3019096"
"Andy Basora","KCR","CPX",20,12,0,0,0,0,0,0,0,0,0,0,0,0,0,0,0,0,0,0,0,"sa3019168"
"Ricardo Hurtado","DET","A",22,52,177,204,42,29,9,0,4,23,32,19,0,58,5,1,0,8,0,0,0.237288135,"sa3019200"
"Reylin Perez","HOU","A,A+,AA,CPX",20,40,106,122,16,11,5,0,0,9,2,13,0,51,1,0,2,1,4,2,0.150943396,"sa3019204"
"Yohander Linarez","BOS","A,CPX",20,35,106,116,26,20,4,1,1,15,16,9,0,26,1,0,0,3,4,2,0.245283018,"sa3019212"
"Angel Diaz","LAD","A,A+,CPX",21,30,96,115,20,13,3,0,4,15,19,16,0,31,3,0,0,5,0,0,0.208333333,"sa3019214"
"Deivis Mosquera","MIA","DSL",20,23,73,88,21,18,2,1,0,10,10,11,0,22,3,1,0,0,6,1,0.287671232,"sa3019216"
"Johan Contreras","NYY","CPX",20,20,56,61,11,7,3,0,1,7,7,4,0,25,1,0,0,1,0,0,0.196428571,"sa3019217"
"Dervy Ventura","SEA","A",21,63,208,248,54,39,12,1,2,41,25,35,0,58,1,3,1,2,13,3,0.259615384,"sa3019218"
"Griffin Lockwood-Powell","LAD","AA",27,43,151,184,42,32,6,1,3,22,12,33,0,37,0,0,0,3,0,0,0.278145695,"sa3019303"
"Cesar Gonzalez","OAK","A,CPX",20,36,122,146,27,15,11,1,0,23,17,20,0,37,1,3,0,5,0,1,0.221311475,"sa3019308"
"Abdias De La Cruz","ARI","A",20,67,241,278,53,37,12,2,2,26,22,31,0,72,2,3,1,1,10,2,0.219917012,"sa3019401"
"Josnaider Orellana","ATL","A,CPX",20,9,26,34,7,4,2,0,1,3,7,4,0,4,2,2,0,1,0,0,0.269230769,"sa3019404"
"Roinny Aguiar","PIT","CPX",20,18,36,49,6,6,0,0,0,9,4,11,0,8,0,0,2,0,4,0,0.166666666,"sa3019439"
"Jorgelys Mota","WSN","A",20,54,195,222,48,31,11,3,3,22,27,23,0,74,4,0,0,0,15,6,0.246153846,"sa3019465"
"Nomar Velasquez","CLE","DSL",20,19,58,70,14,12,2,0,0,16,9,9,0,11,2,1,0,1,6,0,0.24137931,"sa3019483"
"Luis Marquez","TEX","A,A+,CPX",19,36,109,122,33,23,8,1,1,14,12,8,0,22,4,1,0,1,4,1,0.302752293,"sa3019498"
"Elis Cuevas","BAL","A,CPX",20,42,144,171,36,28,5,0,3,21,19,20,0,26,6,0,1,1,11,1,0.25,"sa3019509"
"Roiner Quintana","HOU","CPX",20,16,42,48,13,10,3,0,0,12,7,4,0,9,2,0,0,1,2,3,0.309523809,"sa3019510"
"Won-Bin Cho","STL","A,A+",21,55,192,226,43,34,8,0,1,32,27,31,0,55,1,1,1,1,11,2,0.223958333,"sa3019526"
"Cruzmel Arias","COL","CPX",21,21,59,63,11,6,5,0,0,5,9,3,0,16,1,0,0,7,1,1,0.186440677,"sa3019527"
"Larry Martinez","TBR","A",19,53,184,204,43,38,5,0,0,22,14,15,0,42,3,1,0,7,1,0,0.233695652,"sa3019551"
"Yasser Mercedes","MIN","A,CPX",20,58,226,263,42,26,10,0,6,30,30,29,0,76,4,4,0,5,25,2,0.185840707,"sa3019557"
"Ricson Gonzalez","KCR","CPX",20,27,68,83,16,12,3,1,0,10,4,12,0,17,2,0,1,3,0,1,0.235294117,"sa3019629"
"Athanael Duarte","LAA","CPX",20,45,165,189,40,20,14,4,2,25,20,19,0,45,4,0,1,3,1,1,0.242424242,"sa3019630"
"Yoffry Solano","MIA","CPX",20,28,95,112,28,22,4,2,0,18,9,12,0,19,5,0,0,1,6,2,0.294736842,"sa3019638"
"Oliver Carrillo","HOU","A,A+",23,49,157,195,32,22,6,0,4,23,25,27,0,53,8,3,0,3,3,0,0.203821656,"sa3019662"
"Darwin De Leon","HOU","CPX",21,19,48,62,13,9,3,1,0,11,7,12,0,10,0,0,0,0,2,2,0.270833333,"sa3019665"
"Roderick Arias","NYY","A",20,57,225,266,43,27,11,0,5,36,33,37,0,76,2,1,0,1,20,5,0.191111111,"sa3019674"
"Dennys Riera","SFG","DSL",20,15,45,57,12,8,2,2,0,8,6,3,0,10,6,3,0,1,1,0,0.266666666,"sa3019675"
"Joan Delgado","CHC","CPX",20,29,96,108,19,12,3,3,1,19,8,11,0,41,1,0,0,1,13,1,0.197916666,"sa3019676"
"Douglas Glod","ATL","A",20,51,162,200,34,22,7,0,5,21,22,32,0,72,5,1,0,0,1,2,0.209876543,"sa3019685"
"Arnold Prado","CHW","A,CPX",20,40,127,149,26,22,2,2,0,15,11,20,0,48,1,0,1,2,9,3,0.204724409,"sa3019704"
"Carlos Cauro","HOU","A",20,12,26,32,6,2,1,0,3,4,8,6,0,12,0,0,0,1,0,1,0.23076923,"sa3019763"
"Kedaur Trujillo","HOU","A",21,41,132,156,23,16,4,0,3,21,13,22,0,52,1,0,1,1,2,3,0.174242424,"sa3019764"
"Andrews Sosa","HOU","CPX",20,21,53,63,11,8,2,1,0,8,6,9,0,22,0,1,0,1,1,0,0.207547169,"sa3019765"
"Gabriel Gomes","CIN","CPX",21,12,29,33,5,4,0,1,0,4,4,1,0,10,2,1,0,0,0,0,0.172413793,"sa3019766"
"Kevyn Castillo","LAA","A",20,41,158,192,45,35,4,4,2,20,19,28,0,39,2,2,2,3,6,3,0.284810126,"sa3019771"
"William Bergolla","CHW","AA",20,74,282,321,77,61,15,1,0,38,15,25,0,18,3,0,11,6,21,8,0.273049645,"sa3019777"
"Curtis Washington Jr.","SEA","A,A+",25,68,231,264,67,45,16,3,3,48,26,28,0,57,4,1,0,2,28,3,0.29004329,"sa3019803"
"Hogan Windish","SEA","AA",26,54,182,211,37,23,12,1,1,22,21,22,1,64,6,1,0,8,6,0,0.203296703,"sa3019805"
"David Martin","ARI","A+,AA",24,9,17,21,5,5,0,0,0,1,1,3,0,5,1,0,0,2,0,0,0.294117647,"sa3019824"
"Jacob Berry","MIA","AAA",24,72,220,259,51,30,14,1,6,32,33,31,0,54,5,2,1,4,15,4,0.231818181,"sa3019825"
"Wilme Mora","CHC","CPX",22,13,0,1,0,0,0,0,0,0,0,1,0,0,0,0,0,0,0,0,0,"sa3019835"
"Jacob Campbell","SDP","A+",25,48,157,170,35,24,7,1,3,20,22,10,0,44,2,0,1,1,2,1,0.222929936,"sa3019836"
"Michael Curialle","STL","A+",24,53,180,206,43,31,6,2,4,31,22,15,1,56,11,0,0,8,4,1,0.238888888,"sa3019837"
"Brody Moore","STL","AA,AAA",24,57,192,208,43,35,5,0,3,30,25,13,0,48,1,2,0,5,5,0,0.223958333,"sa3019839"
"R.J. Yeager","STL","AA",26,66,234,267,48,32,10,0,6,38,28,21,0,49,7,4,1,4,4,3,0.205128205,"sa3019840"
"Jimmy Crooks","STL","AAA",23,65,263,287,67,43,12,1,11,40,59,22,0,80,1,1,0,3,0,0,0.254752851,"sa3019841"
"Nathan Church","STL","A,AA,AAA",24,58,233,260,78,52,12,4,10,44,40,24,0,27,1,2,0,1,11,4,0.334763948,"sa3019842"
"Tucker Flint","LAA","AA,AAA",24,68,221,266,45,20,12,1,12,43,43,35,0,83,5,2,3,7,9,0,0.203619909,"sa3019856"
"Kai Murphy","SDP","AA",24,68,213,251,50,41,7,1,1,28,13,31,0,35,5,2,0,4,6,6,0.234741784,"sa3019857"
"Ivan Melendez","ARI","AA",25,55,189,220,49,30,5,0,14,27,33,21,0,54,7,3,0,5,1,0,0.259259259,"sa3019859"
"Braedon Karpathios","SDP","A+",22,71,247,297,57,34,12,1,10,37,39,49,0,85,1,0,0,5,3,2,0.23076923,"sa3019863"
"Romeo Sanabria","SDP","AA",23,69,268,293,72,53,11,0,8,32,38,21,3,63,0,3,1,4,2,1,0.268656716,"sa3019865"
"Sonny DiChiara","LAA","AA",25,32,100,121,13,6,3,0,4,5,11,17,0,37,3,1,0,1,0,0,0.13,"sa3019866"
"Jakob Marsee","MIA","AAA",24,82,293,361,71,43,11,5,12,45,32,53,0,71,7,2,6,2,40,10,0.242320819,"sa3019868"
"Ben Gobbel","LAA","A+,AA",25,71,246,269,70,40,18,0,12,35,41,15,0,58,6,0,2,12,5,3,0.284552845,"sa3019870"
"Nick Biddison","LAD","A+,AA,AAA,CPX",24,26,88,105,21,16,2,0,3,16,8,11,0,27,4,1,1,0,8,1,0.238636363,"sa3019888"
"Sean McLain","LAD","AA",24,76,235,280,43,30,9,2,2,30,22,37,0,55,6,0,1,2,9,5,0.182978723,"sa3019890"
"Kevin Kilpatrick Jr.","ATL","AA",24,60,197,220,37,34,2,1,0,18,16,19,0,55,2,2,0,0,12,7,0.187817258,"sa3019891"
"Keshawn Ogans","ATL","A+,AA",23,50,136,163,26,21,5,0,0,11,7,20,0,28,4,2,0,5,5,6,0.19117647,"sa3019893"
"Kyle Nevin","LAD","A+,AA,CPX",23,28,95,116,27,15,8,1,3,13,30,15,0,20,3,3,0,5,1,1,0.284210526,"sa3019894"
"Ambioris Tavarez","ATL","A+",21,68,240,284,56,44,7,0,5,32,20,34,1,98,7,3,0,5,11,2,0.233333333,"sa3019895"
"Adrian Rodriguez","ARI","A",21,61,210,251,41,31,6,2,2,30,19,32,0,65,5,3,1,2,4,3,0.195238095,"sa3019899"
"E.J. Exposito","ATL","A+,AA",24,57,197,228,47,30,8,1,8,28,26,23,0,57,6,2,0,3,5,1,0.23857868,"sa3019900"
"Bubba Alleyne","LAD","AA",26,12,42,44,6,6,0,0,0,2,4,1,0,11,1,0,0,0,3,0,0.142857142,"sa3019902"
"Justin Janas","ATL","A+",24,53,185,206,47,38,4,2,3,21,26,12,0,38,7,2,0,2,8,0,0.254054054,"sa3019903"
"Javier Vaz","KCR","AA",24,56,216,258,49,40,8,0,1,37,15,30,0,18,5,0,6,4,10,2,0.226851851,"sa3019906"
"Taylor Young","LAD","AA",26,79,290,342,69,55,12,0,2,49,23,46,0,54,4,2,0,6,22,7,0.237931034,"sa3019907"
"Caleb Ricketts","PHI","A,A+,AA",25,26,96,103,28,14,10,0,4,12,13,5,0,20,1,1,0,2,0,0,0.291666666,"sa3019917"
"Cade Fergus","PHI","AA,AAA",24,64,178,211,33,15,5,1,12,29,29,24,0,91,7,1,1,3,11,3,0.185393258,"sa3019919"
"Troy Schreffler Jr.","NYM","A+",24,29,81,85,15,11,1,3,0,8,8,2,0,32,1,1,0,2,2,1,0.185185185,"sa3019921"
"Jack Brannigan","PIT","AA",24,59,204,237,46,31,8,2,5,29,30,25,0,62,7,1,0,3,9,0,0.225490196,"sa3019922"
"Eric Brown Jr.","MIL","AA",24,16,59,64,11,6,4,0,1,4,12,5,0,19,0,0,0,0,0,1,0.186440677,"sa3019923"
"Matthew Wood","MIL","A+,AA",24,53,169,209,42,28,10,0,4,27,19,30,0,27,5,4,0,5,6,2,0.24852071,"sa3019924"
"Jordan Sprinkle","CHW","A,A+",24,53,154,186,38,31,5,1,1,24,15,26,0,33,3,1,2,0,32,4,0.246753246,"sa3019925"
"Robert Moore","PHI","AA",23,63,213,251,45,25,14,1,5,31,26,31,0,55,1,2,4,3,3,1,0.211267605,"sa3019928"
"Tayden Hall","MIL","A+",22,57,174,225,30,19,8,2,1,26,15,47,0,61,2,2,0,3,4,0,0.172413793,"sa3019929"
"Logan Wagner","LAD","A+",21,76,271,328,60,35,14,1,10,49,47,46,0,89,8,3,0,5,6,1,0.221402214,"sa3019932"
"Reece Walling","MIL","A",21,58,176,231,26,18,4,2,2,34,9,53,0,72,2,0,0,5,0,1,0.147727272,"sa3019933"
"Jacob Burke","CHW","AA",24,45,147,170,32,24,6,0,2,15,19,14,0,43,4,3,2,1,9,4,0.217687074,"sa3019934"
"Collin Price","HOU","AAA",25,68,237,279,48,24,11,1,12,34,42,32,0,78,6,4,0,5,0,0,0.202531645,"sa3019935"
"Drake Logan","CHW","A+,CPX",24,21,70,78,20,13,4,2,1,17,6,6,0,25,2,0,0,1,4,1,0.285714285,"sa3019936"
"Zach Cole","HOU","AA",24,49,181,207,44,20,10,1,13,32,32,23,0,79,3,0,0,2,13,3,0.243093922,"sa3019937"
"Jud Fabian","BAL","AAA",24,65,213,255,47,25,9,1,12,36,29,37,0,72,0,3,2,7,2,0,0.220657276,"sa3019942"
"Jake Thompson","MIA","AA",27,44,145,181,33,20,11,1,1,11,11,30,1,48,2,4,0,0,2,2,0.227586206,"sa3019945"
"Adam Retzbach","BAL","AA",24,68,205,244,49,29,12,1,7,19,30,26,0,85,8,1,4,1,1,1,0.23902439,"sa3019946"
"Skyler Messinger","COL","A+",26,81,296,331,72,49,15,0,8,34,33,22,0,84,6,7,0,3,9,4,0.243243243,"sa3019963"
"David McCabe","ATL","AA",25,73,259,303,70,48,16,1,5,33,25,40,0,64,0,4,0,4,1,1,0.27027027,"sa3019964"
"Bill Knight","SEA","AA",25,74,293,331,78,59,13,3,3,48,37,26,0,73,9,3,0,11,23,6,0.266211604,"sa3019965"
"Danny Serretti","DET","AA",25,29,89,110,16,8,8,0,0,12,14,18,0,28,2,1,0,2,2,1,0.17977528,"sa3019967"
"Zach Morgan","SFG","AA,AAA",25,37,120,140,27,21,3,0,3,11,14,13,0,21,2,1,3,5,2,0,0.225,"sa3019968"
"Spencer Jones","NYY","AA,AAA",24,58,210,253,61,30,11,0,20,51,40,40,0,84,1,2,0,2,13,2,0.29047619,"sa3019969"
"Chris Newell","LAD","AA",24,74,259,313,51,31,10,1,9,31,34,48,4,111,2,4,0,0,9,0,0.196911196,"sa3019971"
"Clark Elliott","OAK","A+,AA",24,64,198,249,45,29,8,3,5,32,29,43,1,48,7,1,0,3,8,0,0.227272727,"sa3019972"
"Brennan Milone","OAK","AA,AAA",24,70,243,288,64,35,15,2,12,49,46,39,0,50,3,3,0,7,5,1,0.263374485,"sa3019974"
"Silas Ardoin","BAL","AA",24,66,208,264,41,24,12,1,4,22,29,45,1,74,3,6,2,5,4,0,0.197115384,"sa3019976"
"Tayler Aguilar","COL","CPX",24,17,41,48,5,1,2,1,1,3,2,3,0,20,2,0,2,2,0,1,0.121951219,"sa3019977"
"Nathan Martorella","MIA","AA",24,75,267,311,58,37,14,0,7,30,35,38,3,57,3,3,0,6,6,3,0.217228464,"sa3019978"
"Andrew Jenkins","DET","A+,AAA",24,52,189,217,43,27,9,2,5,32,28,20,0,55,7,1,0,1,0,0,0.227513227,"sa3019979"
"Drew Gilbert","NYM","A,AAA",24,73,270,323,66,39,15,1,11,42,43,39,0,51,9,4,0,7,3,3,0.244444444,"sa3019980"
"Kody Huff","CLE","AAA",24,65,227,261,47,31,13,0,3,17,30,26,0,74,4,2,2,10,2,3,0.207048458,"sa3019982"
"Dylan Beavers","BAL","AAA",23,66,242,287,77,55,10,2,10,51,34,38,0,50,2,4,1,3,20,4,0.318181818,"sa3019983"
"Gavin Cross","KCR","AA",24,63,258,276,54,36,9,1,8,36,35,14,0,76,0,3,1,2,5,3,0.209302325,"sa3019985"
"Luke Gold","DET","A+",24,55,194,213,39,22,10,2,5,26,25,13,0,49,6,0,0,5,0,0,0.201030927,"sa3019986"
"Anthony Hall","NYY","A+",24,31,96,105,20,14,5,0,1,12,10,8,0,40,0,0,0,0,4,1,0.208333333,"sa3019987"
"Peyton Graham","DET","A+",24,65,230,261,62,41,13,1,7,37,35,24,0,64,4,1,1,2,10,1,0.269565217,"sa3019990"
"Caeden Trenkle","OAK","AA",24,58,173,194,33,27,3,2,1,25,16,17,0,65,1,1,2,0,3,3,0.190751445,"sa3019991"
"Cayden Wallace","WSN","AA",23,69,247,278,51,33,11,2,5,29,29,20,0,65,4,6,1,6,9,1,0.206477732,"sa3019996"
"Daniel Susac","OAK","AAA",24,56,213,245,62,40,11,1,10,30,43,23,0,65,6,3,0,3,5,2,0.291079812,"sa3019997"
"Sterlin Thompson","COL","AAA",24,73,271,316,73,39,18,7,9,53,37,30,0,66,13,2,0,7,8,1,0.269372693,"sa3019999"
"Spencer Bramwell","MIA","AA",26,25,80,85,13,8,1,0,4,6,7,5,0,30,0,0,0,2,2,2,0.1625,"sa3020000"
"Chase Valentine","SDP","A,A+,AA",23,52,164,183,32,23,8,0,1,24,13,13,0,46,4,1,1,2,9,6,0.195121951,"sa3020002"
"Henry Bolte","OAK","AA",21,75,274,324,75,52,12,4,7,39,35,39,0,87,8,3,0,4,31,2,0.273722627,"sa3020006"
"Nomar Diaz","SFG","A,CPX",21,11,36,46,7,6,0,0,1,8,3,9,0,10,1,0,0,1,0,0,0.194444444,"sa3020007"
"Blake Rambusch","SEA","AA",25,61,197,224,52,43,6,3,0,44,15,21,0,31,4,2,0,4,17,2,0.26395939,"sa3020008"
"Tanner Schobel","MIN","AA,AAA",24,60,237,276,67,42,16,1,8,43,34,30,0,48,5,4,0,7,7,1,0.282700421,"sa3020009"
"Tyler Robertson","SDP","AA",25,20,60,73,5,4,1,0,0,3,3,8,0,25,2,1,1,1,5,0,0.083333333,"sa3020010"
"Connor Charping","SEA","AA",26,37,125,155,39,36,2,1,0,20,18,24,0,23,5,1,0,1,8,1,0.312,"sa3020014"
"Kevin Graham","ARI","AA,AAA",25,36,117,131,18,11,5,0,2,12,11,12,0,42,1,1,0,2,1,0,0.153846153,"sa3020087"
"Jorel Ortega","MIN","AA",24,54,167,194,39,24,7,0,8,26,24,25,0,41,0,1,1,2,8,0,0.233532934,"sa3020090"
"Josh Zamora","MIA","AA",26,68,241,275,46,34,6,0,6,25,19,26,0,47,3,3,1,7,3,0,0.190871369,"sa3020092"
"Harrison Spohn","MIA","AA,AAA",26,40,108,124,19,17,1,1,0,10,13,14,0,52,1,1,0,2,2,4,0.175925925,"sa3020093"
"Daniel Silva","NYM","CPX",20,21,50,65,6,1,3,0,2,5,6,13,0,17,2,0,0,0,0,0,0.12,"sa3020098"
"Peyton Williams","TOR","AA",24,76,261,288,58,38,10,1,9,28,35,24,1,88,1,2,0,11,0,0,0.222222222,"sa3020099"
"Jordan Dissin","PHI","A+,AA",23,37,121,141,21,18,3,0,0,13,7,19,0,49,1,0,0,4,0,2,0.173553719,"sa3020100"
"Jancel Villarroel","HOU","A",20,67,247,296,61,40,14,3,4,39,34,36,0,57,9,4,0,2,18,6,0.246963562,"sa3020102"
"Josh Hatcher","TEX","AA",26,69,279,292,71,52,10,1,8,29,43,10,0,86,1,2,0,5,10,4,0.254480286,"sa3020115"
"Logan Tanner","CIN","A+",24,12,33,43,4,4,0,0,0,5,3,9,0,14,0,0,1,0,0,0,0.121212121,"sa3020117"
"Trey Faltine","CIN","A,A+,AA,AAA",24,39,100,114,19,13,5,1,0,12,10,9,0,46,2,0,2,3,7,1,0.19,"sa3020118"
"Tres Gonzalez","PIT","AA",24,52,153,177,38,30,8,0,0,11,10,18,0,31,4,1,1,2,0,2,0.248366013,"sa3020121"
"Thomas Gavello","SFG","A+,AA,AAA",24,52,155,178,39,23,10,0,6,24,32,10,0,52,6,4,3,0,6,0,0.251612903,"sa3020122"
"Justin Boyd","CLE","AA,AAA",24,24,72,85,12,10,2,0,0,9,3,9,0,33,3,0,1,1,0,0,0.166666666,"sa3020123"
"Tommy Sacco Jr.","HOU","AA,AAA",26,73,252,289,52,44,6,1,1,21,23,29,0,71,3,3,2,9,10,1,0.206349206,"sa3020125"
"Ryan Clifford","NYM","AA",21,79,268,320,66,34,14,1,17,36,54,49,1,85,1,2,0,1,4,2,0.246268656,"sa3020126"
"Matt Higgins","SFG","A+,AA",25,41,128,151,29,21,5,0,3,19,13,17,0,30,2,1,0,2,1,0,0.2265625,"sa3020128"
"Nick Cimillo","PIT","AA",25,65,223,252,49,29,13,1,6,21,31,21,0,54,4,3,1,7,2,1,0.219730941,"sa3020129"
"Sal Stewart","CIN","AA",21,78,286,321,88,59,19,0,10,50,44,27,0,50,7,1,0,4,13,2,0.307692307,"sa3020130"
"Cam Collier","CIN","A+,AA,CPX",20,40,137,166,45,32,10,1,2,23,17,28,1,34,1,0,0,3,1,1,0.328467153,"sa3020131"
"Tucker Toman","TOR","A",21,63,236,264,60,44,12,1,3,30,36,20,0,73,6,2,0,3,2,0,0.254237288,"sa3020132"
"Haydn McGeary","CHC","AA",25,24,78,93,18,18,0,0,0,7,8,14,0,31,0,1,0,4,1,0,0.23076923,"sa3020133"
"Jett Williams","NYM","AA",21,73,260,311,74,40,23,5,6,49,28,47,0,67,2,1,1,3,24,5,0.284615384,"sa3020134"
"Luke Adams","MIL","AA",21,59,195,260,47,23,13,0,11,48,38,41,0,54,21,1,0,2,10,3,0.241025641,"sa3020135"
"Christopher Paciolla","CHC","A,CPX",21,40,137,158,26,19,7,0,0,8,12,13,0,42,6,2,0,1,7,4,0.189781021,"sa3020138"
"Carter Howell","SFG","AA",26,63,231,263,47,34,7,1,5,24,18,21,0,54,7,3,0,5,3,3,0.203463203,"sa3020139"
"Sammy Hernandez","STL","A",21,59,202,241,48,41,7,0,0,25,29,29,0,49,7,1,2,6,6,1,0.237623762,"sa3020141"
"Devonte Brown","TOR","A,AA",25,61,180,213,36,22,10,0,4,23,25,29,0,62,3,1,0,2,8,0,0.2,"sa3020189"
"Brock Jones","TBR","AA,AAA",24,52,146,167,21,10,4,0,7,20,23,18,0,82,2,1,0,0,12,3,0.143835616,"sa3020190"
"Gavin Logan","ARI","A+,AAA",25,34,109,133,27,16,10,0,1,19,13,21,0,34,2,1,0,2,0,0,0.247706422,"sa3020191"
"Mario Camilletti","CHW","AA",26,54,182,216,44,35,5,2,2,25,16,31,0,51,1,1,1,4,4,0,0.241758241,"sa3020192"
"Dominic Keegan","TBR","AAA,CPX",24,29,108,127,31,18,8,0,5,19,15,19,0,32,0,0,0,4,0,1,0.287037037,"sa3020194"
"Michael Turconi","TOR","AA,AAA",26,33,84,103,11,7,3,1,0,11,6,16,0,37,1,2,0,1,0,1,0.13095238,"sa3020195"
"Cade Doughty","TOR","A,AA",24,61,188,211,44,31,11,0,2,17,17,17,0,45,1,3,2,4,5,1,0.234042553,"sa3020196"
"Cade Hunter","CIN","AA",24,43,118,137,24,17,5,0,2,16,11,16,0,38,2,0,1,1,2,1,0.20338983,"sa3020199"
"Blake Robertson","TBR","A+",24,44,144,175,30,20,6,0,4,20,16,28,1,47,3,0,0,4,1,0,0.208333333,"sa3020200"
"Kamren James","TBR","AA",25,30,88,99,10,9,1,0,0,9,4,10,0,31,0,0,1,1,0,0,0.113636363,"sa3020201"
"Cortland Lawson","WSN","A+,AA",25,56,205,225,48,35,11,0,2,21,22,15,0,56,1,2,2,3,2,3,0.234146341,"sa3020202"
"Josh Kasevich","TOR","A,CPX",24,5,18,20,6,6,0,0,0,1,2,2,0,1,0,0,0,0,0,0,0.333333333,"sa3020203"
"Ryan Cermak","TBR","A+,CPX",24,31,108,122,29,11,11,1,6,20,19,11,1,31,3,0,0,1,8,2,0.268518518,"sa3020204"
"Jalen Battles","TBR","AA,AAA",25,16,49,54,8,6,1,0,1,8,1,3,0,16,2,0,0,1,3,0,0.163265306,"sa3020205"
"Nathaniel Ochoa Leyva","WSN","A",21,45,159,176,29,22,4,1,2,16,21,15,0,64,2,0,0,2,6,1,0.182389937,"sa3020207"
"Elijah Green","WSN","A+,CPX",21,51,170,198,35,24,4,0,7,24,12,27,0,82,1,0,0,4,10,1,0.205882352,"sa3020210"
"Harry Owen","ATL","A+",23,33,103,117,18,13,4,0,1,6,6,9,0,20,4,0,1,2,0,0,0.174757281,"sa3020213"
"Termarr Johnson","PIT","AA",21,75,276,315,69,50,9,2,8,42,24,34,0,58,1,1,3,4,12,6,0.25,"sa3020214"
"Mikey Romero","BOS","AA",21,51,202,227,56,33,13,2,8,36,32,19,0,55,2,2,2,0,4,2,0.277227722,"sa3020216"
"Brenner Cox","WSN","A+",21,44,152,168,20,12,8,0,0,12,8,13,0,71,1,0,2,1,4,2,0.131578947,"sa3020217"
"Everett Cooper III","WSN","A,CPX",21,7,18,22,2,1,1,0,0,3,1,4,0,3,0,0,0,0,2,0,0.111111111,"sa3020218"
"Bryan Rincon","PHI","A+",21,66,237,286,41,26,9,1,5,44,28,40,0,84,3,2,4,3,27,5,0.17299578,"sa3020221"
"Cameron Decker","LAD","A,A+,CPX",21,26,83,101,15,8,4,0,3,10,14,13,0,29,3,2,0,3,1,1,0.180722891,"sa3020223"
"Ryan Wrobleski","HOU","AA",25,45,148,170,32,23,3,1,5,21,18,17,1,49,4,1,0,5,9,1,0.216216216,"sa3020239"
"Justin Crawford","PHI","AAA",21,69,282,322,96,73,18,3,2,54,29,36,0,56,0,2,2,4,27,8,0.340425531,"sa3020240"
"Rafael Flores","NYY","AA",24,81,313,346,89,51,23,0,15,45,55,29,0,89,1,3,0,3,5,0,0.284345047,"sa3020243"
"Ryan McCarty","TOR","AA,AAA",26,59,177,208,47,33,9,1,4,23,16,24,0,51,6,1,0,2,5,2,0.265536723,"sa3020244"
"Josh Hood","SEA","AA",24,69,249,269,50,34,11,0,5,29,29,16,1,77,1,3,0,6,14,4,0.200803212,"sa3020268"
"Dalton Shuffield","MIN","AA,AAA",26,13,27,29,6,4,2,0,0,3,0,2,0,9,0,0,0,0,0,0,0.222222222,"sa3020270"
"Maxwell Romero Jr.","WSN","AA",24,51,169,192,40,24,11,0,5,16,32,16,1,60,2,4,1,5,1,3,0.23668639,"sa3020271"
"Nate Baez","MIN","A+,AA",24,59,201,243,63,44,11,3,5,39,29,36,0,41,5,1,0,6,3,0,0.313432835,"sa3020272"
"Jared McKenzie","WSN","A+,AA",24,49,186,200,29,16,8,3,2,20,11,11,0,60,0,2,1,3,3,2,0.155913978,"sa3020273"
"Kaden Hollow","SDP","A,A+",24,75,251,313,66,50,13,1,2,37,43,49,0,53,3,7,3,4,1,2,0.262948207,"sa3020274"
"Murphy Stehly","WSN","A+,AA",26,48,152,184,45,28,10,0,7,30,22,23,0,37,7,1,1,2,4,1,0.296052631,"sa3020276"
"Tatem Levins","TBR","AA",26,58,173,230,48,32,11,1,4,33,28,52,1,55,3,2,0,1,1,0,0.277456647,"sa3020278"
"Lamar King Jr.","SDP","A",21,68,257,296,75,48,22,1,4,47,34,31,0,52,5,3,0,7,15,1,0.291828793,"sa3020279"
"Cutter Coffey","TOR","A+",21,68,266,304,72,49,17,0,6,48,39,33,1,78,3,2,0,5,5,3,0.270676691,"sa3020280"
"Emaarion Boyd","MIA","A+",21,59,180,216,40,29,7,2,2,26,23,22,0,38,8,6,0,3,31,10,0.222222222,"sa3020281"
"Juanfel Peguero","TBR","CPX",20,23,62,75,17,15,2,0,0,9,10,10,0,9,2,0,1,4,0,1,0.274193548,"sa3020282"
"Spence Coffman","SDP","A",21,6,16,17,3,3,0,0,0,2,2,1,0,5,0,0,0,0,1,0,0.1875,"sa3020285"
"Devin Ortiz","SDP","AA",26,77,288,323,73,61,9,1,2,35,22,28,0,61,3,1,3,8,11,2,0.253472222,"sa3020345"
"Tyler Baca","WSN","CPX",25,11,23,27,6,6,0,0,0,7,5,4,0,7,0,0,0,0,1,0,0.260869565,"sa3020347"
"Johnathon Thomas","WSN","A+,AA",25,59,168,198,41,28,10,2,1,26,13,14,0,33,5,0,6,3,20,4,0.244047619,"sa3020349"
"Matt Suggs","WSN","A+,AA",25,27,76,91,17,11,6,0,0,12,7,13,0,25,1,1,0,1,2,0,0.22368421,"sa3020351"
"Bryce Willits","CHW","AA,CPX",25,39,120,141,30,20,8,1,1,13,11,20,0,26,1,0,0,1,5,0,0.25,"sa3020352"
"Ben Ross","MIN","AA",24,72,253,296,54,40,8,1,5,35,28,36,0,68,2,5,0,4,11,3,0.213438735,"sa3020353"
"Caleb Farmer","WSN","A+",25,18,51,57,5,0,1,2,2,7,6,3,0,17,3,0,0,1,0,0,0.098039215,"sa3020354"
"Matt Coutney","LAA","A,A+",25,70,237,281,62,35,16,0,11,35,36,38,0,76,4,1,1,2,2,1,0.261603375,"sa3020413"
"Max Wagner","BAL","AA",23,50,175,198,38,24,9,2,3,14,14,19,0,65,1,1,2,2,4,5,0.217142857,"sa3020415"
"Jacob Reimer","NYM","A+,AA",21,73,269,316,76,41,20,4,11,56,49,36,1,67,9,2,0,4,11,3,0.282527881,"sa3020416"
"Brooks Brannon","BOS","A+,AA",21,63,242,259,59,42,9,2,6,36,33,16,2,76,1,0,0,4,3,1,0.243801652,"sa3020417"
"Nick Morabito","NYM","AA",22,75,279,313,80,51,23,2,4,48,42,28,0,80,3,2,0,6,31,7,0.286738351,"sa3020418"
"John Garcia","HOU","AA",24,52,172,201,39,30,7,0,2,18,19,22,0,56,5,2,0,4,4,1,0.226744186,"sa3020419"
"Andy Garriola","CHC","A+,AA",25,69,249,279,55,34,13,0,8,33,37,21,0,68,6,3,0,6,5,1,0.220883534,"sa3020458"
"Hector Osorio","TEX","A",20,55,166,214,41,31,5,2,3,23,33,34,0,29,9,4,1,2,6,2,0.246987951,"sa3020461"
"Andrew Cossetti","MIN","AA",25,45,154,185,37,20,9,1,7,26,26,25,0,47,6,0,0,3,1,0,0.24025974,"sa3020493"
"Seth Stephenson","DET","A+",24,69,278,326,76,55,12,3,6,55,36,25,0,50,19,1,3,5,27,4,0.273381294,"sa3020495"
"Austin Charles","KCR","A+,CPX",21,41,148,163,28,21,6,1,0,11,13,8,0,46,0,6,1,2,10,4,0.189189189,"sa3020497"
"Xavier Isaac","TBR","AA",21,41,139,175,28,13,5,1,9,21,22,34,0,52,2,0,0,3,1,2,0.201438848,"sa3020498"
"Milo Rushford","KCR","A",21,50,150,188,31,25,3,1,2,15,14,27,0,54,3,6,2,1,5,2,0.206666666,"sa3020499"
"Carter Young","BAL","A+,AA",24,29,101,112,15,14,1,0,0,7,7,9,0,38,2,0,0,1,1,1,0.148514851,"sa3020534"
"Colin Burgess","ATL","A",24,20,69,73,17,13,2,0,2,8,9,4,0,14,0,0,0,2,0,0,0.246376811,"sa3020535"
"D'Andre Smith","NYM","A+,AA",24,60,207,228,55,38,9,2,6,27,25,17,0,40,3,1,0,7,15,1,0.265700483,"sa3020536"
"Kevin Parada","NYM","AA",23,60,200,227,47,28,11,0,8,23,27,19,0,66,2,5,1,1,1,0,0.235,"sa3020575"
"Giullianno Allende","KCR","A",21,29,71,83,13,10,2,1,0,17,2,8,0,24,2,1,1,0,7,2,0.183098591,"sa3020576"
"Eric Reyzelman","NYY","AAA",24,29,0,0,0,0,0,0,0,0,0,0,0,0,0,0,0,0,0,0,0,"sa3020611"
"Douglas Hodo III","BAL","AA",24,67,212,257,42,29,9,0,4,28,15,37,0,74,5,2,1,2,16,8,0.198113207,"sa3020614"
"Chandler Pollard","TEX","A,A+",21,54,210,239,54,45,7,1,1,39,18,16,1,54,13,0,0,8,28,7,0.257142857,"sa3020615"
"Adam Serwinowski","CIN","A+",21,16,0,0,0,0,0,0,0,0,0,0,0,0,0,0,0,0,0,0,0,"sa3020626"
"Joe Lampe","CLE","AA",24,67,246,278,55,35,13,2,5,32,39,27,0,70,3,1,1,1,9,2,0.223577235,"sa3020642"
"Alex Freeland","LAD","AAA",23,80,314,384,83,49,24,0,10,58,61,60,1,90,3,7,0,8,14,5,0.26433121,"sa3020653"
"Michael Turner","CHW","AA",26,21,63,74,19,15,4,0,0,6,9,10,0,21,0,1,0,0,0,0,0.301587301,"sa3020658"
"Druw Jones","ARI","A+",21,79,310,347,76,58,15,2,1,47,33,34,0,83,0,3,0,7,14,1,0.24516129,"sa3020676"
"Brando Mayea","NYY","CPX",19,20,74,84,22,14,4,1,3,19,9,6,0,19,3,0,0,2,4,3,0.297297297,"sa3020679"
"Enmanuel Bonilla","TOR","CPX",19,44,154,181,27,19,4,1,3,21,19,16,0,50,4,6,0,5,9,4,0.175324675,"sa3020684"
"Brett Squires","KCR","AA",25,66,248,272,57,32,14,6,5,27,31,22,0,92,2,0,0,1,7,2,0.229838709,"sa3020714"
"Andrew Pintar","MIA","AAA",24,72,251,280,69,52,11,2,4,31,26,22,0,80,4,2,0,3,21,4,0.274900398,"sa3020715"
"Maddux Houghton","MIN","A,A+,AAA",26,50,144,170,36,22,5,1,8,39,25,20,0,48,5,1,0,0,13,1,0.25,"sa3020716"
"Gabriel Rincones Jr.","PHI","AAA",24,74,255,314,55,35,11,1,8,43,39,50,1,73,5,4,0,1,8,3,0.215686274,"sa3020758"
"Tyresse Turner","CLE","AA",25,42,119,140,24,18,5,1,0,18,5,17,0,46,2,0,2,0,12,4,0.201680672,"sa3020759"
"Jack Pineda","KCR","AA",25,59,221,248,52,39,11,0,2,28,17,16,0,52,7,1,3,6,5,1,0.235294117,"sa3020762"
"Guy Lipscomb","CLE","AA,AAA",24,60,200,225,48,28,14,1,5,28,29,19,0,37,2,1,3,0,8,4,0.24,"sa3020764"
"Samy Natera Jr.","LAA","AA",25,26,0,0,0,0,0,0,0,0,0,0,0,0,0,0,0,0,0,0,0,"sa3020862"
"Ethan Salas","SDP","AA",19,10,32,41,6,5,1,0,0,5,5,6,0,5,1,1,1,0,2,0,0.1875,"sa3020881"
"Luis Guanipa","ATL","A,CPX",19,19,67,78,15,11,4,0,0,9,8,9,0,11,2,0,0,1,0,0,0.223880597,"sa3020884"
"David Avitia","CHC","A,A+",26,9,27,31,5,4,1,0,0,2,5,2,0,14,1,0,1,0,0,0,0.185185185,"sa3020939"
"Turner Hill","SFG","AA,CPX",26,41,138,162,33,20,7,5,1,27,9,19,0,23,3,2,0,4,9,2,0.239130434,"sa3020943"
"Archer Brookman","DET","A+",26,34,115,127,29,23,6,0,0,18,7,8,0,26,3,1,0,6,0,0,0.252173913,"sa3020950"
"Shawn Ross","PIT","AA,AAA",25,48,142,167,27,15,8,0,4,17,20,24,0,69,1,0,0,0,0,1,0.190140845,"sa3020951"
"Victor Farias","WSN","CPX",22,11,0,0,0,0,0,0,0,0,0,0,0,0,0,0,0,0,0,0,0,"sa3020957"
"Eriberto Vasquez","CLE","DSL",21,8,0,0,0,0,0,0,0,0,0,0,0,0,0,0,0,0,0,0,0,"sa3020970"
"Angel Cruz","LAD","DSL",20,9,0,0,0,0,0,0,0,0,0,0,0,0,0,0,0,0,0,0,0,"sa3020988"
"Jhosmmel Zue","KCR","CPX",21,29,79,99,21,15,3,2,1,16,11,14,0,29,1,2,3,0,0,0,0.265822784,"sa3021049"
"Demetrio Crisantes","ARI","A+",20,34,123,151,31,19,8,0,4,18,29,21,0,19,2,5,0,4,6,1,0.25203252,"sa3021051"
"Chase DeLauter","CLE","AAA,CPX",23,40,140,169,37,23,7,1,6,26,21,28,0,27,0,1,0,4,1,0,0.264285714,"sa3021053"
"Kevin Dume","OAK","CPX",20,16,51,59,7,3,3,0,1,8,4,8,0,23,0,0,0,1,0,0,0.137254901,"sa3021054"
"Luis Rodriguez","LAA","A,CPX",20,18,34,46,5,5,0,0,0,4,5,6,0,9,1,1,4,0,0,0,0.147058823,"sa3021055"
"Antonis Macias","TEX","A",20,73,243,319,66,52,13,0,1,41,34,61,0,56,4,9,2,6,2,3,0.271604938,"sa3021057"
"Xavier Guillen","TBR","A,CPX",20,25,50,63,13,10,1,2,0,11,5,11,0,18,1,1,0,0,5,1,0.26,"sa3021060"
"Pedro Catuy","ARI","CPX",19,44,140,158,31,21,7,1,2,18,22,12,0,42,3,3,0,0,5,1,0.221428571,"sa3021061"
"Yael Romero","CIN","CPX",19,22,57,78,14,6,4,2,2,23,8,15,0,19,5,0,0,1,2,0,0.245614035,"sa3021062"
"Luis Escudero","NYY","CPX",19,42,126,151,28,22,2,2,2,25,16,23,0,21,0,2,0,3,12,5,0.222222222,"sa3021063"
"Yannic Walther","MIL","A",21,36,107,131,19,13,5,0,1,14,6,23,0,40,1,0,0,2,0,2,0.177570093,"sa3021064"
"Yoerny Junco","STL","CPX",20,28,84,100,20,14,5,1,0,11,13,15,0,23,1,0,0,2,5,4,0.238095238,"sa3021065"
"Alfredo Duno","CIN","A",19,70,247,313,65,37,19,2,7,44,47,57,1,67,6,3,0,6,4,4,0.263157894,"sa3021066"
"Joendry Vargas","LAD","A,CPX",19,26,107,121,28,21,3,1,3,15,21,10,0,32,1,3,0,3,17,2,0.261682242,"sa3021067"
"Derniche Valdez","CHC","CPX",19,4,11,11,1,0,1,0,0,0,0,0,0,6,0,0,0,0,0,1,0.09090909,"sa3021068"
"Sebastian Walcott","TEX","AA",19,76,293,342,70,46,16,0,8,43,36,43,0,74,3,3,0,9,19,7,0.238907849,"sa3021069"
"Starlyn Caba","MIA","A",19,19,66,85,11,11,0,0,0,7,6,16,0,15,0,2,1,3,7,4,0.166666666,"sa3021070"
"Ariel Castro","MIN","CPX",19,30,76,95,10,3,2,2,3,10,14,12,0,34,6,1,0,1,3,2,0.131578947,"sa3021071"
"Brailer Guerrero","TBR","A",19,36,135,158,31,21,4,2,4,17,22,21,0,46,2,0,0,4,6,1,0.229629629,"sa3021072"
"Ludwing Espinoza","CHC","CPX",19,39,120,135,30,22,5,2,1,22,5,13,0,29,2,0,0,2,16,5,0.25,"sa3021073"
"Ismael Javier","SDP","CPX",19,33,83,105,16,13,3,0,0,12,5,16,0,23,3,2,1,2,4,1,0.192771084,"sa3021075"
"Rayner Arias","SFG","A,CPX",19,45,154,176,33,24,6,2,1,22,14,11,0,48,7,4,0,5,5,2,0.214285714,"sa3021076"
"Janero Miller","MIA","DSL",19,5,0,0,0,0,0,0,0,0,0,0,0,0,0,0,0,0,0,0,0,"sa3021077"
"Robert Calaz","COL","A",19,56,209,236,59,38,10,2,9,27,37,21,1,56,2,4,0,4,2,1,0.28229665,"sa3021078"
"Gian Zapata","ARI","CPX",19,16,47,57,10,8,1,1,0,11,6,9,0,20,0,1,0,0,3,0,0.212765957,"sa3021079"
"Angel Cepeda","CHC","A",19,53,197,233,39,26,7,3,3,24,18,27,0,74,9,0,0,2,16,4,0.197969543,"sa3021080"
"Luis Almeyda","BAL","A,CPX",19,40,131,146,32,18,11,1,2,15,30,12,0,33,2,1,0,3,9,3,0.244274809,"sa3021081"
"Esmil Valencia","HOU","A",19,69,243,272,63,50,8,1,4,31,34,18,0,71,7,3,0,5,39,9,0.259259259,"sa3021082"
"Yophery Rodriguez","MIL","A+",19,67,251,295,54,35,12,4,3,30,25,42,2,59,2,0,0,0,9,5,0.215139442,"sa3021083"
"Arnaldo Lantigua","CIN","CPX",19,38,136,155,37,17,11,1,8,25,30,14,0,37,4,1,0,2,1,1,0.272058823,"sa3021084"
"Yoeilin Cespedes","BOS","A",19,66,260,285,57,35,13,4,5,29,33,20,0,63,0,5,0,6,6,3,0.219230769,"sa3021085"
"Daiverson Gutierrez","NYM","A",19,59,208,253,46,38,4,0,4,37,26,37,1,41,6,2,0,6,2,2,0.221153846,"sa3021086"
"Welbyn Francisca","CLE","A",19,70,273,313,67,50,13,2,2,41,37,35,0,52,1,4,0,7,31,10,0.245421245,"sa3021087"
"Anthony Baptist","NYM","DSL",19,5,14,19,2,2,0,0,0,2,4,5,1,4,0,0,0,0,1,1,0.142857142,"sa3021088"
"Tony Ruiz","KCR","DSL",19,19,55,66,12,10,0,1,1,6,12,8,0,16,1,2,0,0,2,1,0.218181818,"sa3021089"
"Carlos Silva","MIN","CPX",19,13,29,44,5,2,2,0,1,3,8,9,0,8,2,3,1,0,0,0,0.172413793,"sa3021090"
"Enrique Jimenez","DET","CPX",19,37,128,146,32,17,8,2,5,19,24,17,0,34,0,1,0,0,3,1,0.25,"sa3021091"
"German Ramirez","HOU","CPX",18,37,124,146,30,17,7,3,3,20,26,16,1,32,3,3,0,6,2,2,0.241935483,"sa3021092"
"Filippo Di Turi","MIL","A",19,74,265,316,67,42,13,3,9,43,45,44,1,76,1,6,0,4,5,6,0.252830188,"sa3021093"
"Yerlin Luis","CLE","CPX",19,25,50,66,11,6,1,2,2,13,11,14,0,24,1,1,0,0,2,1,0.22,"sa3021094"
"Manuel Cabrera","WSN","CPX",19,27,77,91,18,15,2,0,1,9,12,10,0,30,4,0,0,0,2,0,0.233766233,"sa3021096"
"Cristopher Larez","NYM","DSL",19,13,35,45,8,4,3,0,1,6,8,9,0,14,1,0,0,1,2,2,0.228571428,"sa3021097"
"Maikol Orozco","DET","CPX",19,28,84,102,22,12,6,2,2,13,17,10,0,28,5,3,0,5,2,1,0.261904761,"sa3021098"
"Andy Acevedo","WSN","CPX",19,30,69,89,13,11,2,0,0,12,12,12,0,32,5,0,3,1,5,4,0.188405797,"sa3021099"
"Jeremy Rodriguez","NYM","A",18,70,264,309,57,51,3,2,1,36,21,39,1,65,2,3,1,4,18,7,0.21590909,"sa3021101"
"Anibal Salas","DET","CPX",19,36,121,139,27,15,6,3,3,21,12,16,0,43,2,0,0,2,6,0,0.223140495,"sa3021102"
"Felix Morrobel","LAA","CPX",19,27,87,111,19,15,1,1,2,28,7,17,0,22,3,0,4,3,8,2,0.218390804,"sa3021103"
"Kevin Ereu","MIL","CPX",19,40,120,156,17,14,1,1,1,21,11,25,0,51,10,1,0,1,5,4,0.141666666,"sa3021104"
"Randy Guzman","NYM","CPX",20,39,124,141,31,18,6,0,7,14,28,13,0,30,4,0,0,0,0,3,0.25,"sa3021106"
"Angel Ramirez","KCR","DSL",20,21,65,82,20,15,4,0,1,16,8,12,0,11,3,2,0,0,5,1,0.307692307,"sa3021107"
"Yeycol Soriano","CIN","CPX",19,37,102,125,22,17,2,2,1,14,15,19,0,39,1,2,1,2,4,0,0.215686274,"sa3021109"
"Cristopfer Gonzalez","HOU","DSL",19,21,68,80,12,8,2,0,2,11,15,11,0,23,1,0,0,0,3,2,0.176470588,"sa3021116"
"Rafhlmil Torres","CIN","CPX",19,34,131,153,29,16,8,3,2,24,20,14,0,21,5,3,0,3,5,3,0.221374045,"sa3021118"
"Reynaldo De La Paz","OAK","CPX",19,29,74,89,10,7,2,0,1,9,7,12,0,36,2,1,0,2,1,0,0.135135135,"sa3021119"
"Jesus Fernandez","OAK","A,CPX",19,31,100,108,17,14,3,0,0,8,7,6,0,13,1,0,1,4,3,1,0.17,"sa3021123"
"Reinaldo De La Cruz","OAK","DSL",19,6,19,23,7,6,0,1,0,10,0,3,0,3,1,0,0,1,3,1,0.368421052,"sa3021124"
"Juan Rosas","TOR","CPX",19,20,49,56,7,4,3,0,0,2,2,6,0,19,1,0,0,1,0,0,0.142857142,"sa3021125"
"Yeiker Reyes","COL","A",19,75,238,274,51,40,9,1,1,31,12,31,0,72,4,0,1,4,23,4,0.214285714,"sa3021126"
"Jesus Superlano","OAK","CPX",19,44,151,170,49,41,6,1,1,27,22,15,0,46,3,1,0,2,8,0,0.324503311,"sa3021128"
"Ramon Landaeta","OAK","CPX",19,33,106,124,28,19,6,0,3,16,19,16,0,37,0,2,0,2,0,0,0.264150943,"sa3021131"
"Alessander De La Cruz","COL","CPX",19,32,102,118,26,17,5,2,2,20,15,12,0,41,3,1,0,2,0,4,0.25490196,"sa3021132"
"Jeremy Ciriaco","COL","CPX",18,38,117,129,27,19,8,0,0,18,10,10,0,27,1,0,1,1,2,3,0.23076923,"sa3021133"
"Jeison Lopez","OAK","DSL",19,24,85,96,19,12,6,0,1,14,16,5,0,23,4,2,0,2,0,1,0.223529411,"sa3021136"
"Anielson Buten","CIN","CPX",19,35,108,118,32,21,5,5,1,25,16,6,0,37,2,2,0,2,7,2,0.296296296,"sa3021137"
"Gustavo Marquez","SDP","CPX",20,37,116,136,26,22,4,0,0,15,13,13,0,37,3,1,3,0,4,2,0.224137931,"sa3021138"
"Wilian Trinidad","TBR","CPX",19,19,54,59,11,9,2,0,0,5,6,4,0,17,0,0,1,2,2,0,0.203703703,"sa3021139"
"Sandro Pereira","HOU","CPX",19,8,19,29,6,6,0,0,0,8,7,6,0,5,4,0,0,0,4,1,0.315789473,"sa3021140"
"John Santana","TBR","DSL",19,23,85,104,18,10,4,0,4,14,22,14,0,26,4,1,0,3,5,2,0.211764705,"sa3021141"
"Alexander Garcia","SDP","DSL",19,16,40,50,6,6,0,0,0,7,4,10,0,10,0,0,0,4,4,0,0.15,"sa3021142"
"Carlos Virahonda","ARI","CPX",19,33,108,137,37,27,8,1,1,25,20,13,0,18,13,2,1,0,2,2,0.342592592,"sa3021144"
"Juan Sierra","HOU","CPX",19,31,92,117,27,20,5,0,2,17,18,19,1,25,2,4,0,1,1,2,0.29347826,"sa3021146"
"Daniel Mielcarek","LAD","DSL",19,18,55,72,12,6,5,0,1,18,10,16,0,22,1,0,0,1,10,2,0.218181818,"sa3021147"
"Luis De Leon","SDP","CPX",19,43,160,192,48,42,2,2,2,32,21,28,0,45,4,0,0,5,14,2,0.3,"sa3021148"
"Kevin Hacen","SDP","CPX",19,32,105,120,20,15,4,1,0,11,9,9,0,28,4,2,0,2,1,0,0.19047619,"sa3021149"
"Jonathan Rivero","PIT","CPX",19,35,108,134,21,15,4,1,1,14,10,22,0,38,3,1,0,0,2,1,0.194444444,"sa3021150"
"Juan Hernandez","DET","CPX",19,35,111,127,30,25,5,0,0,14,13,11,0,26,2,3,0,2,9,2,0.27027027,"sa3021152"
"Eduardo Perez","HOU","DSL",18,15,53,61,9,7,0,0,2,8,7,6,0,23,1,1,0,0,3,0,0.16981132,"sa3021154"
"Miguel Rodriguez","PIT","DSL",19,18,51,66,10,8,1,0,1,10,8,10,0,4,2,2,1,0,2,0,0.196078431,"sa3021155"
"Abraham Nunez","CHW","A",19,54,196,216,39,28,8,2,1,29,13,16,0,49,2,1,1,2,13,5,0.198979591,"sa3021156"
"Yoiber Ocopio","SDP","CPX",20,35,122,147,30,22,4,0,4,22,24,17,0,35,6,2,0,3,2,2,0.245901639,"sa3021159"
"Branny De Oleo","NYM","CPX",20,34,89,101,18,11,4,2,1,12,9,11,0,19,1,0,0,2,9,2,0.202247191,"sa3021160"
"Vladi Gomez","NYM","CPX",19,40,104,131,18,16,0,1,1,26,8,23,0,28,2,1,1,0,18,2,0.173076923,"sa3021165"
"Jose Mejia","BAL","A+,CPX",19,34,78,107,23,15,6,1,1,16,15,20,0,11,7,2,0,1,8,4,0.294871794,"sa3021169"
"Jose Marcano","CLE","DSL",19,13,43,52,15,12,2,1,0,7,16,6,0,11,1,1,1,0,1,1,0.348837209,"sa3021170"
"Byron Castillo","LAA","DSL",19,20,56,63,19,16,1,0,2,14,9,5,0,15,2,0,0,0,3,1,0.339285714,"sa3021171"
"Reiner Herrera","CLE","CPX",19,35,113,141,26,17,2,3,4,20,26,20,0,24,6,2,0,1,2,1,0.230088495,"sa3021172"
"Yoiber Ruiz","BOS","DSL",19,9,16,21,1,1,0,0,0,3,2,5,0,0,0,0,0,1,3,0,0.0625,"sa3021173"
"Andruw Musett","BOS","A",19,62,236,266,59,48,8,0,3,30,25,27,0,62,2,1,0,5,1,0,0.25,"sa3021175"
"Alex Acosta","NYM","DSL",19,20,57,64,17,12,4,0,1,13,6,5,0,15,2,0,0,0,6,0,0.298245614,"sa3021176"
"Gabriel Lara","NYY","CPX",19,25,69,74,22,14,5,1,2,13,11,5,0,15,0,0,0,3,3,5,0.318840579,"sa3021177"
"Anyelo Marquez","LAA","CPX",19,36,123,140,22,14,4,1,3,15,12,12,0,48,2,2,1,0,0,0,0.178861788,"sa3021178"
"Hancel Almonte","STL","CPX",19,33,99,115,12,7,5,0,0,6,9,10,0,54,4,2,0,0,1,0,0.121212121,"sa3021179"
"Felix Amparo","BAL","A,CPX",19,31,76,88,18,13,3,1,1,10,14,11,0,13,0,0,1,0,7,2,0.236842105,"sa3021180"
"Yaikel Mijares","CLE","A",19,54,168,205,32,25,5,1,1,24,13,34,0,63,3,0,0,2,11,2,0.19047619,"sa3021181"
"Daniel Campos","CHC","DSL",19,14,44,57,11,9,2,0,0,7,8,9,0,4,2,2,0,0,5,1,0.25,"sa3021182"
"Victor Rodriguez","LAA","CPX",19,23,60,69,15,11,1,1,2,11,14,6,0,19,3,0,0,1,1,1,0.25,"sa3021183"
"Juan Flores","LAA","A+",19,55,178,207,31,24,4,0,3,22,17,14,0,51,12,0,3,6,0,1,0.174157303,"sa3021185"
"Pablo Arosemena","CLE","DSL",19,14,40,47,8,7,1,0,0,6,4,6,0,15,1,0,0,1,1,0,0.2,"sa3021187"
"Heribert Silva","CLE","CPX",19,24,40,44,10,7,3,0,0,8,2,2,0,9,1,1,0,2,5,0,0.25,"sa3021189"
"Jose Pirela","CLE","A",19,63,211,245,44,23,13,6,2,23,33,21,0,83,11,2,0,3,9,7,0.208530805,"sa3021191"
"Jose Urbina","ARI","DSL",19,20,54,70,11,8,2,0,1,10,7,8,0,15,8,0,0,3,0,0,0.203703703,"sa3021192"
"Bracewell Taveras","STL","CPX",19,40,137,148,35,28,7,0,0,18,16,9,0,38,1,1,0,2,8,0,0.255474452,"sa3021193"
"Breiny Ramirez","BAL","DSL",19,6,11,12,1,1,0,0,0,2,0,1,0,6,0,0,0,0,1,0,0.09090909,"sa3021194"
"Eliesbert Alejos","ARI","CPX",19,46,160,183,40,31,8,0,1,20,19,8,1,29,10,1,4,5,7,2,0.25,"sa3021195"
"Luis Merejo","CLE","A",19,75,256,314,46,25,9,2,10,41,37,41,1,102,12,5,0,2,8,2,0.1796875,"sa3021196"
"Jonathan Martinez","CLE","CPX",18,33,91,107,23,19,1,3,0,17,13,12,0,23,2,2,0,1,12,3,0.252747252,"sa3021197"
"Joshua Liranzo","BAL","A,CPX",18,45,144,180,37,27,6,2,2,24,19,30,0,45,5,0,1,3,6,6,0.256944444,"sa3021198"
"Mason Bolivar","CLE","CPX",18,13,33,40,5,4,1,0,0,3,6,4,0,14,1,1,1,0,0,1,0.151515151,"sa3021199"
"Albert Gutierrez","CHC","CPX",21,31,99,107,25,18,4,0,3,8,13,8,0,27,0,0,0,0,0,0,0.252525252,"sa3021200"
"Raimundo De Los Santos","TOR","CPX",20,40,109,132,29,25,4,0,0,20,11,23,0,26,0,0,0,0,11,4,0.266055045,"sa3021202"
"Javier Herrera","LAD","CPX",20,30,84,97,31,24,6,1,0,16,15,12,0,19,1,0,0,2,5,4,0.369047619,"sa3021203"
"Omar Urbina","BAL","CPX",19,16,38,46,9,6,1,1,1,8,3,6,0,9,1,1,0,0,0,0,0.236842105,"sa3021204"
"Roderick Flores","MIL","CPX",18,34,99,134,22,16,6,0,0,11,15,29,0,26,4,2,0,2,3,0,0.222222222,"sa3021205"
"Alfredo Rodriguez","TBR","CPX",19,17,40,43,7,3,2,0,2,4,8,3,0,11,0,0,0,2,0,1,0.175,"sa3021207"
"Eduardo Quintero","LAD","A",19,72,283,350,86,50,17,5,14,66,52,54,1,80,6,6,0,3,33,11,0.303886925,"sa3021208"
"Carlos Tavares","WSN","A",19,43,134,147,22,16,5,0,1,11,11,13,0,50,0,0,0,3,1,0,0.164179104,"sa3021209"
"Luiyin Alastre","MIL","A,A+",19,60,191,217,42,31,7,3,1,30,25,20,0,44,5,1,0,6,4,4,0.219895287,"sa3021210"
"Yirer Garcia","TBR","A,CPX",19,36,99,128,26,24,2,0,0,7,19,22,0,24,3,2,2,3,4,1,0.262626262,"sa3021211"
"Gabriel Terrero","NYY","CPX",19,29,77,84,22,14,5,1,2,5,19,5,0,17,1,1,0,1,6,1,0.285714285,"sa3021213"
"Antonio Pimentel","PIT","DSL",19,9,21,26,10,5,4,1,0,8,5,4,0,3,0,1,0,0,6,0,0.476190476,"sa3021214"
"Joan Gutierrez","MIL","DSL",19,19,52,70,9,7,2,0,0,10,3,14,0,16,4,0,0,2,8,2,0.173076923,"sa3021215"
"Starlyn Nunez","BOS","A",19,66,242,268,56,41,7,3,5,32,35,17,0,46,6,3,0,3,13,4,0.231404958,"sa3021216"
"Carlos Batista","WSN","CPX",19,27,68,79,10,8,2,0,0,9,2,8,0,30,1,0,2,0,2,0,0.147058823,"sa3021217"
"Elias Medina","LAD","CPX",19,14,46,54,16,8,6,2,0,10,8,6,0,12,1,1,0,1,6,1,0.347826086,"sa3021219"
"Kleiver Chauran","TBR","DSL",19,22,73,101,24,17,5,0,2,19,23,22,0,19,4,2,0,2,15,1,0.328767123,"sa3021221"
"Jose Monzon","TBR","A",19,60,197,227,39,31,7,0,1,20,16,26,0,53,0,3,1,2,5,4,0.197969543,"sa3021222"
"Jose Tovar","TBR","CPX",19,29,82,103,11,6,3,2,0,13,6,19,0,20,0,0,2,3,2,1,0.134146341,"sa3021223"
"Carlos Monteverde","ATL","A,CPX",19,44,142,172,24,20,3,0,1,14,13,29,0,48,1,0,0,5,0,0,0.169014084,"sa3021224"
"Alfonzo Martinez","TBR","CPX",19,37,139,152,32,26,4,1,1,23,21,8,0,25,2,3,0,4,7,5,0.230215827,"sa3021225"
"Miguel Rodriguez","BAL","A",19,10,34,42,7,5,2,0,0,5,5,6,0,4,2,0,0,2,0,1,0.205882352,"sa3021226"
"Facundo Velasquez","STL","CPX",19,38,114,145,21,14,6,1,0,22,7,29,0,54,2,0,0,2,8,5,0.184210526,"sa3021227"
"Elian Soto","WSN","CPX",19,39,111,141,15,6,6,0,3,22,16,26,0,48,4,0,0,1,1,1,0.135135135,"sa3021228"
"Braylin Morel","TEX","CPX",19,26,94,100,26,15,9,1,1,14,8,5,0,29,1,0,0,0,2,0,0.276595744,"sa3021229"
"Victor Cardoza","PHI","A,CPX",19,38,123,136,30,20,6,1,3,16,14,11,0,42,2,0,0,1,5,1,0.243902439,"sa3021230"
"Cristian Jauregui","PIT","CPX",19,31,82,101,21,15,4,2,0,13,9,14,0,21,5,0,0,1,8,1,0.25609756,"sa3021231"
"Luis Guevara","BAL","A,AA,CPX",19,30,85,110,20,16,1,3,0,16,11,17,0,23,4,2,1,3,8,3,0.235294117,"sa3021232"
"Luis Lameda","MIL","A",19,45,129,169,30,22,7,1,0,19,24,37,0,29,0,3,0,4,5,1,0.232558139,"sa3021233"
"Julio Zayas","NYM","CPX",19,39,115,142,33,25,7,0,1,14,16,19,0,17,4,1,0,3,0,0,0.286956521,"sa3021234"
"Deward Tovar","TEX","CPX",19,22,69,84,21,14,3,0,4,11,12,15,0,23,0,0,0,1,2,0,0.304347826,"sa3021237"
"Heriberto Rincon","NYM","DSL",19,26,85,98,28,23,4,0,1,21,7,11,0,17,2,0,0,2,19,2,0.329411764,"sa3021238"
"Juan Ortega","BAL","CPX",19,29,77,97,17,10,3,1,3,13,16,16,0,23,3,1,0,0,9,3,0.22077922,"sa3021239"
"Carlos De Sousa","TBR","DSL",19,17,56,66,9,8,1,0,0,9,8,7,0,20,1,1,1,3,1,1,0.160714285,"sa3021240"
"Kleyver Salazar","BOS","A",19,64,228,261,46,37,6,0,3,20,24,30,0,57,1,2,0,5,2,3,0.201754385,"sa3021241"
"Abraham Cohen","BAL","DSL",19,5,12,15,4,3,1,0,0,2,2,3,0,2,0,0,0,0,1,0,0.333333333,"sa3021243"
"Pedro Tovar","MIL","DSL",19,9,17,27,5,2,3,0,0,6,5,9,0,6,0,1,0,0,2,0,0.294117647,"sa3021248"
"Pablo Guerrero","TEX","A",18,69,266,297,52,33,14,0,5,28,25,27,0,77,2,2,0,5,0,0,0.195488721,"sa3021249"
"Keiver Garcia","NYM","DSL",18,18,63,69,16,12,4,0,0,16,7,4,0,16,1,1,0,1,4,0,0.253968253,"sa3021251"
"Jorge Julio","PHI","CPX",18,25,80,87,20,16,4,0,0,4,10,5,0,17,0,2,0,3,2,0,0.25,"sa3021252"
"Adriander Mejia","BAL","CPX",18,22,60,77,15,10,4,0,1,14,10,12,0,21,4,0,1,2,2,0,0.25,"sa3021253"
"Pedro Ibarguen","MIL","A,CPX",18,34,112,133,35,27,4,2,2,20,18,20,0,22,1,0,0,5,14,5,0.3125,"sa3021254"
"Harold Gonzalez","LAD","DSL",18,22,78,98,23,18,3,1,1,20,15,19,0,12,1,0,0,1,6,0,0.294871794,"sa3021255"
"Martin Tamara","DET","DSL",21,23,47,63,11,7,4,0,0,12,4,11,0,12,4,1,0,0,1,1,0.234042553,"sa3021257"
"Eduarlin Tejeda","SDP","DSL",20,24,52,81,13,11,2,0,0,19,8,25,0,11,1,2,1,0,3,0,0.25,"sa3021259"
"Willian Berti","DET","DSL",19,25,68,90,16,11,4,0,1,13,11,17,0,20,5,0,0,1,2,0,0.235294117,"sa3021261"
"Yosneiker Rivas","SFG","DSL",19,24,83,105,26,17,6,1,2,18,18,14,0,20,5,1,2,0,5,2,0.313253012,"sa3021262"
"D'Angelo Tejada","CHW","CPX",19,46,146,167,39,30,4,2,3,22,25,17,0,53,3,0,0,1,12,8,0.267123287,"sa3021263"
"Santiago Pinto","DET","DSL",19,24,85,98,28,17,8,2,1,11,14,9,0,21,4,0,0,0,13,4,0.329411764,"sa3021265"
"Carlos Concepcion","SFG","DSL",19,25,81,104,21,13,3,4,1,19,15,14,0,27,4,5,0,0,0,0,0.259259259,"sa3021266"
"Keiberg Camacaro","SFG","DSL",18,21,63,83,11,8,1,1,1,11,6,18,0,18,2,0,0,1,7,3,0.174603174,"sa3021267"
"Angel Guzman","SFG","CPX",19,39,117,145,26,16,5,3,2,15,21,26,0,35,2,0,0,0,3,1,0.222222222,"sa3021268"
"Roiber Niazoa","ATL","A,CPX",20,31,103,118,21,16,4,0,1,9,7,11,0,39,4,0,0,2,1,0,0.203883495,"sa3021269"
"Santiago Contreras","SDP","DSL",19,16,46,51,13,8,3,2,0,8,2,5,0,11,0,0,0,0,7,0,0.282608695,"sa3021272"
"Jaeden Calderon","PHI","CPX",19,5,10,13,0,0,0,0,0,0,0,3,0,4,0,0,0,0,0,0,0,"sa3021274"
"Fabian Lopez","MIA","CPX",19,35,105,120,21,15,5,0,1,11,14,10,0,45,3,2,0,0,6,1,0.2,"sa3021276"
"Andru Arthur","STL","CPX",19,30,82,110,12,8,4,0,0,13,4,21,0,34,7,0,0,0,6,2,0.146341463,"sa3021277"
"Andres Valor","MIA","A",19,70,250,294,55,34,13,2,6,40,32,33,0,93,6,5,0,2,29,5,0.22,"sa3021278"
"Jancory De La Cruz","MIA","CPX",19,33,109,132,24,17,3,1,3,18,14,21,1,43,1,1,0,1,4,3,0.220183486,"sa3021280"
"Jorge Ramirez","SFG","CPX,DSL",19,9,23,27,3,3,0,0,0,4,2,2,0,8,2,0,0,0,0,0,0.130434782,"sa3021281"
"Osvaldo Heredia","MIA","DSL",19,15,34,57,7,5,1,1,0,17,8,20,0,12,2,1,0,0,9,3,0.205882352,"sa3021282"
"John Gil","ATL","A",19,69,275,318,61,45,15,0,1,42,21,38,0,39,1,2,1,7,38,11,0.221818181,"sa3021284"
"Joseph Tailor","MIA","CPX",19,23,73,84,13,11,2,0,0,6,10,8,0,23,3,0,0,0,7,3,0.178082191,"sa3021285"
"Mario Baez","ATL","CPX",18,32,75,100,15,12,3,0,0,14,11,19,0,13,6,0,0,1,8,2,0.2,"sa3021286"
"John Estevez","ATL","CPX",19,32,99,120,17,10,5,1,1,11,11,20,0,26,1,0,0,1,1,3,0.171717171,"sa3021287"
"Frederik Jimenez","BOS","A",20,66,217,252,40,32,4,0,4,22,21,26,0,71,6,3,0,0,7,5,0.184331797,"sa3021288"
"Angel Nieblas","ATL","CPX",19,23,49,57,8,8,0,0,0,7,3,7,0,14,0,0,0,1,6,0,0.163265306,"sa3021289"
"Angel Acosta","KCR","A",22,53,182,204,44,36,7,0,1,17,22,12,0,27,1,5,4,3,8,4,0.241758241,"sa3021290"
"Angel Aquino","PIT","DSL",20,16,39,44,1,1,0,0,0,1,2,2,0,18,3,0,0,1,2,0,0.025641025,"sa3021291"
"Jose Paulino","KCR","DSL",19,19,59,77,11,5,3,1,2,16,12,13,0,22,3,1,1,0,3,3,0.186440677,"sa3021293"
"Breyias Dean","MIA","CPX",19,38,123,137,27,16,6,1,4,13,21,10,0,42,3,1,0,3,2,2,0.219512195,"sa3021294"
"Angelo Hernandez","CHW","CPX",19,25,62,80,16,13,2,0,1,11,4,15,0,21,2,1,0,1,0,0,0.258064516,"sa3021295"
"Jose Guerra","COL","DSL",19,17,56,64,12,8,3,0,1,11,7,3,0,10,2,1,2,1,2,0,0.214285714,"sa3021297"
"Daniel Lopez","KCR","CPX",19,43,165,178,41,24,10,4,3,28,19,9,1,34,0,1,3,2,11,0,0.248484848,"sa3021298"
"Pedro Roque","KCR","DSL",19,9,29,34,9,7,2,0,0,9,6,3,0,4,1,0,1,0,3,0,0.310344827,"sa3021300"
"Jorge Hernandez","KCR","A,CPX",19,54,187,225,43,37,4,1,1,27,17,14,0,53,18,3,3,3,5,5,0.229946524,"sa3021301"
"Darvin Cruz","KCR","DSL",19,20,63,79,17,14,2,1,0,8,11,13,1,9,1,1,1,1,0,1,0.269841269,"sa3021302"
"Adrian Bello","MIA","DSL",19,17,43,62,11,6,3,1,1,11,10,17,0,13,0,2,0,1,2,2,0.255813953,"sa3021303"
"Marcelo Alcala","CHW","CPX",19,36,126,144,28,12,6,4,6,28,16,11,0,53,5,0,2,1,13,1,0.222222222,"sa3021304"
"Michael Guzman","TEX","CPX",19,17,33,42,7,4,3,0,0,7,3,9,0,11,0,0,0,1,1,0,0.212121212,"sa3021306"
"Jayden Felicia","MIA","DSL",19,26,70,87,17,12,4,0,1,13,9,16,0,19,1,0,0,0,6,2,0.242857142,"sa3021307"
"Luis Quesada","HOU","DSL",20,14,32,43,7,4,2,1,0,8,9,7,0,8,3,1,0,2,2,0,0.21875,"sa3021308"
"Luis Puello","NYY","CPX",19,33,101,110,23,16,6,0,1,18,15,5,0,42,3,1,0,1,4,0,0.227722772,"sa3021309"
"Anthony Tandron","SFG","DSL",19,1,4,4,0,0,0,0,0,0,0,0,0,2,0,0,0,0,0,0,0,"sa3021311"
"Dashyll Tejeda","WSN","CPX",19,32,96,116,28,24,2,1,1,25,17,14,0,17,3,0,3,2,16,4,0.291666666,"sa3021315"
"Heriberto Caraballo","STL","A,CPX",20,24,74,87,14,12,2,0,0,9,7,10,0,21,2,1,0,0,4,0,0.189189189,"sa3021317"
"Bairon Ledesma","COL","CPX",20,27,65,78,16,13,3,0,0,8,7,10,0,16,1,1,1,0,1,1,0.246153846,"sa3021320"
"Aldalay Kolokie","COL","CPX",20,32,102,116,27,17,8,1,1,14,15,10,0,20,4,0,0,4,3,0,0.264705882,"sa3021321"
"Derik Alcantara","CHC","A,CPX",20,39,132,152,42,30,6,5,1,17,17,16,0,19,1,3,0,4,7,4,0.318181818,"sa3021322"
"Jayson Bass","MIN","CPX",19,11,27,33,7,5,2,0,0,5,5,6,0,10,0,0,0,0,4,0,0.259259259,"sa3021323"
"Justin Ramirez","NYM","DSL",20,23,75,86,23,16,4,0,3,12,16,8,0,15,2,1,0,0,7,4,0.306666666,"sa3021324"
"Carlos Caro","PIT","A,CPX",20,61,191,228,37,29,7,1,0,30,17,29,0,60,6,0,2,0,16,4,0.193717277,"sa3021325"
"Kevin Verde","NYY","CPX",19,38,114,123,21,15,4,0,2,13,14,7,0,22,1,1,0,5,6,0,0.184210526,"sa3021326"
"Jorge Lara","ARI","DSL",19,24,74,92,24,17,4,2,1,26,18,13,0,10,4,1,0,0,9,0,0.324324324,"sa3021327"
"Dario Reynoso","SFG","CPX",20,42,137,176,41,24,8,2,7,50,30,33,0,56,5,1,0,0,15,3,0.299270072,"sa3021329"
"Edgleen Perez","NYY","A",19,70,252,321,56,49,7,0,0,36,23,60,0,61,7,2,0,6,5,1,0.222222222,"sa3021330"
"Giovanni Vargas","STL","CPX",19,12,0,0,0,0,0,0,0,0,0,0,0,0,0,0,0,0,0,0,0,"sa3021515"
"Nick Peoples","WSN","A",20,66,223,251,48,28,13,2,5,33,25,24,0,94,4,0,0,1,11,4,0.215246636,"sa3021582"
"Logun Clark","CLE","A",22,29,98,114,16,12,3,1,0,10,5,10,0,36,5,1,0,4,2,1,0.163265306,"sa3021584"
"Hyungchan Um","KCR","A,CPX",21,36,126,141,27,19,7,0,1,12,13,11,0,31,3,0,1,2,3,1,0.214285714,"sa3021585"
"Guillermo Rosario","PHI","A,CPX",20,35,105,123,15,13,1,0,1,7,11,14,0,34,2,2,0,4,2,0,0.142857142,"sa3021586"
"Brayan Joseph","CIN","DSL",19,1,3,3,0,0,0,0,0,0,0,0,0,1,0,0,0,0,0,0,0,"sa3021589"
"Angel Perez","PIT","DSL",19,18,55,66,12,7,4,0,1,9,10,5,0,18,5,1,0,2,0,0,0.218181818,"sa3021593"
"Joseph Sequera","PIT","DSL",19,12,29,42,8,4,3,0,1,9,8,10,0,9,2,1,0,0,5,1,0.275862068,"sa3021595"
"Bryan Martinez","LAA","CPX",19,39,131,145,34,23,5,3,3,23,16,7,0,51,4,2,1,1,3,2,0.259541984,"sa3021600"
"Pedro Dalmagro","CLE","CPX",19,13,37,45,15,13,2,0,0,9,11,2,0,8,2,4,0,1,1,1,0.405405405,"sa3021601"
"Sebastian Cadiz","CLE","DSL",19,13,33,44,7,4,1,2,0,2,5,11,0,11,0,0,0,0,1,0,0.212121212,"sa3021602"
"Sebastian De Los Santos","CLE","DSL",19,7,13,21,3,3,0,0,0,5,0,7,0,7,1,0,0,1,0,0,0.23076923,"sa3021604"
"Oswaldo Patino","LAA","CPX",18,15,26,32,5,4,1,0,0,4,3,4,0,7,0,0,2,0,0,0,0.192307692,"sa3021606"
"Junior Aybar","BAL","CPX,DSL",18,19,45,54,14,14,0,0,0,11,4,9,0,14,0,0,0,0,3,2,0.311111111,"sa3021607"
"Freider Rojas","MIL","CPX",19,14,35,41,8,6,1,1,0,9,3,6,0,11,0,0,0,0,0,0,0.228571428,"sa3021611"
"Daniel Rojas","STL","CPX",19,31,98,106,20,18,0,0,2,7,9,6,0,28,1,0,0,2,7,4,0.204081632,"sa3021613"
"Gerardo Rodriguez","BOS","CPX",19,41,138,152,40,25,15,0,0,16,30,8,0,19,3,3,0,3,6,0,0.289855072,"sa3021614"
"Tyler Rodriguez","MIL","A",19,62,178,234,38,33,3,0,2,27,17,39,0,41,15,2,0,5,12,6,0.213483146,"sa3021615"
"Liosward Marin","BOS","CPX",19,8,18,19,3,1,2,0,0,2,1,1,0,5,0,0,0,0,0,0,0.166666666,"sa3021619"
"Agustin Marcano","WSN","CPX",19,12,21,28,4,4,0,0,0,3,1,4,0,7,1,1,0,1,0,0,0.19047619,"sa3021621"
"Ariel Lebron","HOU","DSL",20,21,65,84,22,14,7,0,1,20,9,9,1,15,8,1,1,0,12,1,0.338461538,"sa3021623"
"Dameury Pena","MIN","A",19,56,213,239,46,35,6,0,5,31,27,18,0,24,6,2,0,6,15,3,0.215962441,"sa3021624"
"Nelson Marin","DET","DSL",19,26,55,76,14,12,2,0,0,8,6,19,0,15,2,0,0,0,1,0,0.254545454,"sa3021627"
"Jesus Alexander","SFG","CPX",19,27,93,105,23,19,4,0,0,15,13,11,0,23,0,1,0,1,1,0,0.247311827,"sa3021628"
"Miguel Blanco","SFG","DSL",19,18,53,66,11,11,0,0,0,9,3,12,0,11,1,0,0,4,7,2,0.207547169,"sa3021630"
"Jhocsuanth Vargas","TEX","A,A+,CPX",18,5,16,18,2,2,0,0,0,1,1,1,0,4,0,0,1,0,0,0,0.125,"sa3021631"
"Jeremy Almonte","MIA","CPX",19,21,74,81,19,16,1,0,2,10,12,3,0,13,2,2,0,0,4,2,0.256756756,"sa3021632"
"Hojans Hernandez","ATL","DSL",19,15,47,53,11,6,4,0,1,11,2,5,0,13,1,0,0,1,3,0,0.234042553,"sa3021633"
"Luis Parababire","ATL","CPX",19,11,22,29,6,6,0,0,0,3,3,5,0,9,2,0,0,0,1,0,0.272727272,"sa3021634"
"Jesus Abreu","MIA","DSL",19,12,29,39,5,3,0,1,1,5,10,7,0,11,2,1,0,1,1,0,0.172413793,"sa3021636"
"Ramon Ramirez","KCR","A",20,44,159,194,40,23,8,0,9,35,39,27,0,46,4,4,0,1,5,2,0.251572327,"sa3021637"
"Stiven Flores","CHW","CPX",19,44,147,162,42,29,10,1,2,22,26,13,1,16,0,2,0,3,2,2,0.285714285,"sa3021638"
"Asbel Gonzalez","KCR","A",19,74,271,328,70,60,6,3,1,55,16,34,1,49,17,1,5,2,58,17,0.258302583,"sa3021639"
"Jermaine Maricuto","WSN","CPX",19,2,3,3,0,0,0,0,0,0,0,0,0,0,0,0,0,0,0,0,0,"sa3021641"
"Rafael Castillo","MIA","DSL",19,11,26,31,4,2,1,1,0,5,7,3,0,6,1,1,0,0,1,0,0.153846153,"sa3021642"
"Wagnel Luna","DET","DSL",19,22,49,67,10,7,3,0,0,13,10,15,0,14,1,1,1,0,4,2,0.204081632,"sa3021646"
"Chris Lopez","STL","CPX",20,11,24,28,7,5,1,0,1,3,3,4,0,7,0,0,0,1,0,0,0.291666666,"sa3021648"
"Railin Familia","LAD","DSL",20,19,50,60,7,5,2,0,0,6,5,8,1,15,2,0,0,1,3,0,0.14,"sa3021649"
"Raynier Ramirez","LAD","DSL",20,10,27,37,6,2,3,0,1,5,5,6,0,7,2,2,0,1,2,1,0.222222222,"sa3021650"
"Williams Wong","TEX","CPX",19,21,62,75,12,10,0,0,2,5,9,11,0,20,0,0,2,1,2,0,0.193548387,"sa3021830"
"Abel Lorenzo","LAD","CPX",19,33,104,114,19,12,4,0,3,14,9,8,0,40,1,1,0,2,3,1,0.182692307,"sa3021831"
"Jjam Alvarez","COL","DSL",19,14,42,55,10,7,3,0,0,15,4,12,0,6,1,0,0,1,2,0,0.238095238,"sa3021835"
"Emil Turbi","SDP","A,AAA,CPX",20,30,98,110,22,17,4,1,0,10,10,9,0,44,2,1,0,2,2,2,0.224489795,"sa3021836"
"Kelvin Alcantara","SEA","CPX",19,43,155,184,39,24,11,1,3,23,20,21,0,35,5,3,0,0,1,0,0.251612903,"sa3021837"
"Jhorvic Abreus","CLE","CPX",19,26,71,81,12,9,3,0,0,11,3,9,0,20,1,0,0,4,3,0,0.169014084,"sa3021838"
"Samil Dishmey","LAA","CPX",19,26,77,85,18,16,0,0,2,10,13,7,0,23,1,0,0,0,2,1,0.233766233,"sa3021841"
"Sebastian De Andrade","SEA","CPX",19,36,127,155,32,24,7,0,1,19,19,25,1,35,1,2,0,6,0,0,0.251968503,"sa3021842"
"Yhoan Escalona","PHI","CPX",19,4,14,17,2,1,1,0,0,2,0,3,0,4,0,0,0,0,0,0,0.142857142,"sa3021843"
"Marcos Terrero","NYM","DSL",19,15,39,48,8,7,0,1,0,5,3,9,0,12,0,0,0,0,0,0,0.205128205,"sa3021844"
"Franklin Arias","BOS","A,A+",19,70,291,317,88,63,20,1,4,36,41,20,0,30,4,2,0,3,9,6,0.302405498,"sa3021845"
"Juan Sulbaran","TEX","A,A+,AA",19,5,15,16,4,3,1,0,0,0,1,0,0,3,0,1,0,0,0,0,0.266666666,"sa3021851"
"Francisco Caldera","HOU","DSL",19,9,27,35,6,2,1,1,2,8,9,7,0,11,0,1,0,0,0,1,0.222222222,"sa3021853"
"Omar Reyes","KCR","DSL",20,23,67,86,26,23,2,1,0,19,15,18,1,11,0,0,1,0,1,1,0.388059701,"sa3021854"
"Javier Mogollon","CHW","A",19,51,186,224,41,23,10,3,5,36,19,30,0,56,6,0,2,4,15,6,0.220430107,"sa3021855"
"Adrian Gil","CHW","CPX",19,44,145,176,39,21,9,3,6,26,36,20,0,59,8,2,0,0,16,3,0.268965517,"sa3021856"
"Paulo Asprilla","STL","CPX",19,27,88,100,19,17,2,0,0,8,13,11,0,17,0,0,0,1,0,0,0.21590909,"sa3021859"
"Brian Sanchez","NYY","A",20,58,228,268,63,39,15,5,4,38,36,32,0,65,2,4,0,3,24,4,0.276315789,"sa3021860"
"Erick Batista","SDP","CPX",19,10,0,0,0,0,0,0,0,0,0,0,0,0,0,0,0,0,0,0,0,"sa3022026"
"Felix Cotes","TBR","CPX",19,37,118,151,28,25,2,1,0,13,17,22,1,23,5,3,3,2,11,7,0.237288135,"sa3022053"
"Robert Brooks","TOR","AA,AAA",26,31,80,91,11,6,3,0,2,4,8,10,0,27,1,0,0,1,0,0,0.1375,"sa3022160"
"Eduardo Tait","PHI","A",18,71,276,315,70,40,18,1,11,40,46,30,0,61,4,5,0,6,0,0,0.253623188,"sa3022162"
"Alexander Requena","MIA","DSL",19,10,30,38,8,5,1,0,2,10,4,3,0,4,5,0,0,0,3,1,0.266666666,"sa3022163"
"Nixon Chirinos","MIA","A,CPX",19,26,84,100,17,11,4,0,2,12,5,14,0,35,2,0,0,1,5,1,0.202380952,"sa3022164"
"Kyle Bischoff","MIN","AAA",25,22,1,1,0,0,0,0,0,0,0,0,0,1,0,0,0,0,0,0,0,"sa3022176"
"Alfredo Alcantara","CIN","CPX",19,34,114,147,35,24,10,0,1,30,22,27,0,35,4,2,0,5,3,1,0.307017543,"sa3022184"
"Estarling Mercado","NYM","A+",22,38,126,145,32,23,5,1,3,17,20,17,0,30,1,1,0,1,4,1,0.253968253,"sa3022191"
"Jose Gonzalez","LAD","DSL",20,21,60,88,17,7,5,2,3,18,15,23,0,21,2,3,0,1,5,1,0.283333333,"sa3022196"
"Jose Perez","BAL","CPX,DSL",20,19,45,60,10,5,5,0,0,14,3,14,0,14,1,0,0,0,1,2,0.222222222,"sa3022198"
"Angelo Mora","CIN","CPX",20,14,39,44,6,6,0,0,0,1,7,2,0,11,2,1,0,0,0,0,0.153846153,"sa3022208"
"Adrian Hoyte","DET","DSL",19,14,27,34,8,8,0,0,0,4,2,5,0,5,2,0,0,1,1,0,0.296296296,"sa3022209"
"Jose Castro","NYY","DSL",19,9,23,33,7,4,1,0,2,7,7,5,0,5,3,2,0,0,2,1,0.304347826,"sa3022235"
"Dariel Ramon","TOR","A,CPX",19,40,120,151,32,26,4,2,0,32,13,24,0,24,7,0,0,0,13,3,0.266666666,"sa3022236"
"Juan Obispo","WSN","DSL",19,14,31,36,10,6,3,1,0,8,9,4,0,4,0,0,1,0,7,0,0.322580645,"sa3022255"
"Eriandys Ramon","CHC","A,AA",22,51,188,202,34,25,5,2,2,21,14,10,0,59,3,0,0,2,2,2,0.180851063,"sa3022256"
"Neurelin Montero","TEX","DSL",19,9,16,19,5,4,1,0,0,4,1,2,0,5,1,0,0,0,0,0,0.3125,"sa3022257"
"Yassel Soler","ARI","A",19,60,229,265,52,37,7,1,7,28,30,23,0,63,8,5,0,4,3,0,0.227074235,"sa3022281"
"Moises Valdez","SDP","DSL",19,27,108,120,37,30,6,1,0,17,6,8,0,17,2,0,1,4,13,2,0.342592592,"sa3022282"
"Junior Garcia","ATL","CPX",19,34,120,132,23,13,6,1,3,15,13,11,0,33,1,0,0,3,2,1,0.191666666,"sa3022283"
"Henniel Alcala","CHC","CPX",19,20,60,78,10,7,3,0,0,5,11,9,0,17,8,1,0,1,3,2,0.166666666,"sa3022284"
"Edgar Mota","KCR","DSL",19,10,32,34,6,6,0,0,0,1,5,0,0,7,0,1,1,2,1,0,0.1875,"sa3022292"
"Alexey Lumpuy","CHC","A",21,58,208,230,32,20,5,3,4,27,15,15,0,87,7,0,0,1,9,6,0.153846153,"sa3022296"
"Andres Villafane","PIT","DSL",19,17,51,56,13,10,3,0,0,4,2,2,0,8,1,0,1,0,4,2,0.25490196,"sa3022305"
"Alirio Ferrebus","PHI","A,CPX",19,48,173,195,38,26,6,1,5,26,24,14,0,36,6,1,0,4,2,1,0.219653179,"sa3022306"
"Erick Lara","TBR","CPX",19,20,52,65,10,6,2,2,0,8,8,11,0,26,0,2,0,0,1,1,0.192307692,"sa3022307"
"Cristian Perez","DET","DSL",18,24,80,91,17,11,1,1,4,13,19,6,0,30,4,1,0,3,2,0,0.2125,"sa3022320"
"Carlos Gutierrez","SFG","A",20,60,248,293,87,70,11,4,2,60,30,37,1,40,5,0,3,4,26,3,0.350806451,"sa3022336"
"Wilder Dalis","COL","CPX",18,45,146,174,51,36,8,4,3,30,35,19,0,37,3,3,3,2,10,2,0.349315068,"sa3022347"
"Jhon Reyes","KCR","CPX",21,12,0,0,0,0,0,0,0,0,0,0,0,0,0,0,0,0,0,0,0,"sa3022355"
"Yosweld Vasquez","HOU","CPX",20,26,74,89,21,15,3,0,3,18,10,9,0,22,6,0,0,0,0,0,0.283783783,"sa3022361"
"Aldo Gaxiola","TOR","CPX",19,46,153,174,38,33,3,1,1,19,12,21,0,36,0,0,0,4,3,0,0.248366013,"sa3022373"
"Enyervert Perez","ARI","CPX",19,42,147,179,43,25,13,0,5,23,27,21,0,45,7,3,0,7,3,0,0.292517006,"sa3022379"
"Jesus Freitez","COL","CPX",19,25,65,74,24,17,6,1,0,13,3,7,0,6,1,0,1,2,3,2,0.369230769,"sa3022392"
"Lisbel Diaz","SFG","A",19,76,325,350,86,59,18,3,6,45,45,17,1,71,5,2,1,4,14,3,0.264615384,"sa3022399"
"Jeremiah Boyd","ARI","AA,AAA",24,7,21,27,6,3,1,0,2,4,7,6,0,11,0,0,0,0,0,0,0.285714285,"sa3022402"
"Cole Roberts","PHI","A+,AA",24,31,83,97,13,13,0,0,0,7,6,12,0,20,0,0,2,3,2,0,0.156626506,"sa3022403"
"Richard Meran","NYY","DSL",19,11,34,40,11,5,3,1,2,5,10,4,0,11,2,0,0,1,1,2,0.323529411,"sa3022404"
"Hector Liriano","WSN","DSL",19,16,46,56,8,5,2,0,1,6,6,8,0,21,1,1,0,0,2,1,0.173913043,"sa3022405"
"Edwardo Espinal","LAA","A",19,48,154,178,30,21,9,0,0,18,10,15,0,56,4,1,2,0,3,0,0.194805194,"sa3022414"
"Caleb Bartolero","LAA","A",25,34,132,155,35,22,7,2,4,26,21,15,0,31,7,1,0,3,3,1,0.265151515,"sa3022423"
"Peter Burns","LAA","A+",25,21,51,66,8,4,3,0,1,4,3,15,0,13,0,0,0,2,1,1,0.156862745,"sa3022424"
"Chase Davis","STL","AA",23,69,246,295,50,33,10,0,7,31,28,41,0,86,5,3,0,2,5,1,0.203252032,"sa3022426"
"Tre Richardson","STL","A+",23,50,181,210,45,31,12,0,2,25,20,23,0,36,6,0,0,6,10,6,0.248618784,"sa3022428"
"Cole Fontenelle","LAA","A+,AA",23,66,224,259,39,26,5,1,7,30,21,25,1,125,10,0,0,0,12,3,0.174107142,"sa3022429"
"Dakota Harris","STL","AA",23,71,263,288,66,52,9,0,5,46,22,17,0,54,6,2,0,6,12,1,0.25095057,"sa3022431"
"Brock Rodden","SEA","AA",25,19,76,86,25,17,4,0,4,14,17,7,1,22,1,2,0,3,9,0,0.328947368,"sa3022432"
"Chase Adkison","STL","A+",25,18,49,68,13,9,3,0,1,10,10,16,0,7,1,2,0,0,0,0,0.265306122,"sa3022433"
"Brayden Jobert","STL","A+",24,65,221,264,50,35,9,1,5,29,27,35,0,64,6,2,0,4,7,5,0.226244343,"sa3022434"
"Zach Levenson","STL","A+",23,60,205,253,45,29,8,2,6,35,28,42,0,46,6,0,0,3,6,4,0.219512195,"sa3022435"
"Caleb Ketchup","LAA","A,A+,AA",23,51,148,169,25,21,1,1,2,23,8,20,0,55,0,1,0,1,14,2,0.168918918,"sa3022436"
"Joe Redfield","LAA","A+,AA",23,48,160,180,37,25,8,2,2,18,15,11,0,44,5,0,4,1,6,4,0.23125,"sa3022439"
"Trey Paige","STL","A+,AA",24,53,189,210,48,32,9,3,4,26,32,18,0,61,1,1,1,1,5,2,0.253968253,"sa3022440"
"Alberto Rios","LAA","A,A+",23,37,108,126,17,11,4,1,1,7,11,14,0,28,1,0,3,6,1,0,0.157407407,"sa3022441"
"Jared Sundstrom","SEA","AA",24,64,239,269,56,36,9,3,8,33,33,23,0,71,5,2,0,1,22,2,0.234309623,"sa3022442"
"Graysen Tarlow","STL","A+",23,26,80,95,25,21,3,0,1,11,19,9,0,20,4,2,0,1,1,1,0.3125,"sa3022443"
"Mac McCroskey","LAA","AA",25,55,141,162,26,23,3,0,0,15,8,16,0,55,1,1,3,3,7,4,0.184397163,"sa3022444"
"Alcides Hernandez","SDP","CPX",20,13,42,50,8,8,0,0,0,4,4,7,0,10,0,1,0,2,1,2,0.19047619,"sa3022446"
"Homer Bush Jr.","TBR","AA",23,70,283,321,79,66,9,4,0,42,17,26,0,59,8,1,3,0,29,5,0.279151943,"sa3022480"
"Hunter Fitz-Gerald","SEA","AA",24,57,208,231,57,35,16,0,6,29,36,20,0,72,2,0,0,5,1,0,0.274038461,"sa3022482"
"Caleb Pendleton","LAA","A+",23,2,4,4,4,3,0,0,1,1,3,0,0,0,0,0,0,0,0,0,1,"sa3022483"
"Nik McClaughry","SEA","AAA,CPX",25,42,138,161,27,23,3,0,1,18,16,11,0,31,10,2,0,4,4,2,0.195652173,"sa3022484"
"Jay Beshears","MIA","A+",23,40,142,172,31,17,7,3,4,23,17,25,0,38,3,2,0,2,3,2,0.218309859,"sa3022485"
"Yimy Tovar","SDP","A,CPX",19,39,145,158,46,36,8,0,2,23,21,11,0,30,0,2,0,5,4,4,0.317241379,"sa3022486"
"Charlie Pagliarini","SEA","A+",24,68,253,294,55,32,10,2,11,39,34,41,1,87,0,0,0,6,0,0,0.217391304,"sa3022487"
"Jacob Sharp","TOR","AA",23,44,115,133,19,16,2,0,1,11,10,9,0,36,8,0,1,2,1,0,0.165217391,"sa3022489"
"Rio Foster","LAA","A+",22,52,166,206,34,25,6,2,1,20,11,27,0,59,11,2,0,2,5,1,0.204819277,"sa3022491"
"Johnny Olmstead","MIA","AA",24,75,271,296,63,42,11,1,9,44,28,18,0,53,4,2,1,4,16,5,0.232472324,"sa3022494"
"Drew Compton","ATL","AA",24,69,246,279,65,50,12,0,3,28,21,31,1,77,0,2,0,7,2,0,0.264227642,"sa3022495"
"Calvin Harris","CHW","A,AA",23,55,199,225,52,39,8,3,2,28,28,24,0,53,0,2,0,1,5,2,0.261306532,"sa3022496"
"Jordan Thompson","LAD","A+",23,72,257,292,59,39,13,0,7,33,26,25,0,79,8,2,0,9,6,5,0.229571984,"sa3022497"
"Jacob Gonzalez","CHW","AA",23,78,285,322,72,47,17,2,6,37,38,28,0,44,4,4,1,6,10,3,0.252631578,"sa3022498"
"Brock Wilken","MIL","AA",23,65,222,283,51,16,17,0,18,42,41,57,0,74,3,1,0,2,2,0,0.229729729,"sa3022499"
"Sabin Ceballos","SFG","AA",22,70,229,267,43,31,9,0,3,16,24,30,0,50,5,1,2,8,3,2,0.187772925,"sa3022500"
"Joe Vetrano","LAD","A+",23,69,247,276,58,35,13,3,7,31,36,26,0,72,2,1,0,3,13,1,0.234817813,"sa3022501"
"Jace Grady","ATL","A+",24,51,161,185,25,17,7,0,1,14,12,20,0,55,2,2,0,1,4,3,0.155279503,"sa3022505"
"Raudi Rodriguez","LAA","A",21,78,302,349,74,46,11,10,7,49,55,37,0,86,6,3,1,9,20,3,0.245033112,"sa3022506"
"Isaiah Drake","ATL","A",19,71,269,311,67,54,4,6,3,35,38,36,0,75,2,4,0,0,27,9,0.249070631,"sa3022507"
"Kade Kern","ATL","A+,AA,CPX",23,12,31,39,5,3,2,0,0,2,1,7,0,10,1,0,0,0,1,2,0.161290322,"sa3022508"
"John Wimmer","LAA","A",20,68,251,284,59,35,17,5,2,30,21,26,0,98,5,0,2,4,8,1,0.23505976,"sa3022509"
"Will King","ATL","CPX",21,4,8,14,4,4,0,0,0,3,2,5,0,1,1,0,0,0,1,1,0.5,"sa3022510"
"Will Verdung","ATL","A+",22,72,256,301,72,60,10,2,0,27,20,38,1,50,2,5,0,5,6,4,0.28125,"sa3022512"
"Casey Yamauchi","OAK","A+",24,72,254,284,69,52,14,2,1,21,34,14,0,19,10,4,2,10,5,5,0.271653543,"sa3022528"
"Luke Mann","OAK","AA",25,74,261,311,52,29,13,1,9,38,41,36,0,85,7,7,0,2,7,1,0.199233716,"sa3022529"
"Will Simpson","TBR","AA",23,70,259,285,53,36,12,0,5,23,29,22,0,60,1,2,1,2,1,1,0.204633204,"sa3022530"
"Colby Halter","OAK","AA",23,72,259,301,74,49,16,6,3,42,35,35,1,80,3,2,2,1,18,2,0.285714285,"sa3022531"
"Nate Nankil","OAK","A+",22,74,269,310,85,64,18,0,3,39,37,33,1,44,7,1,0,7,5,1,0.31598513,"sa3022532"
"Mark Coley II","MIA","AA",24,50,174,195,41,30,9,1,1,17,20,15,0,67,4,2,0,1,14,6,0.235632183,"sa3022534"
"Brock Vradenburg","MIA","A+",23,52,171,199,28,16,9,3,0,23,15,28,0,49,0,0,0,4,11,0,0.16374269,"sa3022537"
"Ryan Lasko","OAK","A+,CPX",23,47,170,207,43,33,5,2,3,27,20,28,0,50,7,2,0,4,8,2,0.252941176,"sa3022539"
"Jonah Cox","SFG","A+",23,77,320,365,77,51,15,7,4,53,36,35,0,83,5,0,5,9,36,5,0.240625,"sa3022541"
"Nick Schwartz","OAK","A+",24,25,85,93,21,16,3,1,1,11,10,6,0,26,0,0,1,2,0,0,0.247058823,"sa3022542"
"Tony Bullard","MIA","AA",25,18,64,68,17,8,5,1,3,10,9,3,0,11,1,0,0,4,1,0,0.265625,"sa3022556"
"Bryce Arnold","TOR","A,A+",23,61,198,242,47,29,8,1,9,42,32,29,0,59,11,4,0,4,10,0,0.237373737,"sa3022557"
"Tevin Tucker","COL","A+",25,46,120,145,21,13,8,0,0,17,15,22,0,39,2,1,0,5,11,0,0.175,"sa3022558"
"Kyle Karros","COL","AA,CPX",22,54,187,225,61,37,18,2,4,40,22,33,1,41,3,1,0,6,6,0,0.326203208,"sa3022559"
"Kevin Sim","ARI","A+,CPX",23,33,108,119,23,19,3,0,1,12,7,9,0,29,2,0,0,2,3,1,0.212962962,"sa3022560"
"Tommy Troy","ARI","AA",23,73,285,335,82,54,17,1,10,47,39,45,0,56,4,1,0,2,16,3,0.287719298,"sa3022561"
"Kemp Alderman","MIA","AA",22,76,288,316,81,60,8,4,9,35,34,22,0,73,2,4,0,6,14,7,0.28125,"sa3022562"
"Brice Matthews","HOU","AAA",23,72,265,321,75,48,12,5,10,51,39,50,0,96,4,2,0,8,24,6,0.283018867,"sa3022563"
"Jack Hurley","ARI","AA,CPX",23,45,161,176,31,18,7,2,4,19,13,10,0,73,3,1,1,2,1,4,0.192546583,"sa3022564"
"Mitch Jebb","PIT","AA",23,73,270,311,70,61,5,4,0,28,21,37,1,33,1,1,2,2,22,3,0.259259259,"sa3022565"
"Jeron Williams","HOU","AA,CPX",24,23,76,85,14,11,2,0,1,6,8,5,0,12,2,2,0,2,4,0,0.184210526,"sa3022566"
"Max Anderson","DET","AA",23,69,285,311,97,60,24,2,11,47,53,21,3,45,3,2,0,8,2,3,0.340350877,"sa3022567"
"Jackson Feltner","ARI","A+",23,53,154,185,27,15,4,1,7,26,18,20,0,64,11,0,0,0,0,1,0.175324675,"sa3022568"
"Ryan Johnson","HOU","A,AA,CPX",24,21,70,78,19,8,9,0,2,11,8,4,0,29,3,1,0,2,4,1,0.271428571,"sa3022569"
"Brennan Orf","TOR","A+",23,18,59,78,11,8,2,1,0,9,12,17,0,20,2,0,0,0,2,0,0.186440677,"sa3022570"
"Nehomar Ochoa Jr.","HOU","A,CPX",19,29,95,105,15,13,1,0,1,13,5,8,0,34,1,1,0,2,1,2,0.157894736,"sa3022572"
"Ryan Ignoffo","MIA","A+,AA",24,60,226,255,55,32,16,1,6,36,47,24,0,37,2,3,0,4,9,2,0.243362831,"sa3022573"
"Aidan Longwell","COL","A+",23,71,271,306,80,46,21,2,11,34,58,26,0,61,3,5,1,2,2,2,0.295202952,"sa3022574"
"Anthony Sherwin","HOU","AA",23,30,95,108,14,12,1,0,1,4,10,11,0,51,0,2,0,0,3,0,0.147368421,"sa3022575"
"Josh Rivera","TOR","AA,AAA",24,70,223,255,51,36,9,1,5,30,26,30,0,89,0,1,1,4,2,1,0.228699551,"sa3022590"
"Brian Kalmer","CHC","A+",24,53,174,209,37,25,8,1,3,22,27,33,0,53,1,1,0,2,3,0,0.212643678,"sa3022591"
"Trevor Werner","KCR","A+,CPX",24,47,165,192,34,16,10,3,5,26,24,23,0,58,1,2,1,0,9,6,0.206060606,"sa3022592"
"Zach Arnold","PHI","A+",24,62,205,230,44,31,8,0,5,25,18,17,0,55,7,1,0,2,3,1,0.214634146,"sa3022593"
"Drew Bowser","CHC","A+",23,55,176,216,37,27,9,0,1,26,16,36,0,59,4,0,0,5,13,2,0.210227272,"sa3022594"
"Cole Carrigg","COL","AA",23,75,286,323,71,46,11,4,10,51,42,25,0,91,10,0,2,2,28,4,0.248251748,"sa3022596"
"Bryson Ware","PHI","A+",24,60,200,235,43,26,10,0,7,38,23,24,0,68,6,3,1,5,3,1,0.215,"sa3022597"
"Jack Moss","CIN","A+,CPX",23,14,41,52,13,8,5,0,0,9,8,7,0,7,1,3,0,3,0,0,0.31707317,"sa3022598"
"Connor Burns","CIN","A+",23,55,192,216,37,20,9,0,8,25,29,15,0,83,4,4,1,5,0,0,0.192708333,"sa3022599"
"Jake Gelof","LAD","A+,CPX",23,49,162,194,36,14,16,0,6,28,30,28,0,50,1,3,0,6,2,7,0.222222222,"sa3022600"
"Ben McCabe","COL","A+,AA",25,24,66,82,7,4,3,0,0,8,2,6,0,28,8,1,0,2,2,1,0.106060606,"sa3022601"
"RJ Schreck","TOR","AA,AAA,CPX",24,51,168,204,43,24,7,1,11,33,24,29,0,44,7,0,0,2,5,1,0.25595238,"sa3022602"
"Brett Bateman","CHC","AA",23,54,193,227,48,42,5,0,1,26,10,34,0,45,0,0,0,0,13,3,0.248704663,"sa3022603"
"Avery Owusu-Asiedu","PHI","A,A+",22,70,224,271,61,44,10,1,6,47,28,37,0,65,6,3,1,7,17,4,0.272321428,"sa3022604"
"Myles Naylor","OAK","A",20,65,229,279,42,28,7,1,6,43,31,45,0,112,4,1,0,6,9,2,0.183406113,"sa3022605"
"Trent Farquhar","PHI","A+,AA",24,40,137,164,28,21,5,0,2,16,11,26,0,29,1,0,0,2,12,2,0.204379562,"sa3022606"
"Jay Harry","TOR","A+,AA",22,61,191,214,35,25,5,1,4,23,20,21,1,49,2,0,0,0,6,2,0.183246073,"sa3022607"
"Keaton Anthony","PHI","AA,AAA",24,65,247,272,81,50,26,1,4,29,33,20,0,51,2,2,0,2,0,0,0.327935222,"sa3022608"
"Aidan Miller","PHI","AA",21,64,239,283,57,39,9,2,7,32,21,40,0,73,3,1,0,6,31,6,0.238493723,"sa3022609"
"Caleb Hobson","COL","A+",23,63,176,233,29,20,6,2,1,40,9,48,0,91,6,1,2,2,24,4,0.164772727,"sa3022610"
"Aidan Smith","TBR","A+",20,58,225,265,52,37,6,2,7,48,36,34,0,86,4,2,0,1,21,4,0.231111111,"sa3022611"
"Sammy Stafura","CIN","A",20,75,280,345,73,47,14,8,4,39,42,50,0,84,8,5,1,5,23,4,0.260714285,"sa3022612"
"Brandon Winokur","MIN","A+",20,77,301,342,63,36,15,2,10,49,43,33,0,88,7,1,0,2,19,3,0.209302325,"sa3022613"
"Ethan O'Donnell","CIN","AA",23,72,240,289,51,41,5,2,3,33,24,36,0,78,3,5,5,2,12,0,0.2125,"sa3022616"
"Bryan Gonzalez","LAD","CPX",19,27,95,108,19,16,2,0,1,10,11,8,0,24,3,2,0,4,1,1,0.2,"sa3022617"
"Arturo Disla","TEX","A+",24,70,269,297,61,41,13,0,7,26,23,23,1,69,3,2,0,9,3,0,0.226765799,"sa3022618"
"Caleb Cali","SEA","AA",24,70,255,288,59,37,12,2,8,28,41,27,0,92,2,4,0,1,4,5,0.231372549,"sa3022651"
"Carson Jones","SEA","A+",24,43,139,162,23,11,7,0,5,22,18,18,0,58,4,1,0,1,10,0,0.165467625,"sa3022652"
"Jace Bohrofen","TOR","AA",23,74,263,297,56,29,15,2,10,32,33,31,0,97,2,0,0,2,9,2,0.212927756,"sa3022653"
"Quincy Scott","TEX","A+",22,59,177,205,41,30,7,0,4,23,19,23,0,62,2,1,2,3,10,1,0.231638418,"sa3022656"
"Mike Boeve","MIL","AA,CPX",23,48,180,214,44,32,6,2,4,30,24,30,1,50,3,1,0,4,6,0,0.244444444,"sa3022658"
"Braden Barry","TOR","A,CPX",23,17,56,67,17,13,4,0,0,13,4,10,0,15,1,0,0,0,2,2,0.303571428,"sa3022659"
"Kendall George","LAD","A+",20,67,252,307,62,50,5,4,3,52,22,49,0,53,1,4,1,2,36,10,0.246031746,"sa3022660"
"Carter Trice","CHC","A+",22,56,198,245,44,25,8,1,10,42,29,42,0,61,5,0,0,3,20,5,0.222222222,"sa3022661"
"Gavin Dugas","WSN","A+",25,59,188,220,37,25,8,0,4,21,23,23,0,56,6,3,0,2,2,3,0.19680851,"sa3022667"
"Darius Perry","COL","A+",24,21,59,64,4,2,0,0,2,2,3,4,0,27,0,0,1,0,0,1,0.06779661,"sa3022668"
"Kiko Romero","NYY","A+",24,4,10,11,2,1,1,0,0,0,0,0,0,2,1,0,0,0,0,0,0.2,"sa3022669"
"Andrew Pinckney","WSN","AAA",24,76,264,299,62,50,3,0,9,44,27,27,0,87,7,0,1,6,20,3,0.234848484,"sa3022670"
"Braylen Wimmer","COL","A+",24,81,321,364,97,60,22,2,13,47,51,27,0,82,11,2,3,6,25,1,0.302180685,"sa3022671"
"Yohandy Morales","WSN","AA,AAA",23,69,269,301,72,42,20,2,8,39,34,27,1,80,1,4,0,9,4,2,0.267657992,"sa3022672"
"Cole Foster","SFG","A+,CPX",23,46,147,168,21,14,4,0,3,15,9,15,1,54,5,1,0,5,2,3,0.142857142,"sa3022673"
"Elijah Nunez","WSN","A,A+",23,47,158,197,37,27,8,1,1,23,14,36,0,52,3,0,0,0,14,4,0.234177215,"sa3022674"
"Jack Payton","SFG","A+",23,43,145,174,36,23,7,1,5,25,29,20,0,49,5,4,0,3,3,0,0.248275862,"sa3022675"
"Marcus Brown","WSN","A+",23,53,174,202,40,30,9,1,0,19,10,18,0,39,5,3,2,3,8,3,0.229885057,"sa3022676"
"Garret Guillemette","HOU","A+,AA",23,56,200,231,50,29,11,0,10,33,28,24,0,44,5,1,0,6,3,4,0.25,"sa3022677"
"Brandon Pimentel","WSN","A+",25,38,125,138,22,17,5,0,0,11,12,5,0,35,8,0,0,2,2,0,0.176,"sa3022678"
"Bennett Lee","DET","A+",23,37,118,144,16,9,4,0,3,14,15,22,0,52,2,2,0,3,0,0,0.13559322,"sa3022679"
"Phillip Glasser","WSN","AA",25,70,273,308,84,66,12,3,3,37,24,24,1,35,8,1,2,3,17,6,0.307692307,"sa3022680"
"Drew Cavanaugh","SFG","A,A+,AAA",23,54,197,243,55,35,8,1,11,47,43,39,0,63,4,3,0,0,4,0,0.279187817,"sa3022682"
"Max Clark","DET","A+,AA",20,69,264,334,75,54,12,2,7,49,47,65,0,57,3,2,0,4,12,2,0.284090909,"sa3022683"
"Nick Goodwin","TOR","A+",23,57,182,222,42,28,4,0,10,31,34,30,1,45,7,1,2,4,4,1,0.23076923,"sa3022685"
"Justin Wishkoski","SFG","A+,AA",24,58,172,193,37,30,5,0,2,23,12,11,0,46,7,1,1,4,12,1,0.215116279,"sa3022686"
"Cam Fisher","HOU","A,A+",24,65,184,235,33,16,6,1,10,31,26,44,0,96,3,3,1,0,19,5,0.179347826,"sa3022687"
"Jared Dickey","OAK","A+",23,73,254,312,66,44,16,2,4,39,38,47,0,43,2,9,0,6,6,2,0.259842519,"sa3022688"
"Charlie Szykowny","SFG","A+",25,74,287,333,72,43,17,2,10,45,44,21,1,65,18,7,0,3,4,5,0.25087108,"sa3022689"
"Anthony Huezo","HOU","AAA,CPX",19,33,88,118,20,11,5,2,2,18,15,19,0,37,10,0,0,1,10,3,0.227272727,"sa3022691"
"Yahil Melendez","CHC","A,CPX",19,43,146,177,29,23,4,1,1,16,16,24,0,70,7,0,0,0,5,3,0.198630136,"sa3022692"
"Jose Ortiz","SFG","A,CPX",20,15,49,59,14,11,3,0,0,14,4,5,0,14,3,0,2,0,2,0,0.285714285,"sa3022693"
"Luke Shliger","SFG","A+",23,39,128,156,31,22,6,0,3,13,27,20,1,38,4,3,1,3,8,1,0.2421875,"sa3022694"
"Jared Wegner","NYY","AA",25,37,123,140,23,17,4,0,2,15,11,13,0,51,3,1,0,5,3,2,0.186991869,"sa3022695"
"Spencer Nivens","KCR","AA",23,77,266,318,63,48,12,1,2,37,29,47,1,63,0,5,0,2,9,2,0.236842105,"sa3022697"
"Will Bush","HOU","A+",21,56,182,225,47,27,9,0,11,39,31,37,0,60,5,1,0,1,6,0,0.258241758,"sa3022698"
"Scott Bandura","SFG","A+",23,76,295,346,93,71,14,3,5,59,41,42,0,83,6,3,0,4,28,2,0.315254237,"sa3022699"
"Chase Jaworsky","HOU","A+",20,48,164,198,39,28,7,1,3,27,25,23,0,42,8,2,1,4,18,3,0.237804878,"sa3022700"
"Quinn McDaniel","SFG","A+",22,69,256,297,58,37,12,3,6,38,31,38,0,87,1,2,0,1,11,3,0.2265625,"sa3022701"
"Pascanel Ferreras","HOU","AA",23,64,235,258,53,36,10,2,5,28,23,21,0,73,2,0,0,5,5,6,0.225531914,"sa3022702"
"Zyhir Hope","LAD","A+",20,79,285,335,84,52,21,2,9,41,54,45,1,88,3,1,0,4,12,6,0.294736842,"sa3022703"
"Jackson Hornung","TOR","A+,AA",24,57,208,244,66,47,12,3,4,40,30,28,0,69,2,4,0,5,5,0,0.317307692,"sa3022704"
"Bo Davidson","SFG","A+",22,67,262,312,81,52,14,5,10,49,52,46,2,69,2,2,0,1,11,3,0.309160305,"sa3022706"
"Hayden Durke","ARI","A+",23,15,0,0,0,0,0,0,0,0,0,0,0,0,0,0,0,0,0,0,0,"sa3022733"
"Drew Ehrhard","BOS","AA",26,33,102,112,25,16,6,1,2,12,11,8,0,20,1,0,1,2,0,1,0.245098039,"sa3022748"
"Roc Riggio","NYY","A+,AA,CPX",23,50,187,220,52,24,12,1,15,42,40,28,0,49,5,0,0,1,6,6,0.278074866,"sa3022750"
"Dylan Campbell","PHI","A+,AA",22,69,249,285,56,33,13,2,8,36,37,28,0,65,4,3,1,6,20,6,0.224899598,"sa3022751"
"Poncho Ruiz","MIN","A,A+",23,54,178,213,50,33,17,0,0,27,18,34,0,48,0,1,0,2,1,0,0.280898876,"sa3022752"
"Dillon Head","MIA","A",20,71,270,315,61,48,2,8,3,47,29,39,1,62,2,2,1,2,26,6,0.225925925,"sa3022753"
"Edrick Felix","TOR","CPX",23,13,46,48,13,9,2,1,1,6,6,1,0,10,0,1,0,0,3,0,0.282608695,"sa3022754"
"Caden Connor","CHW","A+,AA",24,76,270,314,72,59,8,1,4,34,42,35,0,50,2,5,2,9,6,1,0.266666666,"sa3022755"
"Blake Mitchell","KCR","A+,CPX",20,12,32,43,8,5,2,0,1,5,7,8,0,12,3,0,0,2,3,1,0.25,"sa3022756"
"Bryce Eldridge","SFG","AA,AAA",20,50,186,207,49,28,11,0,10,19,33,18,2,60,1,2,0,2,0,1,0.26344086,"sa3022757"
"Justin Johnson","KCR","AA",25,36,115,128,26,18,4,0,4,11,16,10,0,28,1,1,0,1,3,1,0.226086956,"sa3022758"
"Ryan Galanie","CHW","A+,AA",25,81,312,349,90,62,16,3,9,36,66,25,1,56,3,9,0,4,9,2,0.288461538,"sa3022759"
"Wilson Rodriguez","NYY","A,CPX",20,30,92,110,22,17,3,0,2,12,14,14,0,15,2,1,0,0,9,2,0.239130434,"sa3022760"
"Garrett Martin","NYY","AA",25,72,259,293,57,37,10,1,9,39,35,18,0,66,10,4,0,2,14,1,0.22007722,"sa3022806"
"Tavian Josenberger","BAL","A+,AA,CPX",23,38,112,141,22,14,2,2,4,21,14,23,0,34,1,3,2,1,8,4,0.196428571,"sa3022808"
"Dominic Pitelli","CIN","AA",23,66,215,243,39,26,10,2,1,24,16,21,0,83,3,2,2,2,14,2,0.181395348,"sa3022809"
"Nick Lorusso","NYM","AA",24,65,226,256,57,36,18,0,3,25,31,24,0,64,2,4,0,8,5,2,0.252212389,"sa3022810"
"Cole Gabrielson","NYY","AA",24,51,152,186,34,22,6,1,5,19,23,29,0,64,3,2,0,3,11,3,0.22368421,"sa3022811"
"Kehden Hettiger","PHI","A,A+",21,57,193,231,44,27,10,1,6,26,28,35,0,67,1,2,0,0,1,0,0.227979274,"sa3022812"
"Austin Deming","HOU","AA",25,33,118,129,21,10,6,1,4,15,14,11,0,55,0,0,0,1,4,0,0.177966101,"sa3022813"
"Bryan Broecker","TBR","A+",23,35,105,128,19,16,2,0,1,12,3,22,0,41,0,0,1,3,0,0,0.18095238,"sa3022814"
"Matthew Etzel","TBR","AA",23,56,196,239,45,32,8,0,5,31,34,41,2,62,0,2,0,3,17,7,0.229591836,"sa3022815"
"Pierce Bennett","PHI","A+",24,56,186,210,40,30,5,2,3,20,21,19,0,29,3,2,0,3,2,3,0.215053763,"sa3022816"
"George Wolkow","CHW","A",19,69,243,289,48,36,3,1,8,31,34,33,0,83,6,6,1,4,17,6,0.197530864,"sa3022817"
"Stone Russell","KCR","A",21,74,251,296,55,36,13,3,3,25,26,36,0,57,4,4,1,3,2,5,0.219123505,"sa3022819"
"Sheng-En Lin","CIN","CPX",19,28,71,91,11,6,2,1,2,11,11,19,0,27,0,1,0,1,1,1,0.154929577,"sa3022820"
"Bernard Moon","CIN","A",20,64,240,268,60,37,17,3,3,38,33,17,0,60,7,2,2,2,7,7,0.25,"sa3022821"
"Garret Forrester","MIA","A+",23,36,121,147,32,25,5,1,1,16,16,21,0,32,4,1,0,1,6,1,0.264462809,"sa3022822"
"Charles McAdoo","TOR","AA",23,66,243,266,59,36,13,1,9,33,25,21,0,82,1,1,0,5,16,2,0.242798353,"sa3022823"
"Carter Graham","CIN","A,A+",23,61,218,249,49,30,11,1,7,28,28,20,0,60,5,6,0,0,5,1,0.224770642,"sa3022824"
"Carson Roccaforte","KCR","A+",23,74,250,305,55,28,12,4,11,42,40,50,0,91,2,2,1,2,33,6,0.22,"sa3022825"
"Jason Hernandez","SDP","DSL",19,5,13,16,2,2,0,0,0,1,1,3,0,5,0,0,0,0,1,0,0.153846153,"sa3022826"
"Devin Saltiban","PHI","A+,CPX",20,32,126,139,21,11,6,1,3,15,12,8,0,40,4,1,0,0,7,2,0.166666666,"sa3022827"
"Dustin Dickerson","KCR","AA,AAA",24,72,246,296,57,45,7,0,5,34,19,42,0,75,5,2,1,7,12,2,0.231707317,"sa3022828"
"Coby Morales","NYY","A+,AA",23,74,280,313,69,45,15,3,6,37,36,28,0,81,3,2,0,5,13,3,0.246428571,"sa3022829"
"Dylan Jasso","NYY","AA",22,73,276,312,74,47,11,5,11,45,43,28,0,65,6,2,0,6,0,2,0.268115942,"sa3022830"
"Jonathon Long","CHC","AAA",23,83,306,350,95,69,11,2,13,51,55,39,0,70,2,2,0,3,2,0,0.310457516,"sa3022864"
"Josh Moylan","NYY","A+",22,67,219,265,39,22,12,1,4,23,34,40,0,81,4,2,0,5,5,1,0.178082191,"sa3022865"
"Eric Bitonti","MIL","A",19,71,267,312,66,39,14,0,13,40,52,41,0,105,1,3,0,1,14,4,0.247191011,"sa3022866"
"Cooper Pratt","MIL","AA",20,73,272,323,69,47,16,1,5,47,40,37,1,47,6,5,1,10,20,3,0.25367647,"sa3022867"
"Alfonsin Rosario","CLE","A+",21,64,236,276,65,39,11,2,13,36,39,32,1,67,7,1,0,2,10,1,0.275423728,"sa3022868"
"Justin Miknis","PIT","A+",24,12,34,42,5,4,0,0,1,1,6,5,0,14,0,1,2,0,0,1,0.147058823,"sa3022884"
"Mac Horvath","TBR","A+",23,69,250,298,62,41,8,0,13,51,49,41,0,69,2,5,0,1,26,4,0.248,"sa3022885"
"LuJames Groover","ARI","AA",23,73,283,319,87,63,14,0,10,41,37,29,0,59,6,1,0,5,0,1,0.307420494,"sa3022887"
"Wooyeoul Shin","TBR","A",23,49,166,200,38,26,8,1,3,28,19,26,0,34,5,2,1,6,10,2,0.228915662,"sa3022888"
"Sam Shaw","TOR","A",20,59,215,262,56,36,10,3,7,41,26,44,1,50,3,0,0,4,9,0,0.260465116,"sa3022889"
"Adrian Santana","TBR","A+",19,71,295,331,79,62,13,2,2,53,38,30,0,40,0,6,0,6,35,8,0.26779661,"sa3022890"
"Jim Jarvis","DET","AA",24,67,243,271,56,41,12,2,1,31,26,22,1,28,4,2,0,5,5,5,0.230452674,"sa3022891"
"Arjun Nimmala","TOR","A+",19,74,300,340,72,42,17,2,11,49,36,35,1,73,3,2,0,9,6,1,0.24,"sa3022892"
"Nazzan Zanetello","BOS","A+",20,69,250,303,43,27,11,0,5,45,26,46,0,116,6,1,0,0,12,3,0.172,"sa3022893"
"Walker Jenkins","MIN","A,AA,CPX",20,28,97,122,27,21,3,0,3,21,12,23,0,23,2,0,0,0,9,1,0.278350515,"sa3022894"
"Kevin McGonigle","DET","A,A+,AA",20,43,166,195,59,31,21,0,7,38,39,26,0,20,2,1,0,1,3,5,0.355421686,"sa3022895"
"John Peck","DET","A+",22,70,286,313,87,64,15,1,7,58,46,23,0,88,3,1,0,3,13,4,0.304195804,"sa3022896"
"Colton Ledbetter","TBR","AA",23,71,265,303,76,53,15,3,5,43,28,31,1,77,3,4,0,3,22,7,0.286792452,"sa3022897"
"B.Y. Choi","SDP","A",23,52,167,196,41,30,10,1,0,25,22,27,0,49,1,0,0,1,4,2,0.245508982,"sa3022898"
"Cole Turney","DET","A+,CPX",26,8,31,33,9,3,5,0,1,5,5,2,0,14,0,0,0,1,0,0,0.29032258,"sa3022916"
"Enrique Bradfield Jr.","BAL","A+,AA,CPX",23,42,132,163,33,23,8,1,1,23,7,27,1,25,2,0,2,0,16,2,0.25,"sa3022917"
"Hunter Haas","TBR","A+",23,44,132,163,23,14,5,0,4,18,16,24,0,48,5,2,0,1,3,1,0.174242424,"sa3022918"
"Tre' Morgan","TBR","AAA",22,39,138,174,39,31,7,0,1,27,16,32,2,39,4,0,0,3,2,1,0.282608695,"sa3022919"
"Jalen Vasquez","BAL","A+,AA",23,61,177,206,35,24,7,2,2,20,19,25,0,53,1,1,2,4,6,7,0.197740112,"sa3022920"
"Brayden Taylor","TBR","AA",23,64,225,264,36,22,9,1,4,24,25,35,0,78,0,3,1,3,6,2,0.16,"sa3022921"
"Colt Emerson","SEA","A+",19,70,270,321,72,50,11,4,7,47,35,40,0,56,6,5,0,3,5,3,0.266666666,"sa3022923"
"Alberth Palma","TBR","CPX",19,40,117,154,37,32,1,4,0,25,21,29,0,16,4,2,2,4,15,9,0.316239316,"sa3022924"
"David Smith","DET","A,CPX",24,26,71,85,19,16,2,0,1,12,11,12,0,14,2,0,0,1,8,1,0.267605633,"sa3022925"
"Carson Rucker","DET","A",20,59,225,242,47,37,8,1,1,25,20,14,0,65,2,1,0,6,4,3,0.208888888,"sa3022926"
"Brett Callahan","DET","A+",23,31,116,130,29,20,2,3,4,17,21,8,0,30,4,2,0,0,2,1,0.25,"sa3022927"
"Weston Eberly","CHW","A+,AA,AAA",24,22,59,76,7,4,2,0,1,10,5,12,0,20,3,1,1,0,1,0,0.118644067,"sa3022928"
"Brady Cerkownyk","DET","CPX",22,17,51,58,10,9,0,0,1,4,9,4,0,17,3,0,0,1,1,0,0.196078431,"sa3022929"
"Mikey Kane","CHW","A",23,47,148,177,35,32,1,1,1,11,15,25,0,24,3,0,1,5,1,1,0.236486486,"sa3022930"
"Matthew Bollenbacher","WSN","A",25,27,0,0,0,0,0,0,0,0,0,0,0,0,0,0,0,0,0,0,0,"sa3022954"
"Merrick Baldo","WSN","A",24,28,0,0,0,0,0,0,0,0,0,0,0,0,0,0,0,0,0,0,0,"sa3022957"
"Ethan Long","SDP","A+",24,48,160,184,30,24,2,0,4,15,13,20,0,57,2,2,0,5,0,0,0.1875,"sa3022961"
"Boston Baro","NYM","A+",20,71,267,298,56,39,10,4,3,30,24,25,0,64,2,4,0,6,16,0,0.209737827,"sa3022962"
"A.J. Ewing","NYM","A,A+",20,74,276,333,87,65,12,7,3,56,37,51,1,59,4,2,0,6,52,7,0.315217391,"sa3022963"
"Colin Houck","NYM","A,A+",20,74,271,312,67,36,17,6,8,48,40,36,0,93,3,2,0,4,11,2,0.247232472,"sa3022964"
"John Lopez","KCR","CPX",19,7,20,22,4,3,1,0,0,2,1,2,0,5,0,0,0,1,0,0,0.2,"sa3022965"
"Tai Peete","SEA","A+",19,76,296,324,66,39,12,2,13,36,39,22,0,102,1,4,1,4,15,6,0.222972972,"sa3022966"
"Jake Zitella","NYM","CPX",20,5,10,12,1,1,0,0,0,0,1,1,0,4,0,1,0,0,0,0,0.1,"sa3022968"
"Darling Fernandez","OAK","CPX",19,33,90,116,26,20,3,2,1,15,10,23,0,29,2,1,0,1,4,2,0.288888888,"sa3022969"
"Kyle Henley","CIN","A",20,64,257,285,63,54,8,1,0,46,19,18,0,101,4,3,2,1,36,5,0.245136186,"sa3023012"
"Ralphy Velazquez","CLE","A+",20,68,270,303,59,29,14,5,11,42,44,27,0,68,3,3,0,9,1,2,0.218518518,"sa3023013"
"Maxton Martin","TEX","A",20,74,305,338,82,47,21,6,8,56,47,25,0,75,6,2,0,5,9,0,0.268852459,"sa3023014"
"Lou Albrecht","PHI","CPX",23,4,9,9,0,0,0,0,0,0,0,0,0,2,0,0,0,0,0,0,0,"sa3023015"
"Addison Kopack","SDP","A+,AA",23,24,65,82,14,10,3,1,0,9,5,12,0,25,1,3,1,2,2,2,0.215384615,"sa3023052"
"Kalae Harrison","PIT","A+",23,30,98,104,17,11,3,0,3,15,9,5,0,25,0,1,0,2,6,0,0.173469387,"sa3023054"
"Tommy Hawke","CLE","A,A+",22,67,225,286,69,56,11,2,0,68,22,54,0,48,3,2,1,4,65,5,0.306666666,"sa3023055"
"Jonah Advincula","CLE","A+,AA",24,64,186,240,48,33,6,4,5,33,24,44,0,30,6,2,2,1,30,8,0.258064516,"sa3023056"
"Donte Grant","SDP","CPX",20,45,162,203,38,24,10,3,1,29,18,21,0,50,17,3,0,1,14,3,0.234567901,"sa3023057"
"C.J. Kayfus","CLE","AA,AAA",23,74,273,318,85,50,15,8,12,45,50,39,0,82,4,2,0,3,4,2,0.311355311,"sa3023068"
"Cooper Ingle","CLE","AA",23,68,247,298,71,41,21,0,9,45,40,46,0,55,1,3,1,2,0,2,0.287449392,"sa3023069"
"Alex Mooney","CLE","AA",22,73,238,282,51,36,13,1,1,34,17,31,1,89,3,6,4,1,21,3,0.214285714,"sa3023070"
"Johnny Tincher","CLE","A+",23,38,119,144,27,19,7,0,1,14,22,21,0,27,2,2,0,5,2,0,0.226890756,"sa3023072"
"Kevin Bruggeman","LAA","A",23,48,141,178,30,16,6,5,3,23,23,28,0,37,6,0,3,1,2,0,0.212765957,"sa3023073"
"Colton Vincent","SDP","A",25,37,97,107,16,14,2,0,0,7,9,7,0,18,2,1,0,4,0,0,0.164948453,"sa3023089"
"TJayy Walton","PHI","A,CPX",20,19,63,73,16,13,2,1,0,11,8,9,0,24,0,1,0,0,7,3,0.253968253,"sa3023090"
"Raymond Mola","PIT","CPX,DSL",19,18,51,71,15,11,1,0,3,15,11,15,0,14,4,1,0,1,12,1,0.294117647,"sa3023109"
"Jackson Castillo","NYY","A+",22,71,276,321,66,49,13,1,3,36,39,38,0,65,4,3,0,5,14,1,0.239130434,"sa3023111"
"Luke Scherrer","PIT","A,CPX",20,33,92,116,17,15,1,0,1,13,5,16,0,20,7,1,0,2,8,2,0.184782608,"sa3023140"
"Ryan Wilson","SDP","A",23,73,243,293,57,42,13,1,1,30,24,37,0,46,11,1,1,7,6,5,0.234567901,"sa3023141"
"Antonio Anderson","BOS","A,A+",20,64,239,276,67,48,14,1,4,42,35,28,0,77,4,5,0,6,1,2,0.280334728,"sa3023167"
"Josh Adamczewski","MIL","A,CPX",20,29,106,132,37,24,9,2,2,25,24,17,0,30,4,5,0,0,1,0,0.349056603,"sa3023168"
"Michael Carico","CHC","A",22,7,22,30,5,3,1,0,1,5,7,6,0,7,2,0,0,0,0,0,0.227272727,"sa3023216"
"George Lombard Jr.","NYY","A+,AA",20,79,277,349,67,44,16,4,3,60,29,57,0,78,11,4,0,0,25,4,0.241877256,"sa3023233"
"Rikuu Nishida","CHW","AA",24,71,246,301,64,60,3,1,0,41,17,42,0,45,9,0,4,3,24,5,0.260162601,"sa3023234"
"Luis Arias","WSN","CPX",19,34,114,130,34,27,5,0,2,19,11,13,0,27,2,1,0,4,4,0,0.298245614,"sa3023259"
"Jake Cunningham","BAL","A+",22,57,182,209,35,25,7,1,2,24,19,24,0,77,2,1,0,3,20,4,0.192307692,"sa3023269"
"Cole Urman","BAL","A,A+",23,51,160,181,34,26,4,2,2,16,13,19,0,68,0,0,2,3,0,2,0.2125,"sa3023270"
"Easton Shelton","LAD","A+,CPX",19,32,110,123,25,12,7,0,6,15,14,9,0,44,2,2,0,0,0,1,0.227272727,"sa3023287"
"Jaron Elkins","LAD","A",20,71,288,333,79,50,18,5,6,52,44,31,0,103,8,6,0,0,43,4,0.274305555,"sa3023288"
"Joe Olsavsky","ATL","A,A+,AAA",23,48,133,161,26,21,3,1,1,14,6,18,0,36,10,0,0,2,4,1,0.195488721,"sa3023289"
"Jonny Farmelo","SEA","A+",20,15,59,66,17,9,2,1,5,12,12,6,0,20,0,1,0,1,0,0,0.288135593,"sa3023362"
"Leo De Vries","SDP","A+",18,69,258,308,63,38,15,4,6,39,39,45,1,62,2,2,1,3,6,6,0.244186046,"sa3023363"
"Sam Brown","LAA","AA",23,79,265,310,63,47,10,3,3,29,33,35,0,58,6,4,0,9,2,1,0.237735849,"sa3023367"
"Maui Ahuna","SFG","A,CPX",23,45,163,190,41,24,10,2,5,32,27,19,0,55,6,1,1,0,11,2,0.251533742,"sa3023373"
"Colby Shade","MIA","A+",23,53,184,217,46,31,10,4,1,34,16,28,0,56,5,0,0,4,30,3,0.25,"sa3023374"
"Matt Hogan","CHW","A+,CPX",25,35,105,131,23,15,5,3,0,15,14,22,0,45,3,1,0,1,6,3,0.219047619,"sa3023375"
"Noah Myers","TBR","A+",25,68,228,291,57,42,11,1,3,47,33,58,1,77,4,1,0,2,21,0,0.25,"sa3023377"
"Felnin Celesten","SEA","A",19,64,266,294,77,59,12,2,4,35,37,26,0,66,0,2,0,5,17,8,0.289473684,"sa3023381"
"Julian Brock","TEX","A+",24,52,185,204,39,26,11,0,2,26,20,15,0,59,3,1,0,4,7,5,0.21081081,"sa3023424"
"Christian Knapczyk","CLE","A+",23,73,280,325,79,55,17,1,6,42,40,34,0,59,9,2,0,4,11,2,0.282142857,"sa3023425"
"Nelly Taylor","BOS","A+",22,63,227,279,55,35,13,2,5,43,26,47,2,74,2,3,0,4,25,8,0.242290748,"sa3023426"
"Caden Rose","BOS","AA",23,57,154,184,25,17,2,1,5,22,10,21,0,72,7,1,1,1,9,2,0.162337662,"sa3023458"
"Tomas Frick","NYY","A+",24,41,118,146,27,16,8,0,3,20,18,16,0,35,8,4,0,3,2,0,0.228813559,"sa3023485"
"Chris Brito","KCR","A+",25,34,109,134,27,21,4,0,2,12,13,21,1,32,1,2,1,2,2,1,0.247706422,"sa3023486"
"Walker Martin","SFG","A",21,67,250,295,60,36,11,3,10,48,45,40,0,84,4,1,0,2,7,3,0.24,"sa3023545"
"J.D. Gonzalez","TBR","A",19,27,98,104,17,16,1,0,0,3,12,6,0,27,0,0,0,0,0,0,0.173469387,"sa3023546"
"Cesar Hernandez","HOU","A",22,64,223,269,52,35,7,1,9,38,32,35,0,55,6,5,0,4,23,11,0.233183856,"sa3023547"
"Langston Burkett","SDP","CPX",20,7,0,0,0,0,0,0,0,0,0,0,0,0,0,0,0,0,0,0,0,"sa3023572"
"John Michael Faile","CIN","A+",25,62,237,259,51,30,12,0,9,23,35,19,0,70,2,1,0,4,0,1,0.215189873,"sa3023579"
"Drew Davies","CIN","A,CPX",19,40,125,160,31,21,5,2,3,32,17,32,0,41,2,0,1,3,3,2,0.248,"sa3023580"
"Niko Perez","LAD","A",20,31,101,129,28,19,7,2,0,20,28,22,0,28,1,4,1,0,20,2,0.277227722,"sa3023603"
"Nate Rombach","WSN","A",24,48,174,196,40,27,9,1,3,17,18,19,0,39,0,3,0,4,1,1,0.229885057,"sa3023620"
"Noah Barber","KCR","CPX",20,41,127,143,22,14,5,2,1,19,17,11,0,59,4,1,0,0,6,2,0.173228346,"sa3023621"
"Payton Eeles","MIN","A,A+,AAA",25,43,153,178,45,39,5,1,0,25,7,17,0,30,4,3,1,3,11,3,0.294117647,"sa3023622"
"Luis Rives","HOU","CPX",20,23,60,82,10,5,1,2,2,12,12,18,0,26,2,2,0,0,4,0,0.166666666,"sa3023624"
"Angel Arredondo","TEX","A,CPX",18,35,106,128,27,23,4,0,0,18,15,14,0,27,6,1,1,4,2,2,0.254716981,"sa3023647"
"Kyle Hess","MIN","A+",26,39,91,116,23,12,7,1,3,18,14,21,0,32,4,0,0,1,1,1,0.252747252,"sa3023651"
"Patrick Lee","DET","A,A+",25,59,184,222,41,26,10,1,4,20,24,34,0,85,4,0,0,4,20,6,0.222826086,"sa3023666"
"Andrew Huffman","MIN","CPX",25,10,0,0,0,0,0,0,0,0,0,0,0,0,0,0,0,0,0,0,0,"sa3023669"
"Luke Fox","LAD","A+",23,12,0,0,0,0,0,0,0,0,0,0,0,0,0,0,0,0,0,0,0,"sa3023673"
"Travis Honeyman","STL","A,A+",23,44,160,198,50,38,8,1,3,33,20,27,1,32,9,2,0,1,7,1,0.3125,"sa3023679"
"Sebastian Baquera","TEX","CPX",18,22,52,62,6,5,1,0,0,3,3,2,0,18,5,1,2,1,0,1,0.115384615,"sa3023707"
"Ichiro Cano","CIN","CPX",20,34,103,134,25,18,5,1,1,16,17,29,1,34,1,1,0,0,2,2,0.242718446,"sa3023708"
"Adolfo Sanchez","CIN","DSL",18,25,78,103,23,16,4,1,2,23,11,17,0,17,7,1,0,1,7,1,0.294871794,"sa3023709"
"Pablo Nunez","CIN","DSL",18,25,69,106,23,20,1,1,1,33,7,31,0,2,6,0,0,0,11,1,0.333333333,"sa3023710"
"Naibel Mariano","CIN","DSL",18,22,82,88,26,16,6,2,2,15,20,5,0,18,1,0,0,1,5,2,0.31707317,"sa3023711"
"Isael Arias","NYY","CPX",19,46,154,171,27,20,6,0,1,19,13,14,0,33,1,1,1,4,14,1,0.175324675,"sa3023713"
"Franco Willias","SFG","DSL",20,18,50,58,14,9,2,1,2,8,12,7,0,8,1,0,0,0,9,0,0.28,"sa3023714"
"Diover De Aza","NYM","DSL",17,19,55,62,17,14,1,0,2,10,3,6,0,14,0,1,0,1,4,2,0.309090909,"sa3023715"
"Justin Barry","BOS","CPX",18,18,62,70,13,7,3,0,3,12,12,6,0,22,1,1,0,0,6,0,0.209677419,"sa3023716"
"Paulino Santana","TEX","CPX",18,46,171,195,41,29,6,3,3,29,16,19,0,58,4,1,0,2,7,3,0.239766081,"sa3023718"
"Dawel Joseph","SEA","DSL",18,25,84,104,21,14,5,0,2,15,7,17,0,37,3,0,0,1,8,2,0.25,"sa3023719"
"Yovanny Rodriguez","NYM","DSL",18,16,42,57,14,9,4,0,1,10,11,15,0,16,0,0,0,0,1,0,0.333333333,"sa3023720"
"Leonardo Pineda","TBR","CPX",18,26,89,109,16,12,4,0,0,14,4,14,0,30,4,1,1,3,4,2,0.17977528,"sa3023721"
"Curley Martha","TEX","CPX",18,4,9,13,0,0,0,0,0,1,1,2,0,3,1,0,1,0,0,1,0,"sa3023722"
"Luis Cova","MIA","DSL",18,27,92,113,23,16,4,0,3,19,18,18,0,28,1,2,0,0,11,3,0.25,"sa3023723"
"Vladimir Asencio","BOS","DSL",18,21,67,70,14,12,2,0,0,7,7,2,0,17,1,0,0,1,2,1,0.208955223,"sa3023724"
"Bralyn Brazoban","PIT","CPX,DSL",18,23,75,86,18,12,4,2,0,12,10,4,0,19,4,2,1,0,3,0,0.24,"sa3023725"
"Yolfran Castillo","TEX","CPX",18,48,184,203,47,34,7,6,0,32,18,13,0,46,3,3,0,3,16,1,0.255434782,"sa3023726"
"Leandro Romero","SEA","DSL",18,24,85,97,21,11,5,1,4,15,15,10,0,24,1,1,0,1,1,2,0.247058823,"sa3023727"
"Bohan Adderley","NYM","CPX",18,40,132,153,22,16,3,1,2,17,12,18,0,49,2,1,0,2,17,5,0.166666666,"sa3023728"
"Rashawn Pinder","TEX","CPX",18,43,153,168,42,30,6,4,2,21,19,8,1,46,4,1,1,3,5,4,0.274509803,"sa3023729"
"Alexander Mambel","BOS","CPX",18,11,31,37,9,3,4,0,2,6,7,2,0,11,3,1,0,0,0,1,0.29032258,"sa3023730"
"Justin Capellan","NYY","DSL",18,20,70,83,21,9,8,0,4,19,21,9,0,15,2,2,0,1,7,3,0.3,"sa3023731"
"Riangelo Richardson","CIN","DSL",17,13,37,44,3,2,1,0,0,3,4,6,0,14,0,1,0,1,2,0,0.081081081,"sa3023733"
"Jaset Martinez","CIN","DSL",18,16,36,43,6,4,2,0,0,3,3,6,0,15,0,1,0,0,0,0,0.166666666,"sa3023735"
"Shendrion Martinus","CIN","DSL",18,13,36,41,7,6,0,1,0,5,2,4,0,11,1,0,0,0,3,1,0.194444444,"sa3023736"
"Michell Ojeda","PIT","CPX",18,23,79,90,17,12,1,1,3,17,12,9,0,23,2,0,0,0,4,2,0.215189873,"sa3023737"
"Yordani Martinez","MIA","DSL",18,25,76,101,24,13,7,2,2,23,22,19,0,17,5,1,0,0,14,5,0.315789473,"sa3023738"
"Phillando Williams","PIT","DSL",18,18,52,63,13,11,1,1,0,11,8,6,0,13,3,2,0,0,6,1,0.25,"sa3023739"
"Leandy Mella","NYM","DSL",18,16,47,57,11,10,1,0,0,9,3,8,0,21,1,1,0,0,3,3,0.234042553,"sa3023741"
"Emiliano Galan","TBR","DSL",18,10,27,38,7,5,2,0,0,8,0,9,0,6,2,0,0,1,1,0,0.259259259,"sa3023742"
"Ismael Del Rosario","TBR","DSL",18,13,43,50,7,5,2,0,0,5,1,4,0,16,2,0,1,0,1,1,0.162790697,"sa3023743"
"Carlos Matias","TBR","DSL",18,21,66,83,17,14,3,0,0,10,13,9,0,10,5,2,1,2,6,3,0.257575757,"sa3023744"
"Dexters Peralta","NYY","CPX",17,31,100,116,12,9,3,0,0,11,5,13,0,38,1,2,0,2,6,2,0.12,"sa3023745"
"Franchely Silverio","HOU","DSL",18,11,39,42,8,6,1,0,1,5,6,2,0,16,1,0,0,1,0,0,0.205128205,"sa3023746"
"Javier Acevedo","PIT","DSL",18,13,32,41,12,10,1,1,0,8,7,9,0,6,0,0,0,1,6,0,0.375,"sa3023747"
"Rafi Montesino","BOS","DSL",18,9,13,15,2,2,0,0,0,5,0,2,0,2,0,0,0,0,0,0,0.153846153,"sa3023748"
"Richard Matic","NYY","DSL",17,22,70,90,22,11,7,1,3,21,19,16,0,23,2,2,0,0,4,3,0.314285714,"sa3023749"
"Iverson Allen","PIT","DSL",17,19,54,70,10,8,1,1,0,6,6,6,0,18,9,1,0,1,10,0,0.185185185,"sa3023750"
"Jirvin Morillo","CIN","DSL",18,21,71,87,21,11,7,0,3,16,19,16,0,17,0,0,0,0,3,1,0.295774647,"sa3023751"
"Jose Castro","MIA","DSL",18,25,95,116,26,9,10,0,7,27,22,15,0,27,5,1,0,0,3,4,0.27368421,"sa3023752"
"Jesus Lizardo","PIT","DSL",18,9,22,26,6,5,1,0,0,1,2,3,0,2,0,0,1,1,0,0,0.272727272,"sa3023753"
"Jhoan Peguero","BOS","CPX",19,27,64,71,12,9,1,0,2,13,7,5,0,27,2,0,0,0,11,0,0.1875,"sa3023754"
"Enyel Rosario","CHC","DSL",18,17,59,69,12,10,0,1,1,13,4,8,0,7,0,2,0,0,8,4,0.20338983,"sa3023755"
"Frankeli Mesta","PIT","DSL",18,24,68,84,17,14,2,1,0,8,7,12,0,16,1,1,2,1,1,1,0.25,"sa3023756"
"Justin Gonzales","BOS","A,CPX",18,47,173,204,46,33,10,1,2,25,17,24,0,32,6,1,0,4,9,4,0.265895953,"sa3023757"
"Anderson Fermin","BOS","CPX",18,41,118,160,33,24,6,3,0,29,12,38,0,33,3,1,0,4,18,5,0.279661016,"sa3023759"
"Edwin Brito","BOS","CPX",18,23,74,87,12,7,5,0,0,6,11,8,0,28,5,0,0,3,2,2,0.162162162,"sa3023760"
"Avinson Pinto","BOS","CPX",18,33,122,140,31,22,4,4,1,22,11,16,0,28,0,2,0,0,15,4,0.25409836,"sa3023761"
"Tavano Baker","BOS","CPX",18,22,64,77,14,9,3,1,1,10,6,10,0,19,3,0,0,0,8,0,0.21875,"sa3023762"
"Josue Brito","BOS","DSL",18,21,54,83,14,5,3,0,6,13,18,25,0,17,3,1,0,2,8,2,0.259259259,"sa3023763"
"Enddy Azocar","BOS","A,CPX",18,43,155,171,40,25,11,1,3,19,19,14,0,35,1,1,0,1,9,1,0.258064516,"sa3023764"
"Givian Sirvania","BOS","DSL",17,20,52,65,11,5,3,2,1,7,11,9,0,13,3,1,0,1,6,0,0.211538461,"sa3023765"
"Ilan Fernandez","BOS","CPX",18,29,81,97,18,13,4,0,1,16,8,14,0,20,1,1,0,1,8,1,0.222222222,"sa3023766"
"Fidel Pinango","NYM","DSL",17,14,29,33,6,5,1,0,0,2,0,4,0,4,0,0,0,1,4,2,0.206896551,"sa3023767"
"Zeus Nunez","SEA","DSL",18,10,33,36,6,6,0,0,0,3,1,3,0,21,0,0,0,0,0,0,0.181818181,"sa3023768"
"Efren Teran","BOS","CPX",18,21,67,75,14,14,0,0,0,9,4,7,0,10,1,0,0,0,2,2,0.208955223,"sa3023769"
"Moises Bolivar","LAD","CPX",17,39,144,161,34,30,3,0,1,19,13,14,0,43,2,1,0,5,2,0,0.236111111,"sa3023770"
"Erick Lugo","TBR","DSL",18,13,36,43,9,6,3,0,0,9,6,3,0,6,1,2,1,1,0,0,0.25,"sa3023772"
"Omar Mejia","KCR","DSL",18,23,78,88,19,15,2,0,2,16,11,6,0,27,2,1,1,1,3,2,0.243589743,"sa3023773"
"Deinys Gonzalez","TBR","DSL",18,21,64,82,15,9,2,2,2,11,15,11,0,13,6,1,0,1,0,0,0.234375,"sa3023774"
"Santiago Camacho","SFG","CPX",18,32,113,123,25,12,8,1,4,14,23,8,0,22,1,1,0,6,0,0,0.221238938,"sa3023775"
"Kendrick Herrera","PIT","CPX",18,42,147,174,37,31,4,1,1,25,17,23,0,34,3,0,1,2,5,1,0.25170068,"sa3023776"
"Manuel De Cesare","SEA","DSL",18,19,64,73,15,9,4,0,2,8,17,7,0,18,2,0,0,1,1,0,0.234375,"sa3023777"
"Amauri Ramirez","HOU","DSL",18,23,71,84,18,13,4,1,0,11,7,9,0,18,3,1,0,0,3,4,0.253521126,"sa3023778"
"Jeyson Moya","SFG","DSL",18,6,16,18,1,1,0,0,0,2,0,2,0,6,0,0,0,0,0,0,0.0625,"sa3023779"
"Albert Jimenez","SFG","DSL",18,21,71,83,16,11,2,0,3,9,6,12,0,14,0,0,0,1,0,0,0.225352112,"sa3023780"
"Andres Torres","TBR","DSL",18,19,54,69,16,15,1,0,0,12,9,11,0,6,1,3,0,2,1,2,0.296296296,"sa3023781"
"Sandy Luciano","KCR","DSL",18,24,83,90,23,20,3,0,0,10,10,7,0,8,0,0,0,0,2,1,0.277108433,"sa3023782"
"Aaron Pinero","TBR","DSL",18,21,75,93,21,14,6,0,1,15,9,12,0,14,6,0,0,3,3,0,0.28,"sa3023783"
"Angel Brachi","TBR","DSL",18,23,78,104,33,26,6,1,0,23,11,15,0,8,9,1,1,0,5,2,0.423076923,"sa3023784"
"Yojanser Calzado","CIN","DSL",18,16,44,58,11,7,3,1,0,12,1,11,0,13,2,0,1,0,9,2,0.25,"sa3023785"
"Miguel Rivera","BOS","DSL",18,6,18,23,3,2,0,0,1,2,2,5,0,1,0,0,0,2,0,0,0.166666666,"sa3023786"
"Esteban Romero","HOU","DSL",18,1,1,1,0,0,0,0,0,0,0,0,0,0,0,0,0,0,0,0,0,"sa3023787"
"Alejandro Castellano","HOU","DSL",18,16,35,44,6,4,2,0,0,6,1,9,0,12,0,0,0,1,0,0,0.171428571,"sa3023788"
"Samuel Brito","HOU","DSL",18,13,31,42,7,6,1,0,0,11,3,9,0,9,2,0,0,1,1,0,0.225806451,"sa3023789"
"Edwin Darville","BOS","DSL",18,14,47,54,13,8,3,1,1,9,10,7,0,14,0,0,0,0,3,0,0.276595744,"sa3023790"
"Steven Santos","TEX","DSL",17,13,44,48,7,5,1,1,0,4,3,4,0,13,0,0,0,0,0,0,0.159090909,"sa3023791"
"Eduardo Ponce","SEA","CPX",18,35,126,150,24,18,3,0,3,22,15,20,0,23,2,2,0,2,0,0,0.19047619,"sa3023792"
"Diwarys Encarnacion","MIA","DSL",19,27,95,112,31,20,4,0,7,28,26,12,0,12,4,1,0,2,11,2,0.326315789,"sa3023793"
"Eyeksson Rojas","WSN","CPX",19,34,114,130,29,24,2,1,2,17,21,10,0,22,4,1,1,2,2,0,0.254385964,"sa3023872"
"Alfredo Guanchez","ARI","DSL",19,3,4,8,3,2,0,1,0,3,1,4,0,1,0,0,0,0,0,1,0.75,"sa3023873"
"Edgar Lugo","DET","DSL",20,24,84,92,26,20,5,0,1,20,10,4,0,5,2,0,1,2,5,2,0.309523809,"sa3023874"
"Jalvin Arias","PHI","DSL",18,19,56,68,8,7,1,0,0,7,5,10,0,18,1,1,0,0,1,3,0.142857142,"sa3023875"
"Maylerson Casanova","PHI","DSL",18,22,73,79,24,17,6,0,1,12,8,4,0,23,2,0,0,1,4,2,0.328767123,"sa3023876"
"Nathanael Cijntje","PHI","DSL",18,20,54,71,11,7,4,0,0,8,8,13,0,15,4,0,0,0,5,4,0.203703703,"sa3023877"
"Meylin De Leon","PHI","CPX",18,32,89,98,10,6,3,0,1,7,6,6,0,26,2,1,0,1,1,0,0.11235955,"sa3023878"
"Jose Familia","PHI","CPX",17,38,120,132,22,19,3,0,0,6,5,11,0,47,1,0,0,1,3,1,0.183333333,"sa3023879"
"Cesar Mujica","PHI","A,CPX",18,25,73,82,11,9,2,0,0,5,3,8,0,23,1,0,0,3,0,1,0.150684931,"sa3023880"
"Anderson Navas","PHI","DSL",18,21,74,81,20,14,4,2,0,13,7,5,0,25,1,1,0,0,2,1,0.27027027,"sa3023881"
"Josueth Quinonez","PHI","DSL",18,19,62,76,16,13,2,0,1,11,10,8,0,6,6,0,0,0,5,0,0.258064516,"sa3023882"
"Angel Ventura","NYY","DSL",19,17,54,63,14,10,3,1,0,12,3,8,0,22,1,0,0,0,10,3,0.259259259,"sa3023883"
"Jarol Capellan","COL","DSL",19,15,37,46,8,6,0,2,0,6,6,7,0,9,2,0,0,0,0,1,0.216216216,"sa3023884"
"Daiber De Los Santos","MIN","CPX",18,38,125,151,26,10,10,2,4,26,17,18,0,64,7,1,0,0,13,7,0.208,"sa3023885"
"Adriel Radney","ARI","DSL",18,26,86,97,20,15,2,2,1,11,18,7,0,20,1,3,0,4,7,2,0.232558139,"sa3023886"
"Emil Morales","LAD","CPX",18,48,194,223,61,40,11,3,7,46,36,25,0,61,2,2,0,5,6,3,0.314432989,"sa3023887"
"Victor Hurtado","WSN","DSL",18,21,62,79,16,14,1,1,0,5,4,11,0,12,5,0,1,0,5,1,0.258064516,"sa3023888"
"Eduardo Herrera","CHW","DSL",18,24,69,89,20,14,2,0,4,14,16,17,0,20,3,0,0,0,1,0,0.289855072,"sa3023889"
"Ashly Andujar","COL","CPX",17,43,156,175,49,44,5,0,0,28,21,10,0,25,1,3,5,0,4,2,0.314102564,"sa3023890"
"Belfi Rivera","ARI","DSL",18,17,50,63,10,9,1,0,0,10,3,13,0,15,0,0,0,1,4,2,0.2,"sa3023891"
"Angel Feliz","WSN","CPX",18,42,149,180,40,32,5,3,0,31,22,26,0,34,2,2,1,3,7,5,0.268456375,"sa3023892"
"Francisco Vilorio","NYY","DSL",18,22,74,95,22,20,2,0,0,20,10,18,0,25,2,1,0,1,5,1,0.297297297,"sa3023893"
"Joswa Lugo","LAA","CPX",18,35,129,152,35,26,7,0,2,19,23,19,0,40,3,1,0,0,1,4,0.271317829,"sa3023894"
"Angel Guzman","TOR","DSL",18,26,83,102,17,12,2,1,2,9,11,16,0,12,1,2,0,1,5,0,0.204819277,"sa3023895"
"Yohendry Sanchez","SFG","DSL",18,20,72,82,19,12,5,2,0,11,17,6,0,10,1,3,0,3,0,0,0.263888888,"sa3023896"
"Adbiel Feliz","PIT","DSL",18,14,49,60,12,10,1,1,0,10,9,9,0,3,0,0,2,1,8,0,0.244897959,"sa3023897"
"Jhonny Level","SFG","CPX",18,47,172,208,52,32,9,4,7,39,28,29,0,31,2,5,0,0,14,4,0.302325581,"sa3023898"
"Irvin Nunez","MIN","CPX",19,30,86,113,21,17,3,1,0,20,9,24,0,24,2,1,0,0,2,0,0.244186046,"sa3023899"
"Juan Alvarez","ARI","DSL",19,22,65,77,15,8,4,1,2,11,14,7,0,21,2,2,0,2,1,1,0.23076923,"sa3023900"
"Ivan Cespedes","CHC","DSL",19,16,50,58,13,9,2,0,2,6,7,6,0,14,1,1,0,1,3,1,0.26,"sa3023901"
"Danny Cancro","COL","DSL",18,15,48,61,11,9,2,0,0,11,10,9,0,8,2,2,0,1,7,1,0.229166666,"sa3023903"
"Alfredo Benzan","ARI","DSL",18,25,83,107,27,23,3,1,0,18,18,20,0,11,1,1,2,0,6,2,0.325301204,"sa3023904"
"Yensi Rivas","NYM","DSL",18,22,70,83,19,17,2,0,0,13,6,10,0,22,3,0,0,1,14,4,0.271428571,"sa3023905"
"Hayden Alvarez","LAA","CPX",18,44,142,173,49,41,5,1,2,29,21,24,0,36,1,4,1,2,19,5,0.345070422,"sa3023906"
"Jose Dickson","DET","CPX",18,33,107,125,27,20,4,1,2,14,17,15,0,30,1,2,0,4,7,2,0.252336448,"sa3023907"
"Kyle Sinzza","ARI","CPX,DSL",18,25,76,86,30,22,7,0,1,18,13,7,0,13,1,1,1,1,11,5,0.394736842,"sa3023908"
"Christofer Reyes","NYY","DSL",17,19,60,71,14,11,2,0,1,14,6,9,0,22,1,1,0,0,16,1,0.233333333,"sa3023909"
"Brayan Amoroso","STL","DSL",17,20,65,83,14,12,2,0,0,13,8,14,0,21,3,1,0,4,0,0,0.215384615,"sa3023910"
"Raily Liriano","ARI","DSL",18,25,88,104,25,16,5,1,3,23,11,9,0,29,5,1,1,0,11,5,0.284090909,"sa3023911"
"Greylin De La Paz","LAA","DSL",18,24,82,90,27,19,6,1,1,13,13,6,0,16,1,1,0,2,4,3,0.329268292,"sa3023912"
"J.T. Bain","TOR","DSL",17,23,59,75,8,4,3,0,1,9,10,14,0,38,2,0,0,1,3,0,0.13559322,"sa3023913"
"Eddy Marmolejos","WSN","DSL",18,24,77,85,22,13,8,0,1,12,10,7,0,16,0,1,0,1,4,1,0.285714285,"sa3023914"
"Rafael Flores","TOR","DSL",18,26,75,105,18,14,2,1,1,21,13,19,0,16,10,1,0,0,7,1,0.24,"sa3023915"
"Estivenzon Montero","NYY","DSL",18,20,71,82,24,17,3,0,4,10,18,10,0,24,1,0,0,1,5,2,0.338028169,"sa3023916"
"Roldy Brito","COL","CPX",18,41,141,166,52,37,7,5,3,36,17,20,0,35,4,1,0,1,16,6,0.368794326,"sa3023917"
"Feldi Tavarez","WSN","CPX",18,29,90,99,13,10,3,0,0,7,4,7,0,33,2,0,0,1,4,0,0.144444444,"sa3023918"
"Erick De La Cruz","ARI","DSL",18,10,35,40,13,5,5,2,1,10,7,4,0,2,1,0,0,2,1,1,0.371428571,"sa3023919"
"Queni Pineda","NYY","DSL",18,20,63,85,17,12,4,0,1,22,9,19,1,12,3,0,0,1,5,0,0.269841269,"sa3023920"
"Merphy Hernandez","MIN","CPX",18,10,30,38,4,2,2,0,0,5,4,5,0,11,3,0,0,0,4,4,0.133333333,"sa3023921"
"Anderson Tovar","COL","DSL",18,14,48,61,9,5,1,3,0,12,12,10,0,9,3,0,0,0,3,2,0.1875,"sa3023922"
"Randy Soto",,"DSL",18,24,72,97,10,9,1,0,0,8,4,22,1,18,3,0,0,2,0,0,0.138888888,"sa3023923"
"Samuel Estevez","MIA","DSL",18,5,10,12,3,1,1,1,0,1,1,0,0,4,2,0,0,0,4,2,0.3,"sa3023924"
"Yairo Padilla","STL","CPX",18,38,120,148,34,27,4,3,0,21,10,18,0,21,5,1,4,3,24,4,0.283333333,"sa3023925"
"Santiago Ustariz","CLE","DSL",18,12,37,47,6,6,0,0,0,6,7,9,0,13,1,0,0,0,0,0,0.162162162,"sa3023926"
"Eriel Dihigo","COL","DSL",18,26,83,114,19,12,4,1,2,25,15,26,0,19,4,1,0,0,7,2,0.228915662,"sa3023927"
"Luis De La Cruz","CLE","CPX",18,42,138,162,37,28,7,2,0,25,32,16,0,28,3,5,0,2,13,2,0.268115942,"sa3023928"
"Josmir Reyes","NYM","DSL",18,22,65,81,22,14,5,2,1,12,15,11,1,5,1,4,0,1,3,2,0.338461538,"sa3023929"
"Yeiferth Castillo","CLE","CPX",18,37,128,149,39,29,5,0,5,21,27,16,0,20,3,2,0,1,0,1,0.3046875,"sa3023931"
"Vladi Guerrero","NYM","DSL",18,16,42,49,9,6,1,2,0,9,5,7,0,17,0,0,0,0,2,0,0.214285714,"sa3023933"
"Kenyon Simmons","BOS","DSL",18,9,25,33,5,3,2,0,0,5,4,6,0,6,2,0,0,0,3,1,0.2,"sa3023935"
"Marlon Quintero","LAA","CPX",18,37,134,145,41,33,7,0,1,14,24,7,0,28,1,1,2,4,4,0,0.305970149,"sa3023936"
"Francisco Loreto","PHI","CPX",18,38,134,154,29,15,10,1,3,23,11,15,0,35,5,0,0,3,1,0,0.21641791,"sa3023937"
"Alejandro Blasco","CLE","DSL",18,15,39,53,11,4,7,0,0,12,9,9,0,7,5,0,0,0,1,0,0.282051282,"sa3023938"
"Diego Gonzalez","CHC","DSL",18,13,23,35,6,4,2,0,0,5,7,6,0,8,4,2,0,1,1,0,0.260869565,"sa3023939"
"Roybert Herrera","NYM","DSL",18,13,38,44,12,9,0,1,2,9,3,5,0,11,1,0,0,2,2,0,0.315789473,"sa3023940"
"Heudy Pena","LAD","DSL",18,17,53,64,6,4,1,0,1,14,4,10,0,17,0,0,1,1,2,0,0.113207547,"sa3023942"
"Edward Florentino","PIT","A,CPX",18,44,148,175,49,25,12,2,10,32,35,22,1,36,2,2,1,0,13,2,0.331081081,"sa3023944"
"Pedro Blanco","ARI","CPX",18,27,91,109,23,14,7,2,0,11,12,14,1,35,2,2,0,3,0,1,0.252747252,"sa3023945"
"Pascual Archila",,"DSL",18,26,83,108,11,8,1,0,2,14,10,20,0,28,3,1,1,1,6,1,0.13253012,"sa3023946"
"Juarlin Soto","TOR","DSL",18,26,81,100,15,10,4,0,1,8,14,17,0,19,2,0,0,1,1,0,0.185185185,"sa3023947"
"Victor Leal","MIN","CPX",18,25,50,70,9,9,0,0,0,6,8,15,0,8,2,3,0,2,1,1,0.18,"sa3023948"
"Nestor Urbina",,"DSL",18,24,78,89,22,11,9,1,1,13,16,9,0,15,1,1,0,1,1,0,0.282051282,"sa3023949"
"Daniel Flames","TEX","A,CPX",18,13,38,42,9,7,2,0,0,8,1,3,0,6,1,0,0,1,1,0,0.236842105,"sa3023951"
"Jose Marcano","TEX","DSL",18,20,69,82,16,10,4,0,2,17,20,12,0,10,0,1,0,1,1,1,0.231884057,"sa3023953"
"Juan Colorado","SFG","DSL",18,20,64,75,16,11,4,0,1,11,15,8,0,24,2,1,0,1,6,1,0.25,"sa3023954"
"Luis Fragoza","MIN","CPX",18,35,103,125,21,13,8,0,0,21,12,15,0,30,6,1,0,1,11,1,0.203883495,"sa3023955"
"Andry Batista","TEX","CPX",18,23,55,65,12,9,3,0,0,11,3,8,0,20,1,0,1,0,1,1,0.218181818,"sa3023956"
"Evan Estevez","SFG","DSL",17,24,85,104,25,17,5,0,3,17,23,16,1,30,2,1,0,2,6,1,0.294117647,"sa3023957"
"Leider Padilla","LAD","DSL",18,23,71,88,21,16,4,0,1,14,20,14,0,19,2,1,0,3,8,0,0.295774647,"sa3023958"
"Manni Ramirez","TEX","DSL",18,16,61,73,13,6,3,1,3,18,11,10,0,16,1,1,0,0,2,0,0.213114754,"sa3023959"
"Anthony Marquez","SFG","DSL",18,24,84,99,19,14,4,0,1,13,13,12,0,15,2,0,1,5,7,0,0.226190476,"sa3023960"
"Ricardo Paez","MIN","CPX",18,28,70,91,19,17,1,1,0,14,8,14,0,22,4,2,1,0,8,3,0.271428571,"sa3023961"
"Jurdrick Profar","CHW","CPX",18,39,111,129,19,13,3,1,2,15,15,16,0,48,2,0,0,1,5,5,0.171171171,"sa3023962"
"David Carrera","NYY","DSL",18,21,64,80,15,13,2,0,0,12,6,14,0,23,1,1,0,1,8,4,0.234375,"sa3023966"
"Cristian Arguelles","COL","DSL",18,26,100,124,49,32,10,4,3,29,39,17,0,13,4,2,1,1,2,5,0.49,"sa3023968"
"Estivel Morillo","CLE","CPX,DSL",17,16,56,63,9,4,3,2,0,8,7,4,0,28,2,1,0,0,2,0,0.160714285,"sa3023969"
"Reyli Mariano","LAD","DSL",18,17,49,69,19,10,3,4,2,17,14,20,0,7,0,0,0,0,8,2,0.387755102,"sa3023970"
"Oliver Tejada","SFG","CPX",18,46,154,183,35,18,15,2,0,27,21,14,0,42,11,3,1,4,3,0,0.227272727,"sa3023972"
"Jesus Pinto","DET","CPX",18,21,83,91,17,11,3,0,3,15,11,7,0,17,1,0,0,2,6,3,0.204819277,"sa3023973"
"Jorge Rodriguez","BOS","CPX",19,23,69,77,23,19,1,0,3,10,16,7,0,14,1,0,0,2,8,3,0.333333333,"sa3023974"
"Javier Sanchez","TEX","CPX",17,33,108,127,27,22,3,0,2,14,12,13,2,21,6,0,0,3,0,0,0.25,"sa3023975"
"Kendrick Hernandez","DET","DSL",18,17,30,40,8,5,0,1,2,8,7,7,0,15,2,1,0,0,0,0,0.266666666,"sa3023976"
"Carlos Villarroel","NYY","DSL",18,19,62,76,15,9,2,0,4,13,13,12,0,18,2,0,0,1,2,2,0.241935483,"sa3023977"
"Joshua Francis","SEA","DSL",18,18,39,49,9,7,1,1,0,5,3,8,1,9,2,0,0,0,3,0,0.23076923,"sa3023978"
"Euri Rosa","LAD","DSL",17,13,42,47,12,9,1,0,2,8,6,4,0,8,1,0,0,1,0,1,0.285714285,"sa3023979"
"Herlinton Herrera","COL","DSL",18,26,86,107,22,13,6,2,1,16,12,16,0,20,2,1,2,1,6,1,0.255813953,"sa3023981"
"Christian Gonzalez","CHW","CPX,DSL",18,22,68,87,29,20,6,3,0,21,10,14,0,12,4,0,1,1,2,4,0.426470588,"sa3023982"
"Jehancarlos Mendez","CHW","DSL",17,23,65,74,16,12,3,0,1,7,6,8,0,15,1,0,0,1,4,2,0.246153846,"sa3023983"
"Alvaro Rios","CHW","CPX",18,8,8,10,1,0,1,0,0,2,1,1,0,6,1,0,0,0,0,0,0.125,"sa3023984"
"Ramiro Dominguez","MIN","CPX",18,37,112,132,27,11,14,0,2,22,22,14,0,11,6,0,0,2,13,1,0.241071428,"sa3023985"
"Adrian Garcia","PHI","CPX",18,34,98,108,26,18,5,3,0,12,5,8,0,20,2,0,0,1,2,1,0.265306122,"sa3023986"
"Rainiel Rodriguez","STL","A,CPX",18,44,153,191,41,17,15,0,9,35,28,30,0,38,5,3,0,3,1,3,0.267973856,"sa3023987"
"Gabriel Lopez","COL","DSL",19,11,39,46,8,7,1,0,0,5,4,6,0,8,0,0,1,2,0,0,0.205128205,"sa3023988"
"Yandro Hernandez","MIN","CPX",20,26,66,83,12,6,5,0,1,10,13,14,0,21,2,1,0,0,4,1,0.181818181,"sa3023989"
"Yorman Licourt","TOR","CPX",21,43,151,178,38,16,14,2,6,25,39,25,0,57,2,0,0,3,0,4,0.251655629,"sa3023990"
"Jorge Quintana","MIL","CPX",18,41,165,191,41,28,11,1,1,22,18,23,0,44,2,1,0,4,17,4,0.248484848,"sa3024107"
"Jesus Made","MIL","A",18,70,271,321,74,50,17,3,4,51,41,47,0,65,2,1,0,4,38,6,0.27306273,"sa3024108"
"Edgar Montero","OAK","DSL",18,26,84,114,30,16,6,2,6,23,24,27,0,24,2,1,0,1,6,2,0.357142857,"sa3024109"
"Emilio Sanchez","BAL","DSL",18,26,83,105,17,13,3,1,0,14,3,21,0,30,0,0,1,1,8,4,0.204819277,"sa3024110"
"Jose Ramos","OAK","DSL",18,16,47,60,17,10,5,2,0,9,11,8,0,7,3,1,1,0,3,4,0.361702127,"sa3024111"
"Jordan Sanchez","BAL","CPX",19,40,115,146,35,17,11,3,4,22,32,25,1,40,5,1,0,0,1,2,0.304347826,"sa3024112"
"Nayerich Waterfort","CIN","DSL",19,11,30,38,8,2,5,0,1,7,7,7,0,7,1,0,0,1,0,1,0.266666666,"sa3024114"
"Deshandro Tromp","PIT","DSL",18,20,43,57,8,3,2,2,1,10,4,11,0,18,1,2,0,0,4,0,0.186046511,"sa3024115"
"Israfell Bautista","TBR","DSL",18,22,86,104,23,20,3,0,0,25,10,16,0,22,1,0,1,1,15,3,0.26744186,"sa3024116"
"Samuel Gonzalez","OAK","DSL",18,25,83,103,20,13,6,0,1,18,15,13,0,10,5,2,0,0,6,5,0.240963855,"sa3024117"
"Domingo Batista","TBR","DSL",18,14,52,59,9,8,0,1,0,6,7,6,0,14,1,0,0,1,3,0,0.173076923,"sa3024118"
"Alexi Quiroz","HOU","DSL",18,16,24,37,5,3,2,0,0,1,1,10,0,7,3,0,0,0,1,0,0.208333333,"sa3024119"
"Diorland Zambrano","CIN","DSL",18,19,69,75,17,13,2,0,2,7,16,5,0,3,1,0,0,1,4,1,0.246376811,"sa3024121"
"Sebastian Rojas","OAK","DSL",18,21,56,76,11,5,4,0,2,9,7,14,0,17,5,1,0,2,5,2,0.196428571,"sa3024123"
"Handelfry Encarnacion","MIL","CPX",18,37,147,166,38,19,15,0,4,29,29,15,0,28,4,0,0,1,6,4,0.258503401,"sa3024124"
"Frederi Montero","MIL","CPX",18,44,153,185,43,34,9,0,0,25,26,28,0,34,2,2,0,5,4,3,0.281045751,"sa3024125"
"Jonathan Rangel","MIL","DSL",18,19,55,72,17,8,3,5,1,14,18,12,0,14,1,4,0,0,3,0,0.309090909,"sa3024126"
"Engel Paulino","MIL","CPX",18,39,119,144,29,19,6,3,1,24,15,23,0,52,1,1,0,1,15,1,0.243697478,"sa3024127"
"Juan Martinez","MIL","DSL",18,27,84,102,18,10,3,4,1,16,12,15,0,14,3,0,0,0,12,0,0.214285714,"sa3024128"
"Moises Polanco","MIL","DSL",18,26,77,103,21,13,8,0,0,16,15,23,1,17,2,1,0,3,7,1,0.272727272,"sa3024129"
"Kevin Garcia","MIL","CPX",17,31,89,109,21,14,3,0,4,18,20,9,0,39,10,1,0,1,1,0,0.235955056,"sa3024130"
"Yohandy Cruz","KCR","DSL",18,5,16,20,3,1,2,0,0,0,1,3,0,8,0,0,1,0,3,1,0.1875,"sa3024131"
"Angel Gonzalez","MIL","DSL",18,19,60,73,16,10,4,2,0,11,4,12,0,16,1,0,0,1,10,2,0.266666666,"sa3024132"
"Jose Anderson","MIL","A,CPX",18,48,175,203,36,17,9,4,6,32,24,23,0,62,4,1,0,5,7,0,0.205714285,"sa3024133"
"Luis Pena","MIL","A",18,55,213,242,65,44,10,5,6,48,41,22,0,31,4,3,0,2,35,7,0.305164319,"sa3024134"
"Jose Camacho","LAA","DSL",18,18,55,63,9,7,2,0,0,7,1,6,0,15,1,1,0,1,1,0,0.163636363,"sa3024135"
"Frainner Chirinos","BAL","DSL",18,14,33,37,7,5,2,0,0,4,0,2,0,12,1,0,1,3,3,1,0.212121212,"sa3024136"
"Walfrent Guzman","SDP","CPX",20,5,16,17,3,2,1,0,0,1,2,0,0,9,0,0,1,0,0,0,0.1875,"sa3024137"
"Angel Rodriguez","DET","DSL",18,20,33,37,7,4,1,1,1,6,5,3,0,15,1,0,0,0,0,0,0.212121212,"sa3024138"
"Eddson Martinez","SDP","DSL",17,18,43,56,12,10,1,1,0,4,8,11,0,8,0,0,2,0,4,2,0.279069767,"sa3024140"
"Boris Sarduy","SFG","DSL",18,8,18,27,3,3,0,0,0,3,2,7,0,11,1,1,0,1,0,1,0.166666666,"sa3024141"
"Alexander Rincon","BAL","DSL",18,25,72,88,18,17,0,1,0,9,11,13,0,11,0,1,2,2,8,2,0.25,"sa3024142"
"Eduardo Rojas","LAD","DSL",18,15,55,66,19,15,3,0,1,9,7,9,0,4,2,0,0,0,0,1,0.345454545,"sa3024143"
"Christian Astudillo","BAL","DSL",18,22,66,82,19,12,6,0,1,15,17,12,1,10,4,0,0,1,0,0,0.287878787,"sa3024144"
"Yojackson Laya","LAD","DSL",18,22,65,85,15,13,1,1,0,12,9,16,0,12,4,0,0,3,12,4,0.23076923,"sa3024145"
"Argenis Valdez","BAL","DSL",18,24,78,91,17,11,5,1,0,9,13,9,0,13,2,1,0,0,3,2,0.217948717,"sa3024146"
"Elvin Garcia","BAL","CPX",18,31,94,115,22,16,4,1,1,12,13,17,1,42,3,1,0,2,1,2,0.234042553,"sa3024147"
"Hector Campusano","BAL","DSL",18,24,67,97,16,14,2,0,0,16,13,25,0,14,1,1,3,1,9,1,0.23880597,"sa3024148"
"Vinicius Dos Santos","SFG","DSL",18,9,21,28,6,5,1,0,0,6,6,5,0,3,2,0,0,1,0,1,0.285714285,"sa3024150"
"Rafy Peguero","LAD","DSL",18,18,54,69,13,9,3,0,1,11,13,13,0,15,2,0,0,2,1,0,0.24074074,"sa3024151"
"Saul Gomez","BAL","DSL",17,1,3,3,1,1,0,0,0,0,0,0,0,2,0,0,0,0,0,0,0.333333333,"sa3024152"
"Luis Corobo","MIL","CPX",18,30,100,117,25,19,6,0,0,17,18,17,0,30,0,0,0,5,1,0,0.25,"sa3024153"
"Leandro Morgado","HOU","DSL",18,20,61,69,12,10,1,1,0,6,7,5,0,9,3,0,0,4,4,1,0.196721311,"sa3024154"
"Jose Sabino","CIN","DSL",18,11,26,32,6,6,0,0,0,3,3,5,0,4,1,0,0,0,1,0,0.23076923,"sa3024155"
"Hector Salas","HOU","A,CPX",21,38,131,169,35,27,6,1,1,32,17,34,0,34,2,0,2,1,11,4,0.267175572,"sa3024156"
"Tejahari Wilson","BOS","CPX",18,12,0,0,0,0,0,0,0,0,0,0,0,0,0,0,0,0,0,0,0,"sa3024250"
"Jayden Kim","PIT","DSL",18,22,54,68,9,7,1,1,0,5,10,11,0,16,0,1,2,2,1,1,0.166666666,"sa3024293"
"Santiago Prado","PHI","DSL",18,21,57,71,11,9,2,0,0,8,8,8,0,16,3,2,1,1,3,2,0.192982456,"sa3024296"
"Ibrahim Ruiz","PHI","DSL",18,16,56,59,18,13,2,2,1,6,9,2,0,12,1,0,0,1,2,1,0.321428571,"sa3024297"
"Haniel German","NYM","CPX",19,38,101,115,21,14,7,0,0,11,10,11,1,41,2,1,0,2,1,1,0.207920792,"sa3024299"
"Vicente Guaylupo","LAD","DSL",19,1,3,3,1,0,1,0,0,0,0,0,0,1,0,0,0,0,0,0,0.333333333,"sa3024300"
"Yunior Quezada","LAD","DSL",19,22,77,90,21,13,6,2,0,12,21,9,0,17,2,2,0,2,2,2,0.272727272,"sa3024302"
"Fernando Cruz","CHC","CPX",18,14,44,51,6,2,3,0,1,4,5,5,0,25,2,0,0,0,1,1,0.136363636,"sa3024303"
"Robert Arias","CLE","CPX",18,38,135,163,41,29,9,1,2,31,28,23,0,16,1,4,0,1,23,2,0.303703703,"sa3024304"
"Yandel Ricardo","KCR","A,CPX",18,46,168,197,53,36,10,5,2,31,26,19,0,46,7,2,1,4,21,7,0.31547619,"sa3024305"
"Ronnyel Espinoza","CHC","DSL",19,14,31,39,6,5,1,0,0,4,6,6,0,10,1,1,0,0,1,1,0.193548387,"sa3024306"
"Fabian Alcantara","SDP","DSL",19,22,56,68,15,8,2,0,5,16,18,9,0,20,1,2,0,0,6,0,0.267857142,"sa3024309"
"Santiago Ramos","ARI","DSL",18,4,5,8,1,1,0,0,0,1,0,3,0,2,0,0,0,0,0,1,0.2,"sa3024310"
"Jesmaylin Arias","SDP","CPX",18,42,142,164,26,17,7,1,1,11,15,16,0,53,3,3,0,2,3,0,0.183098591,"sa3024311"
"Cristofer Lebron","STL","DSL",18,25,89,108,27,15,8,0,4,20,18,16,0,19,3,0,0,0,5,5,0.303370786,"sa3024314"
"Juan Espinal","ATL","DSL",18,22,66,87,16,9,3,2,2,20,8,17,0,34,4,0,0,0,10,1,0.242424242,"sa3024315"
"Esmeiquel Arrieche","TOR","DSL",18,16,36,47,7,6,1,0,0,9,2,9,0,9,2,0,0,2,0,0,0.194444444,"sa3024316"
"Osmar Torrealba","CLE","DSL",18,11,33,45,10,7,3,0,0,8,5,11,0,3,0,1,0,0,1,1,0.303030303,"sa3024318"
"Cesar Lugo","CHC","CPX",18,21,76,88,19,14,4,1,0,10,6,8,0,22,3,1,0,3,4,3,0.25,"sa3024319"
"Romer Taveras","CLE","DSL",18,17,39,51,12,10,1,1,0,7,6,12,0,17,0,0,0,1,2,0,0.307692307,"sa3024320"
"Humberto Tiberi","LAA","DSL",18,4,12,14,1,1,0,0,0,1,0,2,0,4,0,0,0,0,0,0,0.083333333,"sa3024322"
"Browm Martinez","NYY","DSL",18,18,57,69,23,16,4,0,3,21,16,6,0,8,6,0,0,1,13,1,0.403508771,"sa3024323"
"Jesus Lugo","BOS","CPX",18,5,13,16,2,2,0,0,0,0,1,3,0,3,0,0,0,0,1,0,0.153846153,"sa3024324"
"Alejandro Pereira","OAK","DSL",18,24,72,85,19,14,5,0,0,11,15,5,0,13,6,2,0,2,0,0,0.263888888,"sa3024325"
"Yaxson Lucena","STL","DSL",17,22,78,104,22,15,4,1,2,19,20,17,0,11,8,1,0,1,1,2,0.282051282,"sa3024326"
"Dauri Fernandez","CLE","CPX",18,38,140,158,47,31,8,4,4,28,23,15,0,17,1,2,0,0,12,4,0.335714285,"sa3024327"
"Edgar Jimenez","NYY","DSL",18,9,20,20,6,3,3,0,0,4,6,0,0,6,0,0,0,0,1,0,0.3,"sa3024328"
"Juneiker Caceres","CLE","CPX",17,32,102,128,34,21,8,2,3,22,18,22,0,15,2,2,0,2,5,2,0.333333333,"sa3024329"
"Juan Ortuno","MIL","CPX",18,20,64,92,16,11,2,0,3,21,12,21,0,15,6,1,0,2,3,3,0.25,"sa3024330"
"Dariel Arias","CLE","DSL",18,17,45,50,11,10,1,0,0,8,6,4,0,5,1,0,0,0,4,1,0.244444444,"sa3024331"
"Robin Ortiz","CHC","DSL",18,19,64,77,14,6,5,0,3,12,13,11,0,23,2,0,0,1,7,0,0.21875,"sa3024336"
"Christopher Alvarado","BOS","DSL",18,21,60,78,11,5,5,0,1,8,11,14,0,17,2,2,0,3,5,1,0.183333333,"sa3024337"
"Deuri Castillo","SEA","DSL",21,20,39,54,10,9,0,1,0,9,3,12,0,9,3,0,0,0,9,3,0.256410256,"sa3024338"
"Edgardo De Leon","CHC","CPX",18,33,100,114,23,11,5,2,5,19,12,11,0,36,1,2,0,3,2,1,0.23,"sa3024339"
"Juan Mateo","ATL","CPX",18,45,169,189,51,43,8,0,0,20,18,19,0,29,1,0,0,2,9,7,0.301775147,"sa3024340"
"Alonso Gallegos","ARI","DSL",18,14,33,43,9,8,0,1,0,12,3,7,1,3,3,0,0,0,4,0,0.272727272,"sa3024341"
"Armando Lao","DET","DSL",18,12,15,18,4,4,0,0,0,2,3,2,0,5,0,1,0,1,0,0,0.266666666,"sa3024343"
"Manuel Dos Passos","ATL","CPX",18,31,96,114,22,13,8,0,1,14,10,14,0,23,3,1,0,3,2,1,0.229166666,"sa3024344"
"Brandon Vasquez","SFG","DSL",18,12,28,36,6,5,1,0,0,4,3,8,0,9,0,0,0,0,1,1,0.214285714,"sa3024346"
"Robert Lantigua","ARI","DSL",18,11,35,45,3,3,0,0,0,4,3,9,0,5,1,0,0,1,2,0,0.085714285,"sa3024348"
"Yorvin Morla","SDP","DSL",19,9,10,13,3,2,1,0,0,2,1,2,0,3,1,0,0,0,0,2,0.3,"sa3024350"
"Jose Bericoto","SDP","DSL",18,19,50,63,11,11,0,0,0,13,7,11,0,16,1,1,0,2,3,0,0.22,"sa3024351"
"Angel Garcia","BAL","DSL",18,20,52,63,9,7,2,0,0,3,4,4,0,11,6,1,0,0,0,0,0.173076923,"sa3024352"
"Clay Winklaar","SDP","DSL",18,15,35,45,8,5,2,0,1,9,4,7,0,15,2,1,0,1,2,1,0.228571428,"sa3024355"
"Jemone Nuel","BAL","DSL",18,27,83,118,24,14,5,2,3,27,8,32,0,17,2,1,0,1,23,3,0.289156626,"sa3024356"
"Francisco Espinoza","LAD","CPX",18,29,103,119,38,29,5,3,1,19,15,15,0,12,1,0,0,4,0,1,0.368932038,"sa3024357"
"Randy Martinez","CLE","DSL",18,19,56,79,17,12,4,1,0,20,12,22,0,16,0,1,0,0,2,1,0.303571428,"sa3024358"
"Darison Garcia","KCR","CPX",18,41,140,179,28,20,7,1,0,26,11,32,0,36,1,1,4,0,13,3,0.2,"sa3024359"
"Kevin Robledo","MIA","DSL",18,15,58,67,13,10,3,0,0,10,8,5,0,16,2,2,0,0,5,0,0.224137931,"sa3024360"
"Jhonayker Ugarte","KCR","CPX",18,43,154,185,32,27,3,0,2,22,23,24,0,57,3,3,1,5,5,2,0.207792207,"sa3024361"
"Cleudis Valenzuela","BAL","DSL",18,19,42,54,10,8,2,0,0,6,6,8,0,10,1,3,0,1,4,0,0.238095238,"sa3024362"
"Jhojan Downer","SDP","DSL",18,22,70,87,12,8,3,1,0,12,7,13,0,19,3,1,0,0,5,3,0.171428571,"sa3024363"
"Johan Rodriguez","CLE","CPX",17,40,136,163,27,15,10,0,2,27,17,17,0,30,9,1,0,1,3,2,0.198529411,"sa3024364"
"Kevin Tamburini","SDP","DSL",19,20,73,80,18,14,3,1,0,8,11,3,0,21,3,1,0,0,1,2,0.246575342,"sa3024365"
"Erny Orellana","LAD","DSL",18,20,63,80,17,10,6,0,1,16,11,14,0,15,2,1,0,3,3,1,0.269841269,"sa3024366"
"Darian Castillo","SDP","DSL",18,22,53,66,17,14,3,0,0,11,9,9,1,9,4,0,0,0,3,3,0.320754716,"sa3024367"
"Ronald Ramirez","DET","CPX",18,32,100,114,21,18,3,0,0,20,9,12,0,28,1,1,0,1,6,5,0.21,"sa3024368"
"Brayan Cota","OAK","DSL",18,20,48,63,3,2,1,0,0,5,3,8,1,7,4,2,1,1,1,1,0.0625,"sa3024369"
"Juan Martinez","SDP","DSL",18,20,55,63,4,2,1,0,1,7,4,7,0,21,1,0,0,2,0,0,0.072727272,"sa3024370"
"Jeiker Gudino","DET","DSL",18,18,24,27,4,3,0,0,1,4,2,2,0,6,1,0,0,2,0,0,0.166666666,"sa3024371"
"Endy Rios","SDP","DSL",18,16,32,41,8,6,1,1,0,5,5,8,0,7,0,0,1,1,1,1,0.25,"sa3024372"
"Ricardo Crespo","SFG","DSL",18,9,26,36,10,9,1,0,0,12,3,7,0,3,2,0,1,1,3,0,0.384615384,"sa3024373"
"Luis Aguilera","DET","DSL",18,18,56,63,15,11,2,2,0,8,9,5,0,3,0,2,0,1,1,2,0.267857142,"sa3024374"
"Jose Cerice","KCR","CPX",20,24,86,95,30,22,6,1,1,15,14,2,0,11,6,1,0,1,3,0,0.348837209,"sa3024375"
"Andres Garza","SDP","DSL",18,22,66,78,13,10,1,1,1,6,11,10,0,24,1,1,0,2,0,1,0.196969696,"sa3024378"
"Klendy Leen","TEX","DSL",18,10,19,22,1,0,1,0,0,1,1,3,0,6,0,0,0,2,0,0,0.052631578,"sa3024379"
"Carlos  Garces","CLE","DSL",18,23,70,90,14,10,2,2,0,12,10,10,0,8,7,2,1,2,7,2,0.2,"sa3024380"
"Diego Campos","HOU","DSL",18,15,40,45,10,8,1,1,0,4,6,2,0,15,2,1,0,1,1,0,0.25,"sa3024381"
"Robinson Chacon","KCR","DSL",18,20,57,70,16,14,2,0,0,14,5,12,1,13,0,0,1,1,1,2,0.280701754,"sa3024382"
"Yoxander Benitez","SFG","DSL",18,13,50,58,15,11,3,1,0,8,7,5,0,5,3,0,0,1,10,1,0.3,"sa3024383"
"Edward Lantigua","NYM","CPX",18,39,122,152,32,27,3,1,1,21,16,27,0,23,3,0,0,6,11,6,0.262295081,"sa3024476"
"Ezequiel Pena","CHC","DSL",18,15,36,53,9,8,1,0,0,6,7,17,0,6,0,0,0,0,10,0,0.25,"sa3024477"
"Nicolas Ortiz","COL","DSL",18,9,22,29,2,2,0,0,0,3,0,6,0,10,1,0,0,0,0,0,0.09090909,"sa3024478"
"Dayquer Alfonzo","SDP","DSL",17,22,57,69,11,7,4,0,0,5,7,10,0,13,2,0,0,4,2,2,0.192982456,"sa3024479"
"Dariel Garcia","COL","DSL",18,24,79,100,24,16,8,0,0,28,15,18,0,22,3,0,0,0,14,5,0.303797468,"sa3024480"
"Tom Guerrero","SDP","DSL",19,21,56,74,8,5,3,0,0,11,5,16,0,16,2,0,0,1,1,0,0.142857142,"sa3024481"
"Isaac Ponce","SDP","DSL",18,21,75,89,14,12,1,0,1,7,8,9,0,20,4,1,0,1,1,0,0.186666666,"sa3024482"
"Carlos Martorella","COL","DSL",18,10,0,0,0,0,0,0,0,0,0,0,0,0,0,0,0,0,0,0,0,"sa3024552"
"Justin Lugo","MIL","DSL",19,6,4,4,2,1,1,0,0,0,0,0,0,1,0,0,0,0,0,0,0.5,"sa3024601"
"Qyshawn Legito","CIN","DSL",19,10,32,35,8,6,2,0,0,2,3,3,0,13,0,0,0,2,0,3,0.25,"sa3024624"
"Yadimir Fuentes","PHI","DSL",18,16,47,55,8,5,3,0,0,6,5,7,1,11,1,0,0,2,0,0,0.170212765,"sa3024625"
"Winifer Castillo","PHI","DSL",18,11,30,36,7,5,2,0,0,5,6,4,0,13,2,0,0,1,4,1,0.233333333,"sa3024626"
"Stiven Martinez","BAL","CPX",17,36,110,142,25,16,4,2,3,24,12,27,0,37,4,1,0,2,2,3,0.227272727,"sa3024627"
"Almen Tolentino","MIA","DSL",18,24,83,104,26,16,2,4,4,25,16,14,0,13,4,3,0,0,8,4,0.313253012,"sa3024628"
"Remy Veldhuisen","NYY","DSL",20,21,57,72,19,16,3,0,0,9,9,12,0,14,3,0,0,0,3,0,0.333333333,"sa3024629"
"Gabriel Cesa","ATL","DSL",18,12,39,51,11,9,1,0,1,3,13,8,0,13,2,1,1,2,1,2,0.282051282,"sa3024630"
"Jonathan Moya","DET","DSL",18,16,45,50,12,8,4,0,0,5,7,3,0,11,1,1,0,2,0,2,0.266666666,"sa3024632"
"Carlos Rondon","NYY","DSL",19,12,28,38,5,3,2,0,0,4,4,9,0,14,0,1,0,0,1,0,0.178571428,"sa3024634"
"Wuinder Torres","CLE","DSL",18,20,82,88,24,17,7,0,0,15,25,4,0,6,1,1,0,1,0,0,0.292682926,"sa3024635"
"Yoneiker Lugo","MIL","DSL",18,15,54,62,14,9,4,0,1,7,9,6,0,9,0,2,0,1,1,0,0.259259259,"sa3024639"
"Manuel Baez","SEA","DSL",20,10,14,20,3,1,2,0,0,1,1,5,0,5,1,0,0,0,0,0,0.214285714,"sa3024640"
"Diego Flores","NYY","DSL",18,10,23,29,4,2,2,0,0,2,3,5,0,5,1,0,0,1,0,2,0.173913043,"sa3024641"
"Fernando Pena","SFG","DSL",18,9,22,29,5,4,1,0,0,2,4,5,0,2,2,0,0,0,0,0,0.227272727,"sa3024643"
"Anderson Garcia","KCR","DSL",18,15,47,52,12,10,1,0,1,3,4,4,0,21,0,1,0,1,2,0,0.255319148,"sa3024644"
"Gabriel Rodriguez","CLE","CPX",18,20,74,88,20,15,3,1,1,16,9,9,0,18,3,2,0,0,8,1,0.27027027,"sa3024645"
"Juan Garcia","BAL","CPX,DSL",18,9,18,23,0,0,0,0,0,2,0,5,0,9,0,0,0,1,0,1,0,"sa3024646"
"Enmanuel Corniel","BAL","DSL",18,15,24,30,2,1,1,0,0,3,1,6,0,8,0,0,0,0,0,0,0.083333333,"sa3024647"
"Guillermo Batista","DET","DSL",18,16,43,60,7,5,1,0,1,8,4,14,0,11,3,0,0,1,2,0,0.162790697,"sa3024649"
"Juan Pablo Cabrera","STL","DSL",18,14,44,53,9,5,3,0,1,6,7,6,0,10,3,0,0,1,1,0,0.204545454,"sa3024651"
"Anthony Longo","KCR","DSL",18,13,44,52,8,7,1,0,0,4,5,7,0,8,1,0,0,2,3,1,0.181818181,"sa3024652"
"Michael Martinez","ATL","CPX,DSL",18,18,65,77,21,7,9,1,4,17,15,9,0,13,3,0,0,2,4,1,0.323076923,"sa3024654"
"Rordy Mejia","SDP","CPX",20,1,0,0,0,0,0,0,0,0,0,0,0,0,0,0,0,0,0,0,0,"sa3024772"
"Manuel Davila","SDP","CPX",17,12,1,1,0,0,0,0,0,0,0,0,0,1,0,0,0,0,0,0,0,"sa3024787"
"Edward Guribe","STL","DSL",18,21,79,98,25,13,8,0,4,17,19,10,0,17,6,3,0,0,0,0,0.316455696,"sa3024799"
"Endry Reyes",,"DSL",18,15,43,52,7,6,1,0,0,7,5,7,0,19,1,0,0,0,1,1,0.162790697,"sa3024800"
"Johan Fernandez","ARI","DSL",18,14,40,45,12,9,1,0,2,8,9,4,0,8,0,0,1,2,1,0,0.3,"sa3024802"
"Kegnnalex Seijas","MIL","DSL",19,13,31,38,8,3,4,0,1,7,14,5,0,7,1,1,0,0,2,0,0.258064516,"sa3024858"
"Rodrigo Garcia","WSN","DSL",18,9,13,16,3,3,0,0,0,1,1,2,0,5,1,0,0,0,0,0,0.23076923,"sa3024859"
"Gabriel Guanchez","SEA","DSL",18,18,60,67,13,7,3,0,3,8,8,5,0,14,2,0,0,2,0,0,0.216666666,"sa3024861"
"Jesus Morales","KCR","DSL",17,15,43,55,7,7,0,0,0,2,2,10,0,6,1,1,0,0,2,1,0.162790697,"sa3024862"
"Roberto Burgos","SDP","CPX",21,11,0,0,0,0,0,0,0,0,0,0,0,0,0,0,0,0,0,0,0,"sa3024878"
"Carlos Renzullo","COL","CPX",18,34,96,120,28,23,5,0,0,25,8,20,0,11,2,0,2,2,5,3,0.291666666,"sa3024879"
"Emdys Rosillo","CIN","DSL",18,18,62,66,13,11,2,0,0,7,7,3,0,9,0,1,0,5,0,0,0.209677419,"sa3024898"
"Jose De La Cruz","COL","DSL",18,11,38,48,8,7,1,0,0,9,5,7,0,15,3,0,0,1,0,0,0.210526315,"sa3024899"
"Eduardo Beltre","MIN","CPX",18,38,126,149,25,12,8,1,4,28,25,15,0,36,5,3,0,4,14,1,0.198412698,"sa3024928"
"Joaquin Arias Jr.","TEX","DSL",18,17,47,64,9,7,2,0,0,11,3,14,0,14,0,1,2,0,1,2,0.191489361,"sa3024929"
"Frandy Lafond","MIL","DSL",18,24,75,95,14,10,4,0,0,13,15,17,0,23,3,0,0,2,7,2,0.186666666,"sa3024956"
"Jonnhan Sanchez","NYM","DSL",18,19,50,61,14,11,1,1,1,6,9,8,0,7,1,2,0,2,6,2,0.28,"sa3024971"
"Miguel Flores","HOU","DSL",20,22,59,72,14,8,4,1,1,9,9,11,1,8,2,0,0,2,0,0,0.237288135,"sa3024972"
"Franklin Rojas","TOR","DSL",18,13,34,52,10,8,1,0,1,9,10,9,0,9,7,2,0,0,1,0,0.294117647,"sa3025018"
"Wilberson De Pena","LAA","DSL",18,19,43,47,11,5,3,0,3,12,11,4,0,15,0,0,0,1,2,1,0.255813953,"sa3025019"
"Drew Jemison","TOR","CPX",24,32,87,113,20,12,5,1,2,17,15,18,0,21,6,1,1,3,1,0,0.229885057,"sa3025044"
"Angel Requena","WSN","DSL",18,20,56,72,11,10,1,0,0,8,7,7,0,9,7,2,0,2,13,1,0.196428571,"sa3025051"
"Mason Dinesen","CHW","CPX",26,43,138,146,33,21,11,0,1,20,14,5,0,55,1,0,2,2,11,1,0.239130434,"sa3025052"
"Adolfo Miranda","NYM","DSL",18,23,77,84,28,18,6,0,4,16,18,4,0,18,3,0,0,1,9,0,0.363636363,"sa3025062"
"Yeisy Celesten","TEX","DSL",20,16,45,60,12,7,3,0,2,16,7,11,0,9,2,2,0,0,3,0,0.266666666,"sa3025069"
"Nestor Miranda","DET","DSL",19,11,32,41,8,2,1,1,4,7,12,6,1,8,2,1,0,1,0,1,0.25,"sa3025072"
"Justin Riemer","BOS","A+",23,36,105,135,24,20,4,0,0,13,11,25,0,23,3,2,0,2,6,0,0.228571428,"sa3025086"
"Jose Perdomo","ATL","CPX",18,42,171,185,33,26,6,0,1,13,15,10,0,38,2,2,0,10,2,2,0.192982456,"sa3025104"
"Juan Monso","CHC","DSL",18,18,45,66,6,3,3,0,0,11,9,16,0,14,4,1,0,0,5,1,0.133333333,"sa3025110"
"Dustin Crenshaw","SEA","CPX",23,45,154,183,51,40,4,3,4,34,22,26,0,24,1,2,0,0,8,3,0.331168831,"sa3025119"
"Carter Dorighi","SEA","A",22,77,275,318,85,65,20,0,0,56,45,33,0,62,8,2,0,5,17,3,0.309090909,"sa3025120"
"Travis Bazzana","CLE","AA,CPX",22,36,133,159,33,20,6,3,4,32,18,23,0,41,3,0,0,2,8,1,0.2481203,"sa3025129"
"Jhoanjel Saez","MIL","DSL",18,11,29,40,4,3,1,0,0,6,4,9,0,7,1,1,0,1,5,1,0.137931034,"sa3025131"
"Andres Arias","TOR","CPX",18,38,121,142,19,13,1,1,4,17,17,17,0,46,4,0,0,2,8,1,0.157024793,"sa3025145"
"Ryan Campos","STL","A+",22,59,214,261,47,33,12,1,1,34,27,46,0,43,1,0,0,3,7,3,0.219626168,"sa3025151"
"Aaron Parker","TOR","A+",22,60,236,263,56,35,12,1,8,32,36,21,0,52,4,2,0,6,5,0,0.237288135,"sa3025152"
"Cade McGee","STL","A",22,68,250,299,54,34,14,0,6,37,42,39,0,70,6,4,0,6,16,4,0.216,"sa3025153"
"JJ Wetherholt","STL","AA",22,62,223,275,67,45,14,1,7,39,34,44,0,40,6,2,0,3,14,2,0.30044843,"sa3025154"
"Christian Martin","STL","A,CPX",22,51,179,213,47,37,9,1,0,27,15,23,0,37,7,3,0,3,14,3,0.262569832,"sa3025155"
"Bryce Madron","STL","A,A+,AA",23,44,140,181,24,17,6,0,1,26,7,36,0,46,4,0,1,1,4,4,0.171428571,"sa3025156"
"Elijah Hainline","LAD","A,AAA",22,70,243,300,73,52,16,1,4,48,31,48,0,71,8,1,0,5,23,5,0.300411522,"sa3025157"
"Josh Kross","STL","A,A+",22,68,261,296,61,31,12,4,14,40,64,22,2,83,9,4,0,3,1,1,0.233716475,"sa3025158"
"Ian Petrutz","STL","A+",22,56,206,245,55,38,12,1,4,27,33,25,0,29,12,1,1,6,1,8,0.266990291,"sa3025159"
"Jon Jon Gazdar","STL","A+",23,64,260,297,77,66,10,1,0,36,23,21,0,26,15,1,0,9,14,5,0.296153846,"sa3025160"
"Leonel Vivas","CHC","DSL",18,18,45,64,7,3,2,0,2,13,11,8,0,12,11,0,0,0,4,2,0.155555555,"sa3025161"
"Ryan Nicholson","LAA","A+",24,77,266,327,70,43,16,0,11,43,40,50,0,77,7,3,1,6,1,1,0.263157894,"sa3025167"
"Mitchell Daly","LAA","A,AA,AAA",24,51,171,198,32,23,7,1,1,16,17,20,0,64,3,2,2,4,4,1,0.187134502,"sa3025169"
"Carter Cunningham","TOR","A+",24,55,182,227,35,21,6,0,8,32,26,43,0,72,0,2,0,1,5,2,0.192307692,"sa3025170"
"Brock Tibbitts","TOR","A",22,19,65,82,16,9,3,2,2,9,15,10,0,24,3,4,0,2,3,0,0.246153846,"sa3025171"
"Allen Ajoti","LAD","DSL",19,16,48,57,9,4,1,0,4,11,14,4,0,14,3,1,0,1,2,0,0.1875,"sa3025172"
"Harold Coll","LAA","A",23,69,245,281,56,34,13,2,7,30,28,34,0,71,1,1,0,5,11,1,0.228571428,"sa3025185"
"Robert Hipwell","SFG","A",22,59,199,247,48,21,15,4,8,35,38,41,0,74,5,1,1,3,3,2,0.24120603,"sa3025186"
"Theo Hardy","TEX","A+,AA",23,41,102,129,18,16,2,0,0,16,14,21,0,31,4,2,0,2,5,2,0.176470588,"sa3025187"
"Micah McDowell","MIA","A,A+",24,38,118,144,27,19,4,2,2,15,15,23,0,31,2,0,0,3,5,1,0.228813559,"sa3025192"
"Owen Cobb","NYY","A",24,30,99,117,33,21,6,3,3,21,21,11,0,24,1,4,0,0,11,3,0.333333333,"sa3025193"
"Michael Snyder","MIA","A+,AA",24,64,194,255,49,32,11,0,6,31,44,52,0,51,4,5,0,2,19,2,0.252577319,"sa3025194"
"Payton Green","MIA","A+",22,50,187,215,56,36,14,2,4,25,27,21,0,41,4,3,0,1,5,4,0.29946524,"sa3025195"
"Carter Mathison","PHI","A,CPX",22,55,178,217,32,19,5,1,7,26,26,29,0,78,6,3,0,1,11,1,0.17977528,"sa3025196"
"John Spikerman","PHI","A,CPX",22,20,59,75,13,10,1,0,2,13,6,14,0,20,2,0,0,1,6,0,0.220338983,"sa3025197"
"Carson DeMartini","PHI","A+,AA",22,75,273,326,74,49,14,2,9,48,37,44,0,88,8,1,0,3,27,6,0.271062271,"sa3025198"
"PJ Morlando","MIA","A,CPX",20,27,84,120,18,13,2,1,2,21,9,31,0,36,4,1,0,0,5,1,0.214285714,"sa3025199"
"Brady Day","PHI","A",23,59,212,250,54,41,10,1,2,34,24,31,0,35,0,6,1,2,9,4,0.254716981,"sa3025200"
"Jacob Jenkins-Cowart","MIA","A,A+",22,59,201,233,40,21,14,2,3,29,23,27,0,55,2,3,0,7,18,8,0.199004975,"sa3025201"
"Fenwick Trimble","MIA","A+,AA",22,34,119,145,33,21,8,2,2,19,17,25,0,26,1,0,0,1,16,2,0.277310924,"sa3025202"
"Carter Johnson","MIA","A",19,71,275,316,51,34,13,2,2,29,32,32,0,97,6,3,0,3,7,2,0.185454545,"sa3025203"
"Juan Brown","CIN","DSL",17,23,78,88,20,15,3,0,2,11,18,9,0,24,1,0,0,1,0,1,0.256410256,"sa3025204"
"Gage Miller","MIA","A+",22,65,231,274,54,37,11,2,4,32,19,37,0,36,4,2,0,3,17,4,0.233766233,"sa3025205"
"Mac Guscette","ATL","A,A+",23,49,164,189,36,23,10,1,2,17,27,19,0,33,4,2,0,6,0,1,0.219512195,"sa3025221"
"Mason Guerra","ATL","A,A+",22,58,187,228,43,25,6,1,11,31,34,35,0,59,4,2,0,2,0,0,0.229946524,"sa3025222"
"Patrick Clohisy","ATL","A+",23,77,294,338,72,53,15,1,3,45,25,38,0,68,4,2,0,1,51,9,0.244897959,"sa3025223"
"Colby Jones","ATL","A",21,74,253,312,54,45,5,3,1,46,23,49,0,65,6,4,0,3,46,8,0.213438735,"sa3025224"
"Titus Dumitru","ATL","A+",22,68,267,297,63,47,10,2,4,28,37,26,1,76,3,1,0,6,13,3,0.235955056,"sa3025225"
"Jose Rodriguez","ARI","DSL",18,11,23,28,3,1,2,0,0,2,5,3,0,7,1,1,0,1,0,0,0.130434782,"sa3025229"
"Ching-Hsien Ko","LAD","CPX",18,45,152,190,55,36,15,1,3,38,24,31,0,35,5,2,0,2,4,3,0.361842105,"sa3025230"
"Connor Caskenette","MIA","A+,AA",23,41,130,165,31,23,7,1,0,13,15,29,0,35,3,3,0,4,7,2,0.238461538,"sa3025240"
"Austin St. Laurent","SEA","A",22,75,270,318,69,55,11,1,2,43,33,43,1,55,2,3,0,7,9,3,0.255555555,"sa3025241"
"Jack Costello","SDP","A+",24,68,250,277,58,38,15,0,5,30,31,15,0,47,12,0,0,6,3,0,0.232,"sa3025242"
"Brandon Eike","SEA","A+",23,58,210,234,46,28,13,0,5,20,19,17,0,76,5,1,0,5,1,0,0.219047619,"sa3025243"
"Tyler Wilson","NYY","A",22,66,239,273,72,60,8,0,4,36,36,32,0,60,0,1,0,2,15,8,0.30125523,"sa3025244"
"Jaime Ferrer","MIN","A+",22,60,188,225,39,29,8,1,1,19,19,18,1,45,6,6,1,10,1,1,0.207446808,"sa3025246"
"Zach Ehrhard","BOS","A+,AA",22,73,260,309,73,45,21,0,7,47,39,41,0,62,5,2,1,3,18,2,0.28076923,"sa3025247"
"Duce Gourson","PIT","A+,AA",22,51,177,208,43,27,10,1,5,32,21,19,0,36,7,2,3,2,22,3,0.242937853,"sa3025248"
"Billy Amick","MIN","A,A+,CPX",22,37,136,169,41,29,10,1,1,24,19,22,0,48,7,4,0,0,0,2,0.301470588,"sa3025249"
"Malcolm Moore","TEX","A+,CPX",21,23,76,99,17,12,3,0,2,15,12,17,0,22,4,2,0,0,3,1,0.22368421,"sa3025250"
"Dylan Dreiling","TEX","A+",22,62,237,273,50,34,8,1,7,30,35,33,2,52,1,2,0,4,11,2,0.210970464,"sa3025251"
"Jared Thomas","COL","A+,AA",21,77,304,356,98,72,14,1,11,65,45,46,1,86,5,1,0,1,23,2,0.322368421,"sa3025252"
"Brendan Jones","NYY","A+,AA",23,71,271,320,64,43,13,3,5,47,40,41,1,60,2,6,0,3,27,5,0.236162361,"sa3025253"
"Walker Janek","HOU","A+",22,50,193,216,51,29,15,1,6,30,20,20,0,57,2,1,0,0,16,0,0.264248704,"sa3025254"
"Kai Roberts","SDP","A+,CPX",24,42,136,176,35,27,5,0,3,27,10,29,0,51,5,1,5,0,20,2,0.257352941,"sa3025255"
"Ben McLaughlin","ARI","A+",23,62,184,227,48,29,14,0,5,24,29,41,0,38,1,1,0,5,0,1,0.260869565,"sa3025256"
"Charlie Condon","COL","A+,AA,CPX",22,51,188,223,56,42,11,0,3,32,27,29,0,56,5,1,0,2,1,2,0.29787234,"sa3025257"
"Austin Green","NYY","A",23,45,147,173,27,19,3,1,4,25,29,19,0,38,5,2,0,1,6,0,0.183673469,"sa3025258"
"Khadim Diaw","MIN","A+",21,38,116,154,35,27,4,1,3,24,20,19,1,26,16,3,0,0,4,1,0.301724137,"sa3025259"
"Kyle DeBarge","MIN","A+",21,73,275,331,70,44,16,4,6,54,47,50,0,65,3,3,0,8,45,3,0.254545454,"sa3025260"
"Ryan Waldschmidt","ARI","A+,AA",22,81,285,359,77,49,16,2,10,67,49,59,0,62,11,4,0,2,13,4,0.270175438,"sa3025261"
"Caden Kendle","MIN","A+",23,57,178,206,41,22,14,1,4,28,26,18,0,43,7,3,0,2,9,1,0.230337078,"sa3025262"
"Derek Berg","PIT","A,A+",23,57,180,220,36,22,4,4,6,26,19,32,0,76,5,2,1,4,8,2,0.2,"sa3025263"
"Brandon Butterworth","SDP","A+",22,73,272,305,70,40,17,6,7,50,36,23,0,64,6,3,0,5,10,1,0.257352941,"sa3025264"
"Jay Thomason","MIN","A,A+",23,45,137,177,38,19,10,1,8,30,20,33,0,47,5,2,0,0,20,1,0.277372262,"sa3025265"
"Anthony Donofrio","SEA","A+",25,48,154,177,37,24,10,0,3,25,19,20,0,57,3,0,0,0,6,0,0.24025974,"sa3025266"
"JoJo Jackson","NYY","CPX",22,6,14,15,1,1,0,0,0,1,0,1,0,4,0,0,0,0,1,0,0.071428571,"sa3025267"
"Brendan Durfee","SDP","A+",23,56,206,241,47,34,11,1,1,24,17,26,0,62,7,2,0,3,0,0,0.228155339,"sa3025268"
"Edgar Alvarez","CHC","A+",24,59,205,243,50,32,14,0,4,25,22,31,0,50,3,4,0,6,5,0,0.243902439,"sa3025269"
"Marshall Toole","NYY","A",22,59,190,226,58,37,10,9,2,43,23,34,0,45,1,1,0,2,26,3,0.305263157,"sa3025270"
"Alvaro Matos","NYM","DSL",19,14,31,36,8,6,0,2,0,10,4,2,0,10,3,0,0,0,3,0,0.258064516,"sa3025271"
"Lyle Miller-Green","CHW","A",24,67,228,284,59,43,8,3,5,41,33,49,0,81,3,3,1,3,7,3,0.258771929,"sa3025307"
"Parks Harber","NYY","A,A+",23,54,204,235,65,41,15,3,6,32,40,28,0,57,2,1,0,2,6,2,0.31862745,"sa3025308"
"Alec Makarewicz","CHW","A+",24,68,231,260,51,33,12,3,3,24,24,24,0,79,3,2,0,3,7,0,0.22077922,"sa3025309"
"J.R. Freethy","TOR","A,CPX",22,36,119,154,24,14,5,3,2,26,15,29,0,36,5,1,0,2,3,2,0.201680672,"sa3025310"
"Eddie Micheletti Jr.","TOR","A+",23,66,228,282,54,26,14,0,14,35,50,44,0,47,6,4,0,7,1,0,0.236842105,"sa3025311"
"Will Turner","BOS","A+,CPX",22,23,58,88,8,6,0,0,2,14,11,28,0,15,0,2,0,0,3,2,0.137931034,"sa3025313"
"Nathan Archer","CHW","A",22,61,222,248,48,31,10,3,4,27,28,23,0,78,0,3,0,0,17,5,0.216216216,"sa3025314"
"Nick Mitchell","CLE","A,CPX",21,43,150,180,41,36,4,1,0,24,19,26,0,23,2,2,0,2,19,4,0.273333333,"sa3025315"
"Sam Kulasingam","KCR","A+",23,74,278,325,80,60,14,5,1,44,33,39,1,55,1,1,6,6,10,8,0.287769784,"sa3025316"
"Sean Keys","TOR","A+",22,72,258,319,59,34,16,0,9,42,48,49,1,65,9,3,0,4,5,0,0.22868217,"sa3025317"
"James Tibbs III","BOS","A+,AA",22,74,274,334,70,43,12,2,13,52,37,51,0,61,5,4,0,11,5,2,0.255474452,"sa3025333"
"Ryan McCrystal","CIN","A",22,58,202,232,60,41,12,3,4,31,41,20,0,43,4,1,5,3,1,1,0.297029702,"sa3025334"
"David Mershon","LAA","AA,AAA,CPX",22,40,133,156,28,18,8,1,1,17,11,21,0,42,1,0,1,1,8,3,0.210526315,"sa3025335"
"Eric Rataczak","MIA","A+",24,50,158,197,40,28,5,2,5,25,30,33,1,51,1,4,0,3,7,3,0.253164556,"sa3025336"
"T.J. McCants","CHW","A,CPX",24,37,137,159,42,34,4,2,2,19,19,20,0,43,1,0,1,2,13,4,0.306569343,"sa3025355"
"Casey Cook","TEX","A+",22,72,269,299,56,46,6,1,3,33,28,27,0,65,2,1,0,2,20,7,0.208178438,"sa3025356"
"Hudson White","BOS","A+",22,46,158,178,27,18,3,2,4,17,16,14,0,42,4,2,0,4,1,0,0.170886075,"sa3025357"
"Cole Messina","COL","A+",22,67,240,278,62,38,18,1,5,30,31,33,0,54,3,1,0,6,6,3,0.258333333,"sa3025359"
"Kaelen Culpepper","MIN","A+,AA",22,68,275,315,83,61,9,2,11,49,41,34,0,51,6,0,0,7,18,3,0.301818181,"sa3025360"
"Caden Powell","HOU","A",21,41,163,181,43,28,8,0,7,27,23,13,0,53,4,1,0,3,10,4,0.26380368,"sa3025361"
"Max Holy","HOU","A",22,60,195,246,46,37,5,3,1,38,23,43,0,73,4,4,0,3,25,8,0.235897435,"sa3025362"
"Sam Antonacci","CHW","A+,CPX",22,62,219,279,64,43,13,4,4,45,29,37,2,40,19,1,3,3,24,7,0.292237442,"sa3025363"
"Ben Hartl","TEX","A",22,48,167,204,36,28,7,1,0,26,20,18,0,46,18,1,0,6,4,1,0.215568862,"sa3025364"
"Trevor Austin","HOU","A+,AA",23,58,196,224,44,25,13,1,5,24,24,20,0,56,7,1,0,3,4,1,0.224489795,"sa3025365"
"Randy Flores","LAA","A+,CPX",24,15,30,36,6,1,4,1,0,8,3,6,0,9,0,0,0,0,1,0,0.2,"sa3025366"
"Jackson Appel","CHW","A+",23,48,161,198,37,30,5,1,1,26,10,27,1,29,7,0,1,7,5,2,0.229813664,"sa3025367"
"Rafe Perich","TEX","A,A+",23,66,236,283,57,41,11,1,4,38,41,40,0,58,3,4,0,5,5,0,0.241525423,"sa3025368"
"Drew Vogel","HOU","A+",23,69,237,270,46,27,11,1,7,31,26,26,0,98,3,4,0,3,21,5,0.194092827,"sa3025369"
"Jason Schiavone","HOU","A",22,47,136,180,22,10,7,1,4,26,14,35,0,70,8,1,0,2,7,1,0.161764705,"sa3025370"
"Lucas Spence","HOU","A,A+",22,72,260,311,68,40,20,3,5,46,32,42,0,69,7,1,1,2,20,5,0.261538461,"sa3025371"
"Blake Burke","MIL","A+",22,78,285,334,89,65,17,2,5,37,43,40,0,76,5,4,0,5,10,4,0.312280701,"sa3025381"
"Casey Saucke","CHW","A",21,5,20,22,1,1,0,0,0,1,0,2,0,10,0,0,0,0,1,0,0.05,"sa3025382"
"Tommy White","OAK","A+",22,55,214,239,59,33,16,0,10,33,31,19,0,28,4,2,0,3,3,0,0.275700934,"sa3025383"
"Rodney Green Jr.","OAK","A+",22,72,271,317,44,22,13,2,7,36,26,44,0,100,2,0,0,3,10,4,0.162361623,"sa3025384"
"Joshua Kuroda-Grauer","OAK","A+",22,67,282,310,81,63,17,1,0,32,25,23,0,29,4,0,1,10,18,5,0.287234042,"sa3025386"
"Emilien Pitre","TBR","A+",22,74,295,334,83,58,16,2,7,40,49,30,1,77,4,5,0,9,8,5,0.281355932,"sa3025391"
"Callan Moss","KCR","A+",21,77,269,330,71,45,17,3,6,44,60,53,2,68,3,5,0,3,12,4,0.26394052,"sa3025392"
"Connor Hujsak","TBR","A",23,76,291,327,66,40,15,6,5,43,44,26,0,97,4,6,0,5,18,2,0.226804123,"sa3025393"
"Will Taylor","PIT","A,A+",22,51,183,213,53,32,15,1,5,37,30,25,0,52,4,1,0,1,10,8,0.289617486,"sa3025403"
"Caleb Lomavita","WSN","A+",22,70,259,293,76,58,13,2,3,27,33,17,0,64,14,2,0,5,6,0,0.293436293,"sa3025404"
"Ryan Stafford","BAL","A+",22,67,188,226,35,23,10,2,0,19,22,23,0,62,6,5,4,1,17,3,0.186170212,"sa3025405"
"Colin Tuft","BAL","A,CPX",22,41,116,146,25,19,4,1,1,17,9,28,0,37,2,0,0,3,12,5,0.215517241,"sa3025406"
"Eli Serrano III","NYM","A+",22,55,203,242,47,25,14,1,7,35,34,32,0,48,4,3,0,1,6,2,0.231527093,"sa3025407"
"Austin Overn","BAL","A+",22,67,220,268,49,35,7,3,4,34,19,40,1,79,4,3,1,2,32,6,0.222727272,"sa3025408"
"Griff O'Ferrall","BAL","A+",22,71,264,305,55,41,8,2,4,36,26,32,0,51,4,2,3,1,22,5,0.208333333,"sa3025409"
"Ethan Anderson","BAL","A+",21,48,168,187,36,25,9,1,1,14,23,17,0,41,0,1,0,3,14,1,0.214285714,"sa3025410"
"Dante Nori","PHI","A",20,75,295,344,77,59,13,4,1,33,28,42,0,56,1,4,2,2,19,4,0.261016949,"sa3025411"
"Kodey Shojinaga","PHI","A",22,58,207,239,49,37,10,1,1,26,28,28,0,40,2,1,0,5,1,1,0.236714975,"sa3025412"
"Joseph Sullivan","HOU","A+",22,70,244,319,60,32,11,2,15,50,35,61,0,85,14,0,0,1,32,8,0.245901639,"sa3025413"
"Seaver King","WSN","A+,AA",22,75,305,331,76,58,10,3,5,44,27,16,1,70,5,2,3,4,16,4,0.249180327,"sa3025414"
"Ivan Brethowr","CHC","A+",22,71,229,297,53,39,10,0,4,42,23,46,1,80,20,2,0,4,18,2,0.231441048,"sa3025415"
"Carter Frederick","KCR","A+",22,61,212,245,49,33,12,2,2,34,26,29,0,77,2,2,0,2,11,1,0.231132075,"sa3025416"
"Nick Roselli","NYM","A,A+",22,54,186,210,32,19,7,1,5,22,29,20,0,69,3,0,1,1,4,0,0.17204301,"sa3025417"
"Griffin Burkholder","PHI","A,CPX",19,30,112,128,24,9,10,1,4,15,12,10,0,41,5,1,0,1,1,0,0.214285714,"sa3025418"
"Hansel Jimenez","CIN","DSL",18,25,86,103,23,17,3,0,3,18,12,10,0,29,4,3,0,1,6,1,0.26744186,"sa3025419"
"Jacob Cozart","CLE","A+",22,53,194,228,45,31,9,1,4,26,25,28,0,49,5,1,0,3,0,0,0.231958762,"sa3025434"
"Josh Caron","SEA","A+",21,53,201,224,46,31,7,1,7,24,21,17,0,65,4,2,0,3,6,2,0.228855721,"sa3025435"
"Joel Dragoo","PHI","A,A+",22,55,190,224,33,23,10,0,0,15,12,30,0,62,2,2,0,3,2,0,0.17368421,"sa3025437"
"Colton Becker","KCR","A,A+,AAA",24,66,199,244,41,34,6,0,1,30,11,32,0,40,3,1,9,1,36,5,0.20603015,"sa3025438"
"Andrew Patrick","PIT","A,CPX",22,23,66,84,7,5,2,0,0,9,7,13,0,31,2,3,0,2,4,0,0.106060606,"sa3025439"
"Ryan Cesarini","CLE","A",22,65,215,263,49,38,7,2,2,31,37,38,0,36,8,2,0,2,28,6,0.227906976,"sa3025440"
"Garrett Howe","CLE","A",22,62,208,245,46,38,6,1,1,30,25,29,0,61,3,4,1,2,22,9,0.221153846,"sa3025441"
"Austin Machado","ATL","A+",24,7,19,25,4,4,0,0,0,4,2,6,0,4,0,0,0,0,1,1,0.210526315,"sa3025442"
"Owen Ayers","CHC","A",24,53,189,224,45,25,12,5,3,23,35,26,1,48,7,2,0,4,5,0,0.238095238,"sa3025449"
"Corey Collins","NYM","A,A+,CPX",23,33,91,131,15,8,4,1,2,14,11,33,0,30,5,2,0,0,2,0,0.164835164,"sa3025450"
"Bennett Thompson","CLE","A",22,58,202,242,60,46,12,0,2,37,31,32,0,28,6,2,0,3,6,5,0.297029702,"sa3025451"
"Carson Benge","NYM","A+,AA",22,71,262,317,79,49,20,5,5,54,42,50,2,56,4,1,0,3,17,2,0.301526717,"sa3025452"
"Raider Tello","PHI","A",24,61,213,235,55,41,9,0,5,20,26,14,0,56,5,1,1,7,0,0,0.258215962,"sa3025453"
"Ariel Armas","CHC","A+",22,51,185,211,35,22,10,0,3,14,23,18,0,41,7,1,0,5,7,2,0.189189189,"sa3025454"
"Cameron Leary","OAK","A",23,79,298,359,72,41,22,1,8,54,47,55,0,82,3,3,0,1,39,3,0.241610738,"sa3025469"
"Ethan Lege","PIT","A",24,35,121,136,27,21,5,0,1,21,9,8,0,32,6,1,0,2,4,1,0.223140495,"sa3025470"
"Alex Stone","TOR","A+,AA",23,34,111,125,20,14,5,0,1,7,15,8,0,22,4,2,0,4,0,0,0.18018018,"sa3025480"
"Jack Penney","DET","A,A+",22,44,146,184,37,31,4,0,2,23,20,34,0,41,3,1,0,5,4,2,0.253424657,"sa3025481"
"Duncan Pastore","NYY","A,A+",25,18,47,53,10,6,4,0,0,6,6,6,0,12,0,0,0,1,1,2,0.212765957,"sa3025482"
"Davis Diaz","OAK","A,A+",22,67,245,292,58,41,13,3,1,37,28,37,0,45,6,4,0,6,8,4,0.236734693,"sa3025494"
"Marco Dinges","MIL","A,A+",21,58,201,244,65,43,11,2,9,31,52,34,0,40,5,4,0,4,5,1,0.323383084,"sa3025495"
"Sean Barnett","SDP","A,A+",22,51,140,170,33,21,8,1,3,21,24,18,0,57,10,2,0,2,1,1,0.235714285,"sa3025496"
"Kevin Bazzell","WSN","A",22,52,180,212,35,30,5,0,0,27,13,22,0,18,8,2,0,4,3,0,0.194444444,"sa3025511"
"Peyton Stovall","CIN","A+",22,30,110,134,18,13,5,0,0,12,11,24,0,25,0,0,0,1,2,0,0.163636363,"sa3025512"
"Brady Marget","TBR","A",22,7,26,32,6,4,2,0,0,3,0,5,0,7,1,0,0,0,0,0,0.23076923,"sa3025513"
"Ryan Jackson","SDP","A,A+",23,78,283,358,83,62,15,2,4,47,43,66,0,59,7,1,1,2,15,3,0.293286219,"sa3025514"
"Dillon Lewis","NYY","A,A+",22,76,298,328,67,37,12,4,14,44,44,27,0,83,2,0,0,3,18,1,0.224832214,"sa3025515"
"Blake Wright","COL","A,A+",23,76,271,316,82,68,10,1,3,40,36,33,0,49,1,7,4,8,10,7,0.302583025,"sa3025525"
"Vance Honeycutt","BAL","A+",22,69,246,295,43,29,7,4,3,32,17,43,0,119,3,0,2,0,22,3,0.174796747,"sa3025526"
"Jake Steels","ATL","A",23,43,120,143,18,15,3,0,0,13,9,17,0,27,5,0,1,1,2,1,0.15,"sa3025538"
"Zander Darby","SFG","A",22,46,153,197,47,30,11,2,4,33,42,33,0,36,4,6,1,3,9,1,0.307189542,"sa3025549"
"Jeremiah Jenkins","SFG","A,CPX",22,31,106,132,30,15,7,4,4,27,33,21,1,19,3,2,0,4,0,0,0.283018867,"sa3025550"
"Jackson Strong","DET","A",21,55,199,238,55,35,10,5,5,27,33,29,0,67,7,2,0,1,16,5,0.276381909,"sa3025551"
"Cal Stark","TEX","A+",22,30,92,107,18,14,2,0,2,11,9,9,0,39,3,3,0,0,2,2,0.195652173,"sa3025560"
"Evan Shaw","LAD","A+",24,25,1,1,0,0,0,0,0,0,0,0,0,1,0,0,0,0,0,0,0,"sa3025563"
"Cameron Sisneros","CHC","A,A+",24,53,181,221,60,41,14,0,5,24,37,28,1,21,9,3,0,5,7,2,0.331491712,"sa3025564"
"Theo Gillen","TBR","A",19,52,177,236,49,37,6,1,5,48,13,50,0,56,5,1,3,1,28,3,0.276836158,"sa3025565"
"Tommy Hopfe","COL","A",22,68,236,292,62,42,14,1,5,38,31,30,0,46,17,5,3,3,15,4,0.262711864,"sa3025593"
"Garrett Pennington","DET","A,A+",24,66,231,259,66,39,16,1,10,38,45,22,0,46,4,2,0,4,8,3,0.285714285,"sa3025600"
"Dakota Jordan","SFG","A",22,76,321,365,97,68,15,6,8,59,66,35,0,84,5,4,0,3,27,4,0.302180685,"sa3025601"
"Woody Hadeen","DET","A,A+",22,65,242,294,56,39,11,2,4,44,24,35,0,55,17,0,0,3,23,4,0.231404958,"sa3025602"
"Jakob Christian","SFG","A",22,65,251,295,70,42,17,1,10,54,57,31,0,82,6,7,0,8,12,2,0.278884462,"sa3025603"
"Zach MacDonald","DET","A,CPX",21,18,52,68,12,7,2,2,1,13,6,10,0,20,5,1,0,1,6,0,0.23076923,"sa3025604"
"Sam Petersen","WSN","A,A+,CPX",22,39,128,156,36,25,7,1,3,30,17,16,1,34,9,2,1,1,14,1,0.28125,"sa3025609"
"Cam Clayton","MIA","A,CPX",22,39,134,156,35,18,11,3,3,25,20,18,0,28,2,2,0,1,1,2,0.261194029,"sa3025610"
"Trey Snyder","NYM","A",19,70,262,311,57,41,10,1,5,34,33,44,0,59,3,2,0,2,23,5,0.217557251,"sa3025611"
"Justin Trimble","HOU","A",22,47,154,179,30,17,8,1,4,20,19,18,0,75,4,1,1,1,10,1,0.194805194,"sa3025619"
"Steven Ondina","BAL","A",23,14,37,45,7,7,0,0,0,2,1,7,0,13,0,0,1,0,1,1,0.189189189,"sa3025628"
"Keith Jones II","TEX","A+,AA",23,75,265,325,70,44,14,1,11,36,40,54,1,85,4,1,1,4,16,5,0.264150943,"sa3025629"
"Canyon Brown","KCR","A+",21,45,142,169,32,24,7,0,1,25,12,17,0,40,4,3,3,2,7,3,0.225352112,"sa3025630"
"Miguel Santos","CHW","A",24,41,154,178,43,33,7,1,2,19,19,18,0,28,5,1,0,2,6,2,0.279220779,"sa3025631"
"Braylon Payne","MIL","A",18,51,191,226,48,34,4,4,6,36,24,34,0,64,0,1,0,1,22,8,0.2513089,"sa3025647"
"Tyler Herron","TBR","A,A+,CPX",22,23,75,94,11,9,1,1,0,7,6,13,0,18,6,0,0,3,0,3,0.146666666,"sa3025662"
"Nolan Clifford","COL","A",23,49,143,170,30,26,4,0,0,12,9,21,0,40,5,0,1,2,5,2,0.209790209,"sa3025670"
"Dash Albus","KCR","A",22,27,0,0,0,0,0,0,0,0,0,0,0,0,0,0,0,0,0,0,0,"sa3025855"
"Teo Banks","WSN","A+,CPX",21,30,86,97,12,9,1,1,1,10,6,7,0,25,3,0,1,1,1,1,0.139534883,"sa3026520"
"Ali Camarillo","OAK","A,CPX",22,54,213,242,55,43,11,0,1,27,23,19,1,45,4,5,1,5,9,3,0.258215962,"sa3028297"
"Peyton Carr","MIN","A",23,52,155,185,32,22,7,1,2,21,12,25,0,43,4,1,0,3,1,1,0.206451612,"sa3028487"
"Cole Conn","OAK","A+,AA",23,47,158,192,35,22,9,0,4,27,23,28,0,45,5,1,0,2,3,2,0.221518987,"sa3029251"
"Tyler Davis","KCR","A+",23,20,0,0,0,0,0,0,0,0,0,0,0,0,0,0,0,0,0,0,0,"sa3029944"
"Randal Diaz","WSN","A",22,71,245,284,55,46,8,1,0,36,28,30,0,40,5,3,1,12,19,7,0.224489795,"sa3030270"
"Alan Espinal","COL","A",23,42,135,157,25,20,3,0,2,15,14,14,0,52,5,1,2,2,1,2,0.185185185,"sa3031022"
"Ian Farrow","PIT","A,CPX",22,29,86,102,20,9,5,0,6,17,21,14,0,32,2,0,0,1,0,0,0.232558139,"sa3031177"
"Victor Figueroa","SDP","A,CPX",21,49,174,208,57,24,18,3,12,33,43,31,1,39,2,1,0,6,5,1,0.327586206,"sa3031322"
"Kevin Fitzer","COL","A",23,71,255,291,63,45,12,3,3,32,32,23,1,74,12,1,0,5,4,2,0.247058823,"sa3031395"
"Jacob Friend","CIN","A,CPX",22,39,85,134,9,4,3,0,2,20,12,37,0,36,7,3,2,0,4,3,0.105882352,"sa3031730"
"Dub Gleed","MIA","A,AAA,CPX",22,32,94,124,21,14,6,0,1,14,12,23,0,19,6,0,0,2,3,0,0.223404255,"sa3032302"
"Fernando Gonzalez","SFG","A,AAA",23,27,100,118,23,15,5,0,3,21,8,14,0,22,4,0,0,2,0,0,0.23,"sa3032413"
"Gunner Gouldsmith","OAK","A,CPX",23,53,169,206,28,20,7,1,0,30,17,30,0,42,4,2,1,4,7,3,0.165680473,"sa3032524"
"David Hagaman","TEX","A",22,3,0,0,0,0,0,0,0,0,0,0,0,0,0,0,0,0,0,0,0,"sa3032946"
"Matt Halbach","CHC","A",22,56,198,234,47,29,12,0,6,25,34,26,0,54,10,0,0,6,1,1,0.237373737,"sa3032989"
"Camden Janik","PIT","A",22,30,93,115,25,19,5,1,0,9,4,17,0,15,3,1,1,3,2,1,0.268817204,"sa3034572"
"Cole Mathis","CHC","A",21,28,104,124,22,10,8,1,3,15,13,16,0,28,3,1,0,0,0,2,0.211538461,"sa3037300"
"Cole McConnell","CHW","A+",24,59,209,245,48,37,8,0,3,31,17,29,0,77,6,0,0,2,5,5,0.229665071,"sa3037490"
"Dalton McIntyre","ATL","A+,CPX",21,41,143,168,36,32,3,1,0,25,10,25,0,33,0,0,0,2,18,2,0.251748251,"sa3037634"
"Nick McLain","CHW","A",22,13,46,58,12,10,2,0,0,7,9,11,0,17,1,0,0,0,4,0,0.260869565,"sa3037680"
"Ryan Minckler","WSN","A",22,25,0,0,0,0,0,0,0,0,0,0,0,0,0,0,0,0,0,0,0,"sa3038123"
"Braden Montgomery","CHW","A,A+",22,77,287,330,75,45,18,2,10,39,49,35,0,78,4,4,0,1,10,3,0.261324041,"sa3038253"
"Kole Myers","LAD","A+,AA",24,54,174,224,45,37,4,2,2,38,19,46,1,52,4,0,0,2,20,4,0.258620689,"sa3038641"
"Jackson Nicklaus","LAD","A,A+",22,42,131,157,22,13,6,1,2,18,14,24,0,62,1,1,0,3,1,0,0.167938931,"sa3038855"
"Ryan Picollo","SEA","A",23,47,171,185,35,19,8,2,6,30,32,11,0,73,1,2,0,5,3,1,0.204678362,"sa3039893"
"Jackson Ross","WSN","A,A+",25,60,204,235,47,25,14,1,7,31,24,25,0,66,2,4,0,3,6,1,0.230392156,"sa3041172"
"Tony Santa Maria","TBR","A+",23,15,57,62,17,9,6,0,2,7,12,2,0,16,2,1,0,0,3,1,0.298245614,"sa3041543"
"Cody Schrier","MIA","A,CPX",22,39,141,162,39,30,3,3,3,29,27,18,0,28,1,2,0,3,22,2,0.276595744,"sa3041782"
"Mike Sirota","LAD","A,A+",22,59,216,270,72,40,16,3,13,48,54,48,0,59,2,4,0,9,5,5,0.333333333,"sa3042374"
"Myles Smith","CIN","A,A+",22,56,163,200,23,16,6,0,1,20,13,28,0,49,6,1,2,4,12,2,0.141104294,"sa3042608"
"Jared Sprague-Lott","OAK","A",23,74,255,331,55,38,11,0,6,40,34,65,0,57,6,3,2,5,10,2,0.215686274,"sa3042867"
"Anthony Stephan","CIN","A+,CPX",22,50,162,194,43,24,14,2,3,20,22,24,0,38,6,2,0,0,1,1,0.265432098,"sa3043041"
"Kavares Tears","SDP","A",22,65,256,294,62,39,13,1,9,31,48,33,0,80,1,4,0,6,4,4,0.2421875,"sa3043596"
"Kasen Wells","SDP","A",21,38,152,179,43,34,6,2,1,39,13,21,0,31,5,0,1,0,23,1,0.282894736,"sa3044992"
"Zane Zielinski","SFG","A+",23,68,241,285,54,46,4,2,2,38,29,31,0,79,10,2,1,4,23,4,0.22406639,"sa3045857"
"Konnor Griffin","PIT","A,A+",19,74,300,342,99,68,16,2,13,73,53,28,0,75,10,3,1,2,40,9,0.33,"sa3065496"
"Cobb Hightower","SDP","A",20,26,97,122,19,14,3,1,1,21,9,23,0,18,2,0,0,3,3,0,0.195876288,"sa3066025"
"Zach Evans","SDP","A",22,79,309,351,91,71,16,1,3,46,55,33,0,56,4,5,0,6,10,3,0.294498381,"sa3066361"
"Nick Montgomery","ATL","A",19,57,212,243,37,26,5,1,5,19,30,24,0,75,2,5,0,7,1,0,0.174528301,"sa3066457"
"Diego Tornes","ATL","DSL",16,24,99,111,28,20,5,3,0,14,9,11,0,25,1,0,0,1,17,2,0.282828282,"sa3066458"
"Slade Caldwell","ARI","A,A+",19,72,245,323,64,42,16,3,3,54,23,63,0,87,11,3,1,4,22,7,0.261224489,"sa3066460"
"Kyle Dernedde","CLE","A+,AA",24,48,145,166,27,22,4,0,1,16,15,16,0,48,2,3,0,2,2,0,0.186206896,"sa3066528"
"Bryce Rainer","DET","A",19,35,125,149,36,26,5,0,5,19,22,20,0,33,1,3,0,3,9,3,0.288,"sa3066592"
"Cris Rodriguez","DET","DSL",17,26,91,99,25,16,5,0,4,19,18,6,0,25,0,2,0,0,5,0,0.274725274,"sa3066593"
"Deniel Ortiz","STL","A",20,65,218,271,61,43,9,1,8,37,31,44,1,76,6,3,0,2,24,3,0.279816513,"sa3066597"
"Eddie Rynders","PIT","CPX",19,41,138,167,28,23,3,1,1,25,23,26,0,39,2,1,0,1,6,1,0.20289855,"sa3066663"
"Wyatt Sanford","PIT","A,CPX",19,48,156,200,39,27,6,2,4,35,23,27,1,40,14,0,2,1,27,4,0.25,"sa3066665"
"Johan De Los Santos","PIT","DSL",16,20,53,72,16,12,3,1,0,17,9,13,0,7,1,4,1,0,12,2,0.301886792,"sa3066666"
"Darell Morel","PIT","DSL",17,25,70,90,19,8,6,4,1,22,11,17,0,24,1,0,2,0,13,2,0.271428571,"sa3066667"
"Jack Lines","TBR","A,CPX",19,34,105,139,20,13,6,0,1,17,7,20,0,42,11,1,2,0,7,2,0.19047619,"sa3066763"
"Kolby Johnson","BOS","A+",25,19,61,69,11,11,0,0,0,5,3,7,0,16,1,0,0,5,2,1,0.180327868,"sa3066780"
"C.J. Pittaro","OAK","A",23,76,291,340,75,57,15,2,1,35,30,40,0,65,9,0,0,6,6,2,0.257731958,"sa3066821"
"Tyson Lewis","CIN","CPX",19,35,144,158,50,36,4,5,5,33,25,10,0,39,3,1,0,2,15,3,0.347222222,"sa3066822"
"Francesco Barbieri","WSN","A,CPX",25,36,73,99,20,15,2,3,0,16,9,22,0,26,1,0,3,1,12,3,0.273972602,"sa3066825"
"Ty Southisene","CHC","A,CPX",19,48,154,195,28,27,1,0,0,27,8,36,0,34,4,0,0,0,21,4,0.181818181,"sa3066842"
"Jose Gonzalez","HOU","A+,AA",24,24,74,83,13,11,2,0,0,7,6,6,0,28,3,0,0,1,2,1,0.175675675,"sa3066858"
"JD Dix","ARI","A,CPX",19,47,185,212,65,43,16,4,2,37,24,20,0,41,4,3,0,0,11,5,0.351351351,"sa3066859"
"Ethan Wagner","HOU","CPX",19,31,96,114,22,18,3,0,1,18,13,15,0,28,2,1,0,3,2,1,0.229166666,"sa3066860"
"Trace Willhoite","NYM","A",24,58,195,230,49,26,11,2,10,39,45,28,1,57,5,2,0,4,6,0,0.251282051,"sa3066861"
"Connor Dykstra","SEA","A",24,39,123,156,30,19,9,1,1,29,8,15,0,38,16,0,0,1,2,0,0.243902439,"sa3067036"
"Cesar Franco","OAK","A,CPX",23,57,174,221,32,22,7,2,1,30,23,39,1,67,3,5,0,4,1,2,0.183908045,"sa3067037"
"Drew Brutcher","HOU","A,A+",23,71,249,296,73,51,17,3,2,45,30,42,0,66,2,3,0,4,2,2,0.29317269,"sa3067038"
"Luke Davis","PHI","A+,CPX",22,44,116,157,17,13,1,0,3,17,8,40,0,30,1,0,0,5,0,0,0.146551724,"sa3067039"
"Eric Hartman","ATL","A,CPX",19,50,183,219,41,24,11,3,3,30,22,28,1,54,7,1,0,2,27,3,0.224043715,"sa3067040"
"Nathan Flewelling","TBR","A",18,63,209,271,43,30,10,1,2,25,34,52,0,74,4,5,1,4,4,1,0.205741626,"sa3067041"
"Kellon Lindsey","LAD","A,CPX",19,30,127,152,35,25,7,0,3,32,22,22,0,48,1,2,0,1,11,2,0.275590551,"sa3067042"
"Caleb Bonemer","CHW","A",19,70,253,316,68,43,15,3,7,45,41,50,0,70,6,7,0,1,20,6,0.268774703,"sa3067043"
"Owen Carey","ATL","A",18,72,292,325,75,55,17,1,2,41,37,24,0,47,7,1,1,3,10,6,0.256849315,"sa3067044"
"Andrew Salas","MIA","A",17,63,235,286,50,41,8,1,0,34,9,45,0,74,2,1,3,0,20,9,0.212765957,"sa3067045"
"Gio Cueto","LAD","A",21,28,88,110,24,19,4,0,1,15,7,17,0,31,4,0,1,2,2,0,0.272727272,"sa3067075"
"Matthew Ellis","SEA","A",24,50,166,215,40,23,10,1,6,36,32,41,0,42,3,2,0,3,3,1,0.240963855,"sa3067076"
"Peyton Powell","TOR","A",24,50,162,196,40,34,5,0,1,23,15,31,0,49,1,2,0,1,0,4,0.24691358,"sa3067090"
"Thomas Takayoshi","OAK","A",24,28,88,98,18,16,1,0,1,6,5,8,0,36,2,0,0,1,0,0,0.204545454,"sa3067091"
"Sam Ruta","KCR","AA",23,41,140,160,33,18,10,1,4,19,27,14,0,60,2,3,0,2,0,1,0.235714285,"sa3067092"
"Yulian Barreto","SFG","DSL",17,25,84,106,27,22,3,1,1,20,14,18,0,11,4,0,0,0,8,1,0.321428571,"sa3067124"
"Cristopher Polanco","TOR","DSL",17,25,71,100,8,4,4,0,0,14,4,27,0,30,2,0,0,0,4,1,0.112676056,"sa3067125"
"Djean Macares","SFG","DSL",17,25,81,103,18,15,1,2,0,18,10,16,0,13,3,3,0,1,6,3,0.222222222,"sa3067126"
"Jose Pena","BAL","DSL",16,25,81,97,22,16,6,0,0,11,10,13,0,21,2,1,0,3,8,2,0.271604938,"sa3067127"
"Nate George","BAL","A,CPX",19,44,165,185,60,43,7,6,4,39,27,15,0,33,2,0,3,2,26,12,0.363636363,"sa3067128"
"Juan Sanchez",,"DSL",17,26,97,115,30,20,5,1,4,16,19,13,0,25,5,0,0,3,1,0,0.30927835,"sa3067129"
"Clayton Gray","COL","A,CPX",23,20,48,55,12,11,1,0,0,11,5,6,0,17,0,1,0,1,2,0,0.25,"sa3067153"
"Alex McCoy","SDP","A",23,16,62,70,16,10,4,0,2,10,12,4,0,20,3,1,0,0,3,0,0.258064516,"sa3067170"
"Colin Summerhill","LAA","A",23,65,224,263,50,34,15,0,1,28,20,33,0,66,3,2,1,3,2,1,0.223214285,"sa3067171"
"Jorge Corona","CHW","A",24,19,61,69,11,8,3,0,0,4,4,5,0,27,3,0,0,1,0,0,0.180327868,"sa3067209"
"Jacob Hinderleider","COL","A",24,50,180,196,48,35,11,1,1,23,14,12,0,71,2,2,0,3,7,5,0.266666666,"sa3067230"
"Chase Harlan","LAD","CPX",18,34,126,144,38,19,12,1,6,29,37,15,0,25,0,3,0,3,1,1,0.301587301,"sa3067256"
"Ben Newton","OAK","AA,AAA,CPX",23,14,34,41,9,5,2,1,1,8,9,3,0,9,3,1,0,0,0,0,0.264705882,"sa3067265"
"Brendan Tunink","LAD","CPX",19,30,109,130,34,16,10,5,3,31,14,20,0,35,1,0,0,0,9,2,0.311926605,"sa3067275"
"Hayden Gilliland","TOR","A+,AA",23,15,43,54,10,6,3,0,1,7,10,8,0,23,1,2,0,1,0,0,0.232558139,"sa3067285"
"Jack Mathey","SDP","AA,AAA,CPX",21,8,11,17,2,2,0,0,0,1,0,6,0,5,0,0,0,2,0,0,0.181818181,"sa3067286"
"Liberts Aponte","CIN","DSL",17,21,71,89,19,12,2,2,3,18,14,14,0,13,2,2,0,1,7,0,0.267605633,"sa3067288"
"Trent Youngblood","ARI","A",23,46,153,195,38,34,2,0,2,17,20,32,0,33,0,5,5,1,11,1,0.248366013,"sa3067290"
"Jacob Lojewski","TOR","A",23,20,72,77,14,9,5,0,0,7,8,3,0,13,2,0,0,1,0,1,0.194444444,"sa3067294"
"Conrad Cason","BOS","CPX",18,2,4,4,1,1,0,0,0,0,1,0,0,2,0,0,0,0,0,0,0.25,"sa3067316"
"Grant Magill","CHW","A,CPX",24,26,73,86,24,19,4,0,1,11,15,9,0,18,1,2,1,3,0,2,0.328767123,"sa3067319"
"Devin Fitz-Gerald","TEX","A,CPX",19,41,139,173,42,29,7,0,6,33,20,28,0,24,4,2,0,3,8,2,0.302158273,"sa3067320"
"Kale Fountain","SDP","CPX",19,31,107,132,28,20,6,1,1,24,18,18,0,31,5,2,0,0,12,0,0.261682242,"sa3067321"
"Sir Jamison Jones","WSN","CPX",19,31,95,121,25,17,5,0,3,13,24,19,0,30,4,3,0,1,1,0,0.263157894,"sa3067322"
"Josh Springer","TEX","CPX",19,27,92,103,21,13,8,0,0,8,10,7,1,8,3,0,1,4,2,0,0.228260869,"sa3067323"
"D'Angelo Ortiz","BOS","CPX",20,41,131,153,35,32,2,1,0,19,13,20,0,28,1,1,0,4,7,1,0.267175572,"sa3067324"
"Andrew Tess","BAL","CPX",18,39,96,137,23,18,3,1,1,21,17,25,0,31,15,1,0,6,13,3,0.239583333,"sa3067325"
"Lucas Ramirez","LAA","CPX",19,41,136,158,36,22,6,5,3,26,24,17,1,35,2,2,1,3,5,0,0.264705882,"sa3067326"
"Balian Caraballo","LAA","CPX",19,18,39,41,6,5,0,0,1,5,8,1,0,25,1,0,0,1,0,0,0.153846153,"sa3067327"
"Yan Cruz","BOS","CPX",18,31,96,121,17,11,4,1,1,10,10,24,0,56,1,0,0,0,6,3,0.177083333,"sa3067328"
"Luke Dickerson","WSN","A,CPX",19,49,177,207,41,26,12,0,3,21,30,26,0,42,2,2,0,3,13,4,0.231638418,"sa3067329"
"Ediel Rivera","NYY","CPX",19,38,120,141,28,17,9,1,1,19,12,10,0,39,8,3,0,1,7,3,0.233333333,"sa3067330"
"Tytus Cissell","ARI","CPX",19,44,151,169,32,22,5,2,3,17,20,14,0,61,3,1,0,1,8,1,0.211920529,"sa3067331"
"Eli Lovich","CHC","A,CPX",19,42,157,174,37,27,6,1,3,18,18,15,0,48,2,0,0,3,12,4,0.235668789,"sa3067332"
"DJ Layton","BAL","CPX",18,28,74,96,15,11,4,0,0,22,3,18,0,21,3,0,1,0,9,1,0.202702702,"sa3067333"
"Grant Smith","CHW","CPX",24,34,116,126,30,19,8,0,3,17,21,5,0,37,4,1,0,2,3,0,0.258620689,"sa3067334"
"Nathan Rose","SEA","CPX",24,32,98,117,25,14,7,0,4,15,16,13,0,32,6,0,0,1,0,1,0.25510204,"sa3067335"
"Ronny Cruz","CHC","CPX",18,36,129,140,35,20,7,6,2,15,18,6,0,26,2,2,0,1,8,4,0.271317829,"sa3067336"
"Derek Datil","TBR","CPX",19,38,121,153,33,26,6,0,1,23,12,25,0,26,2,1,4,1,9,0,0.272727272,"sa3067337"
"Jude Warwick","DET","CPX",19,38,120,150,32,22,7,0,3,28,15,16,0,25,11,3,0,0,19,3,0.266666666,"sa3067338"
"Andy Polanco","SFG","CPX",20,40,116,138,31,25,4,1,1,27,15,16,0,36,2,3,1,0,17,3,0.267241379,"sa3067339"
"Braylon Whitaker","BAL","CPX",19,8,13,15,2,2,0,0,0,0,2,2,0,3,0,0,0,1,2,0,0.153846153,"sa3067340"
"Max Durrington","OAK","A,CPX",18,45,142,165,34,27,6,1,0,19,16,23,0,29,0,0,0,5,6,1,0.239436619,"sa3067341"
"Arturo Flores","HOU","CPX",19,4,10,12,4,3,0,1,0,0,6,1,0,2,0,1,0,1,0,0,0.4,"sa3067342"
"Shotaro Morii","OAK","CPX",18,31,104,134,28,19,6,1,2,28,18,29,0,36,0,1,0,0,2,3,0.269230769,"sa3067343"
"Jimmy Obertop","COL","A,CPX",25,16,43,55,11,8,2,0,1,3,14,9,0,21,2,0,1,0,2,0,0.255813953,"sa3067392"
"Hunter Dobbins","DET","CPX",22,19,49,58,7,3,3,0,1,5,4,7,0,19,2,0,0,3,1,0,0.142857142,"sa3067393"
"Jessada Brown","MIA","A,CPX",22,17,59,65,11,9,0,0,2,10,9,2,0,28,2,2,0,0,3,1,0.186440677,"sa3067394"
"Jalen Hairston","CIN","CPX",21,19,75,81,14,9,3,0,2,9,5,4,0,21,1,0,0,0,3,0,0.186666666,"sa3067395"
"Dayson Croes","SFG","A+,CPX",25,36,128,149,42,25,14,1,2,19,22,18,0,21,2,0,1,1,0,1,0.328125,"sa3067396"
"Ivan Luciano","ARI","CPX",18,35,103,130,28,24,4,0,0,10,12,21,0,27,2,4,0,3,0,0,0.27184466,"sa3067397"
"Yanuel Casiano","CIN","CPX",18,25,91,105,14,8,4,1,1,12,13,11,0,41,2,1,0,1,0,0,0.153846153,"sa3067398"
"Jan Luis Reyes","CHC","CPX",19,38,121,139,30,23,4,3,0,16,13,14,0,27,0,2,0,3,18,2,0.247933884,"sa3067399"
"Jadyn Fielder","MIL","CPX",20,38,115,149,32,21,4,4,3,24,23,26,0,35,7,1,0,1,6,4,0.278260869,"sa3067400"
"Luis Leon","MIA","CPX",18,21,65,80,8,4,4,0,0,9,2,13,0,37,2,0,0,0,10,2,0.123076923,"sa3067401"
"Gabriel Rosado","DET","CPX",19,16,37,43,10,9,1,0,0,6,3,6,0,17,0,0,0,0,3,0,0.27027027,"sa3067423"
"Christian Fagnant","WSN","A",24,5,8,8,1,1,0,0,0,1,0,0,0,4,0,0,0,0,0,0,0.125,"sa3067442"
"Kaden Hopson","LAA","CPX",24,13,29,45,7,5,2,0,0,11,8,9,0,6,5,1,1,0,0,1,0.24137931,"sa3067443"
"Carl Calixte","PIT","CPX",18,23,54,66,8,4,2,2,0,7,5,10,0,28,1,1,0,0,1,3,0.148148148,"sa3067444"
"John Cristino","NYY","CPX",25,25,65,73,21,14,3,1,3,16,12,4,0,17,4,0,0,1,3,0,0.323076923,"sa3067467"
"Bo Walker","ARI","CPX",19,31,89,112,17,13,1,1,2,12,5,18,0,39,4,0,1,1,0,0,0.191011235,"sa3067468"
"Kenny Fenelon","MIL","DSL",17,25,75,102,15,11,3,0,1,9,14,17,0,24,5,5,0,1,8,7,0.2,"sa3067474"
"Cristopher Acosta","MIL","DSL",17,27,93,113,15,10,1,3,1,15,13,18,1,27,2,0,0,2,4,3,0.161290322,"sa3067475"
"Luke Napleton","MIN","A,A+",23,18,53,67,10,9,0,0,1,5,8,10,0,20,1,3,0,1,1,0,0.188679245,"sa3067478"
"Brailyn Antunez","MIL","DSL",17,26,95,116,19,12,7,0,0,15,11,11,0,23,8,2,0,3,8,5,0.2,"sa3067486"
"Hayden Travinski","HOU","CPX",24,9,16,24,3,3,0,0,0,3,1,8,0,6,0,0,0,0,2,0,0.1875,"sa3067496"
"Dylan Fien","OAK","A,CPX",19,38,147,167,41,31,8,2,0,18,21,15,0,29,3,2,0,2,2,1,0.278911564,"sa3067509"
"Stephen Hrustich","DET","A",23,32,114,137,26,18,5,0,3,17,16,14,0,34,5,4,0,2,2,3,0.228070175,"sa3067530"
"Peyton Holt","CIN","A",24,17,55,64,9,5,2,0,2,12,7,7,0,23,2,0,0,1,0,0,0.163636363,"sa3067540"
"Warren Calcano","KCR","DSL",17,9,26,35,9,6,2,0,1,7,2,8,0,10,1,0,0,0,7,1,0.346153846,"sa3067541"
"Ramcell Medina","KCR","DSL",17,22,71,91,18,11,2,4,1,17,11,14,0,14,4,2,0,1,5,0,0.253521126,"sa3067543"
"Moises Marchan","KCR","DSL",17,15,49,56,11,7,3,1,0,2,7,3,0,10,2,1,1,1,2,0,0.224489795,"sa3067544"
"Caleb McNeely","MIN","A",25,31,103,126,21,16,3,0,2,14,12,21,0,31,1,1,0,2,12,1,0.203883495,"sa3067548"
"Blaze O'Saben","MIN","A",24,28,89,104,19,13,6,0,0,9,8,10,0,16,5,0,0,4,9,2,0.213483146,"sa3067549"
"Jesus Guerrero","NYY","DSL",18,10,19,27,5,3,2,0,0,3,3,6,0,3,2,0,0,0,1,0,0.263157894,"sa3067560"
"Jamesson Val","MIN","DSL",19,20,42,58,8,6,2,0,0,11,8,16,0,12,0,0,0,0,6,2,0.19047619,"sa3067586"
"Juan Fraide","HOU","CPX",19,3,0,0,0,0,0,0,0,0,0,0,0,0,0,0,0,0,0,0,0,"sa3067603"
"Francisco Perez","TEX","DSL",18,18,70,81,20,15,2,0,3,16,14,5,0,12,2,3,1,1,2,0,0.285714285,"sa3067639"
"Kennew Blanco",,"DSL",19,26,102,111,25,17,5,1,2,14,10,7,0,13,1,1,0,7,0,0,0.245098039,"sa3067640"
"Alexander Alzi","BOS","DSL",18,22,70,83,17,10,7,0,0,11,10,8,0,26,5,0,0,5,0,0,0.242857142,"sa3067641"
"Carlos Done","MIL","DSL",18,20,70,84,15,12,1,1,1,10,11,8,0,17,4,2,0,0,7,2,0.214285714,"sa3067642"
"Andreimi Antunez","TBR","DSL",18,23,86,103,29,19,4,6,0,19,22,9,0,20,4,1,3,1,3,3,0.337209302,"sa3067643"
"Samuell Sanchez","DET","DSL",19,23,66,90,20,13,2,1,4,20,11,15,0,23,9,0,0,0,5,4,0.303030303,"sa3067644"
"Eric Mota","HOU","DSL",17,15,37,46,6,5,0,1,0,8,2,8,0,13,0,1,0,0,3,0,0.162162162,"sa3067645"
"Juan Torres","NYY","DSL",17,22,69,76,21,15,4,0,2,16,13,3,0,13,4,0,0,2,7,3,0.304347826,"sa3067646"
"Breyner Figuereo","CHC","DSL",17,20,61,69,11,8,1,2,0,8,9,7,0,17,0,1,0,2,1,1,0.180327868,"sa3067647"
"Jhonael Cuello","NYM","DSL",17,13,37,43,4,2,2,0,0,7,1,5,0,8,1,0,0,2,2,0,0.108108108,"sa3067648"
"Jose Verdugo","SDP","DSL",17,22,73,94,24,18,5,0,1,17,24,15,0,14,1,4,1,0,7,0,0.328767123,"sa3067649"
"Luis Cruz","PIT","DSL",17,18,51,68,10,8,2,0,0,8,7,13,0,8,2,2,0,0,2,3,0.196078431,"sa3067650"
"Santiago Martinez","HOU","DSL",17,18,57,74,16,13,3,0,0,9,6,12,0,13,3,2,0,0,7,3,0.280701754,"sa3067651"
"Luis De Leon","HOU","DSL",18,17,55,65,16,8,6,0,2,13,12,7,0,6,1,2,0,2,1,2,0.29090909,"sa3067652"
"Feliz Genao","ARI","DSL",17,17,51,68,16,12,4,0,0,11,5,13,0,14,3,0,1,1,3,0,0.31372549,"sa3067653"
"Victor Familia","PIT","DSL",18,18,48,58,10,5,4,1,0,10,4,5,0,24,4,1,0,2,1,0,0.208333333,"sa3067654"
"Yensi De La Cruz","HOU","DSL",18,25,80,98,21,16,3,2,0,12,14,17,0,19,0,1,0,0,5,2,0.2625,"sa3067655"
"Leonard Rijo","MIL","DSL",17,25,87,113,21,18,1,2,0,26,16,16,0,19,8,2,0,1,11,1,0.24137931,"sa3067656"
"Angel Salio","CIN","DSL",17,21,71,85,22,12,6,4,0,13,14,14,0,8,0,0,0,1,10,0,0.309859154,"sa3067657"
"Jose Santana","LAA","DSL",17,20,45,59,6,6,0,0,0,6,6,12,0,13,2,0,0,1,0,2,0.133333333,"sa3067658"
"Johanse Gomez","BAL","DSL",17,24,61,90,8,3,4,1,0,8,9,24,0,23,4,0,1,2,1,1,0.13114754,"sa3067659"
"Edgar Walker","PIT","DSL",17,22,60,71,14,8,4,2,0,8,12,9,0,19,0,1,1,0,7,1,0.233333333,"sa3067660"
"Yassel Garcia","ATL","DSL",17,20,63,88,9,7,1,1,0,13,8,23,0,13,2,0,0,1,8,2,0.142857142,"sa3067661"
"Carlos Garcia","TOR","DSL",18,13,32,39,6,6,0,0,0,3,3,7,0,8,0,0,0,3,0,0,0.1875,"sa3067662"
"Anderson Araujo","PHI","DSL",17,23,78,93,19,10,5,0,4,17,12,11,1,22,3,1,0,1,6,4,0.243589743,"sa3067663"
"Gabriel Azocar","PHI","DSL",17,19,67,79,10,9,0,1,0,8,5,8,0,21,3,0,0,1,0,0,0.149253731,"sa3067664"
"Nieves Izaguirre","PHI","DSL",17,22,68,87,16,13,2,1,0,14,6,15,0,24,3,1,0,1,7,2,0.235294117,"sa3067665"
"Elias Marrero","PHI","DSL",17,17,55,65,10,10,0,0,0,7,2,7,0,20,3,0,0,1,1,1,0.181818181,"sa3067666"
"Domingo Morla","PHI","DSL",17,23,77,85,12,5,4,0,3,10,13,7,0,29,0,1,0,1,0,1,0.155844155,"sa3067667"
"Rafael Oropeza","PHI","DSL",17,21,65,76,14,9,5,0,0,12,4,9,0,16,2,0,0,0,1,0,0.215384615,"sa3067668"
"Samuel Salcedo","PHI","DSL",17,24,67,80,10,6,3,0,1,10,11,8,0,17,3,1,1,0,1,0,0.149253731,"sa3067669"
"Elian Adames","PHI","DSL",17,22,78,88,19,17,1,1,0,7,10,8,0,30,1,1,0,1,4,2,0.243589743,"sa3067670"
"Dayber Cruceta","PHI","DSL",17,18,61,77,13,9,3,1,0,8,9,14,0,17,2,0,0,2,5,2,0.213114754,"sa3067671"
"Eduardo Guillen","PHI","DSL",17,23,69,82,16,7,5,2,2,9,7,7,0,22,6,0,0,1,9,3,0.231884057,"sa3067672"
"Cesar Paredes","LAA","DSL",17,22,66,89,13,9,4,0,0,13,7,20,0,16,2,1,0,3,12,3,0.196969696,"sa3067673"
"Elian Pena","NYM","DSL",17,25,75,99,17,9,5,0,3,18,15,17,0,15,3,2,0,1,7,1,0.226666666,"sa3067674"
"Josuar De Jesus Gonzalez","SFG","DSL",17,24,92,109,23,16,6,1,0,26,8,17,0,20,0,0,0,1,16,1,0.25,"sa3067675"
"Kendry Martinez","SEA","DSL",17,22,63,76,10,9,1,0,0,8,7,11,0,25,2,0,0,2,0,2,0.158730158,"sa3067676"
"Kevin Alvarez","HOU","DSL",17,23,77,88,26,17,6,1,2,14,20,7,0,10,4,0,0,2,4,3,0.337662337,"sa3067677"
"Dorian Soto","BOS","DSL",17,24,91,101,31,22,5,2,2,16,14,6,0,14,0,3,1,1,1,4,0.34065934,"sa3067678"
"Juan Cabada","CHC","DSL",17,21,70,87,21,14,5,0,2,12,16,9,0,19,8,0,0,2,13,2,0.3,"sa3067679"
"Mani Cedeno","NYY","DSL",16,23,77,99,15,12,2,1,0,21,8,17,0,33,5,0,0,2,3,1,0.194805194,"sa3067680"
"Ayden Johnson","OAK","DSL",17,21,53,76,11,9,2,0,0,16,6,18,0,23,4,1,0,1,9,0,0.207547169,"sa3067681"
"Wilfri De La Cruz","CHC","DSL",17,18,60,74,15,9,5,1,0,9,7,14,0,16,0,0,0,0,5,4,0.25,"sa3067682"
"Maykel Coret","TBR","DSL",17,15,56,68,17,14,2,0,1,13,7,10,0,12,1,1,0,1,2,0,0.303571428,"sa3067683"
"Yorger Bautista","SEA","DSL",17,26,93,106,23,11,5,1,6,19,13,9,0,25,3,0,0,1,1,0,0.247311827,"sa3067684"
"Warel Solano","TBR","DSL",17,23,89,99,23,18,5,0,0,13,16,8,0,19,2,0,0,2,1,3,0.258426966,"sa3067685"
"Brayan Cortesia","WSN","DSL",17,12,42,49,21,19,2,0,0,8,7,5,0,3,2,0,0,0,11,6,0.5,"sa3067686"
"Larry Suero","COL","DSL",17,24,82,106,15,10,3,0,2,13,9,14,0,23,9,1,0,0,4,1,0.182926829,"sa3067687"
"Breyson Guedez","OAK","DSL",17,25,79,88,30,24,5,0,1,18,13,9,0,11,0,0,0,3,3,1,0.379746835,"sa3067688"
"Santiago Leon","MIN","DSL",17,22,74,98,13,11,2,0,0,21,7,19,0,27,3,2,0,1,3,3,0.175675675,"sa3067689"
"Carlos Taveras","MIN","DSL",17,18,57,72,14,8,3,1,2,15,13,13,0,15,1,1,0,0,2,1,0.245614035,"sa3067690"
"Deivid Coronil","SDP","DSL",17,25,79,103,18,15,2,1,0,15,8,17,0,28,5,1,1,0,2,0,0.227848101,"sa3067691"
"Haritzon Castillo","MIN","DSL",17,22,76,97,23,15,4,3,1,21,21,18,0,14,2,1,0,0,6,2,0.302631578,"sa3067692"
"Jhoan De La Cruz","SDP","DSL",17,25,66,97,14,11,2,1,0,15,6,23,0,23,8,0,0,0,4,2,0.212121212,"sa3067693"
"Heins Brito","CLE","DSL",17,21,81,98,17,11,3,1,2,14,15,13,0,18,1,3,0,2,7,0,0.209876543,"sa3067694"
"Elian De La Cruz","ARI","DSL",17,16,54,64,13,11,1,0,1,7,7,9,0,14,1,0,0,1,5,0,0.24074074,"sa3067695"
"Raymer Medina","TBR","DSL",17,17,59,68,15,11,2,2,0,8,12,9,0,18,0,0,0,3,3,0,0.254237288,"sa3067696"
"Elorky Rodriguez","TEX","DSL",17,23,91,116,29,21,5,0,3,23,28,22,0,18,2,1,0,0,6,1,0.318681318,"sa3067697"
"Juan Brima","ARI","DSL",17,22,70,93,18,14,4,0,0,13,13,18,0,22,1,4,0,1,2,3,0.257142857,"sa3067698"
"Hiverson Lopez","CLE","DSL",17,22,89,95,18,16,1,1,0,8,9,4,0,26,1,1,0,2,1,0,0.202247191,"sa3067699"
"Jhomnardo Reyes","MIN","DSL",17,23,86,97,24,17,3,3,1,12,14,8,0,28,1,2,0,0,4,3,0.279069767,"sa3067700"
"Kenly Hunter","STL","DSL",17,16,63,75,20,18,0,2,0,18,8,8,0,6,4,0,0,1,10,0,0.317460317,"sa3067701"
"Alejandro Cruz","CHW","DSL",18,20,55,69,10,6,3,0,1,15,7,12,0,18,2,0,0,2,3,1,0.181818181,"sa3067702"
"Teilon Serrano","MIN","DSL",17,24,92,108,27,17,6,2,2,23,10,13,0,23,2,1,0,2,10,2,0.29347826,"sa3067703"
"Romeli Espinosa","PHI","DSL",17,18,67,72,20,16,2,2,0,12,3,1,0,16,4,0,0,0,4,4,0.298507462,"sa3067704"
"Harold Rivas","BOS","DSL",17,24,71,94,16,12,3,1,0,18,5,22,0,15,0,1,0,1,7,2,0.225352112,"sa3067705"
"Enry Torres","CIN","DSL",17,15,45,59,12,12,0,0,0,7,6,12,0,5,1,0,0,1,3,1,0.266666666,"sa3067706"
"David Ortiz Jr.","TEX","DSL",17,17,44,65,3,3,0,0,0,7,2,19,0,20,2,0,0,2,0,0,0.068181818,"sa3067707"
"Juan Alva","MIA","DSL",19,23,72,97,27,19,6,1,1,19,22,19,0,16,4,2,0,2,15,1,0.375,"sa3067708"
"Franklin Primera","BOS","DSL",18,21,65,83,21,15,6,0,0,20,8,12,0,7,6,0,0,2,2,0,0.323076923,"sa3067709"
"Andruw Zambrano","BOS","DSL",19,11,27,35,8,3,3,2,0,8,3,6,0,7,2,0,0,2,0,0,0.296296296,"sa3067710"
"Antoni Urena","LAD","DSL",18,21,77,96,25,20,3,1,1,18,15,17,0,10,0,2,0,1,4,2,0.324675324,"sa3067711"
"Hendry Arvelo","LAD","DSL",18,21,61,82,16,14,1,1,0,22,7,17,0,10,3,1,0,4,6,2,0.262295081,"sa3067712"
"Stiven Marinez","NYY","DSL",17,23,70,98,20,16,3,1,0,18,9,24,0,19,2,2,0,0,13,4,0.285714285,"sa3067713"
"Carlos Benavides","DET","DSL",17,25,67,76,20,11,7,1,1,16,11,6,0,12,3,0,0,2,2,2,0.298507462,"sa3067714"
"Marconi German","WSN","DSL",17,26,76,111,21,12,4,0,5,24,15,23,0,17,11,1,0,0,17,5,0.276315789,"sa3067715"
"Edgardo Figueroa","WSN","DSL",17,17,55,61,15,9,3,0,3,6,7,3,0,17,2,1,0,1,2,1,0.272727272,"sa3067716"
"Emmanuel Cedeno","TBR","DSL",17,24,82,107,22,19,3,0,0,19,10,22,0,10,1,0,2,1,6,1,0.268292682,"sa3067717"
"Fredderick Ovalle","PIT","DSL",18,23,59,72,16,13,3,0,0,12,9,11,0,14,1,0,1,1,15,2,0.27118644,"sa3067718"
"Adrian Tusen","WSN","DSL",17,9,14,18,1,1,0,0,0,3,0,4,1,7,0,0,0,0,2,1,0.071428571,"sa3067719"
"Gabriel Rodriguez","PIT","DSL",17,21,55,72,13,9,4,0,0,11,3,13,0,28,4,0,0,0,6,1,0.236363636,"sa3067720"
"Sandy Presbot","MIA","DSL",17,24,81,101,24,18,4,1,1,17,19,12,0,20,4,4,0,0,16,4,0.296296296,"sa3067721"
"Jose Pitre","ARI","DSL",17,16,38,53,4,3,1,0,0,5,4,11,0,4,2,1,1,1,1,2,0.105263157,"sa3067722"
"Limanol Payero","PIT","DSL",17,16,41,51,5,2,3,0,0,5,4,8,0,20,2,0,0,0,2,1,0.121951219,"sa3067723"
"Johan Machado","MIA","DSL",17,25,96,112,31,21,7,3,0,23,13,13,0,20,2,1,0,2,16,5,0.322916666,"sa3067724"
"Giomar Ubiera","NYM","DSL",17,20,50,70,13,9,3,0,1,9,8,17,0,16,2,1,0,1,7,4,0.26,"sa3067725"
"Esnaider Vargas","WSN","DSL",17,16,44,49,12,9,2,0,1,6,2,4,0,11,1,0,0,1,3,0,0.272727272,"sa3067726"
"Yoander Santana","PIT","DSL",17,18,60,67,17,10,4,1,2,10,11,5,0,13,2,0,0,1,4,3,0.283333333,"sa3067727"
"Luis Garcia","CLE","DSL",17,22,69,88,15,7,7,1,0,10,14,17,0,15,0,2,0,3,2,1,0.217391304,"sa3067728"
"Eybert Sanchez","ARI","DSL",17,27,87,109,25,23,1,1,0,26,12,20,0,16,1,1,0,1,9,3,0.287356321,"sa3067729"
"Jose Barrios","MIN","DSL",17,13,38,45,7,5,0,1,1,9,5,5,0,11,0,1,1,0,2,1,0.184210526,"sa3067730"
"Anthony Abreu","MIA","DSL",17,24,77,101,20,8,3,3,6,27,18,21,0,31,3,0,0,0,3,2,0.259740259,"sa3067731"
"Sebastian Dos Santos","STL","DSL",17,17,62,74,19,9,7,2,1,18,12,11,0,18,1,0,0,1,3,1,0.306451612,"sa3067732"
"Ronny Suarez","ARI","DSL",17,18,51,62,10,6,3,1,0,10,6,9,0,16,1,1,0,0,5,3,0.196078431,"sa3067733"
"Daniel Hernandez","WSN","DSL",17,22,72,78,15,11,4,0,0,11,6,5,0,7,1,0,0,3,1,0,0.208333333,"sa3067734"
"Hyun Seung Lee","PIT","DSL",17,21,58,78,10,7,3,0,0,13,5,18,0,16,1,0,1,0,5,3,0.172413793,"sa3067735"
"Victor Santana","ARI","DSL",17,24,76,97,22,17,4,0,1,17,11,17,0,8,2,1,0,1,0,0,0.289473684,"sa3067736"
"Angel De Los Santos","DET","DSL",17,2,4,6,1,1,0,0,0,1,0,2,0,2,0,0,0,0,1,1,0.25,"sa3067737"
"Alam Bruno","ARI","DSL",17,9,31,40,4,3,1,0,0,2,7,7,0,10,0,2,0,1,0,0,0.129032258,"sa3067738"
"Aaron Salazar","MIN","DSL",17,20,59,73,11,9,2,0,0,10,10,11,0,25,2,1,0,0,1,0,0.186440677,"sa3067739"
"Sterling Bazil","DET","DSL",17,24,69,84,10,8,1,0,1,10,8,14,1,22,0,1,0,0,9,2,0.144927536,"sa3067740"
"Elias Reyno","ATL","DSL",17,18,64,78,11,7,4,0,0,5,8,9,0,26,3,2,0,0,7,3,0.171875,"sa3067741"
"Jose Ramirez","DET","DSL",17,25,84,98,22,17,3,1,1,17,8,7,0,12,6,1,0,2,7,1,0.261904761,"sa3067742"
"Victor Marquez","PIT","DSL",17,15,39,57,11,9,0,0,2,14,13,14,0,7,1,2,1,1,8,0,0.282051282,"sa3067743"
"Luis Galan","CLE","DSL",16,18,57,71,14,12,1,1,0,12,4,11,0,13,3,0,0,1,2,1,0.245614035,"sa3067744"
"Malvin Fernandez","ATL","DSL",16,17,52,65,9,6,3,0,0,8,3,11,0,17,2,0,0,1,2,0,0.173076923,"sa3067745"
"Nicolas Barrios","MIL","DSL",17,14,43,52,8,5,1,1,1,6,7,5,0,8,3,1,0,0,4,2,0.186046511,"sa3067746"
"Yovanny Duran","MIN","DSL",17,19,63,76,22,17,2,3,0,15,10,9,0,15,4,0,0,0,12,4,0.349206349,"sa3067747"
"Freilyn Rodriguez","CLE","DSL",17,20,79,93,16,13,3,0,0,21,7,12,0,18,0,2,0,0,3,1,0.202531645,"sa3067748"
"Eryks Rivero","MIL","DSL",17,25,68,96,10,8,1,0,1,11,3,25,0,29,3,0,0,2,1,0,0.147058823,"sa3067749"
"Miguel Hernandez","STL","DSL",17,22,83,107,22,16,3,1,2,22,17,18,0,24,5,1,0,2,11,4,0.26506024,"sa3067750"
"Isais Chavez","MIL","DSL",17,17,56,66,12,5,4,0,3,13,9,6,0,23,4,0,0,0,5,0,0.214285714,"sa3067751"
"Juan Rujano","STL","DSL",17,20,71,87,18,11,5,0,2,17,14,12,0,17,4,0,0,3,2,1,0.253521126,"sa3067752"
"Yilver De Paula","LAA","DSL",17,10,31,40,12,11,0,0,1,10,7,7,0,6,2,0,0,0,6,3,0.387096774,"sa3067753"
"Fernando Lara","CHC","DSL",17,12,38,46,0,0,0,0,0,2,2,6,0,24,1,1,0,0,0,0,0,"sa3067754"
"Adrian Valdez","BOS","DSL",17,20,59,71,13,7,6,0,0,10,5,9,0,22,3,0,0,0,1,0,0.220338983,"sa3067755"
"Miguel Caraballo","SFG","DSL",16,22,69,87,18,11,3,0,4,20,16,13,0,21,5,0,0,1,4,0,0.260869565,"sa3067756"
"Eliezer Alfonzo","BOS","DSL",17,23,79,95,18,17,1,0,0,23,12,13,0,19,1,2,0,4,16,1,0.227848101,"sa3067757"
"Juan Tomas","CHC","DSL",17,21,62,85,8,4,2,2,0,9,9,21,0,28,0,2,0,0,5,3,0.129032258,"sa3067758"
"Luis Sanchez","CHC","DSL",17,17,46,65,8,4,1,3,0,7,7,15,0,16,4,0,0,0,5,2,0.173913043,"sa3067759"
"Jose Carrillo","CHC","DSL",18,10,26,31,7,4,3,0,0,4,3,2,0,8,2,0,0,1,3,0,0.269230769,"sa3067760"
"Lester Suarez","BOS","DSL",16,16,45,55,6,5,0,0,1,3,4,5,0,12,5,0,0,3,0,0,0.133333333,"sa3067761"
"Joyner Perez","MIN","DSL",17,2,4,5,0,0,0,0,0,0,1,1,0,0,0,0,0,0,0,0,0,"sa3067762"
"Luis Abreu","CHC","DSL",17,15,47,59,9,7,1,1,0,6,5,9,0,14,2,1,0,0,7,2,0.191489361,"sa3067763"
"Jefer Lista","MIL","DSL",17,26,88,113,26,25,1,0,0,18,16,15,0,16,8,2,0,2,7,1,0.295454545,"sa3067764"
"Omar Guadamuz","CIN","DSL",17,13,35,44,5,3,2,0,0,4,7,7,0,17,2,0,0,1,4,0,0.142857142,"sa3067765"
"Matthew Moses","MIL","DSL",17,16,52,57,10,3,6,0,1,4,6,3,0,9,0,1,0,1,0,1,0.192307692,"sa3067766"
"Luis Arana","MIA","DSL",17,24,81,105,29,20,5,2,2,26,19,19,0,3,4,1,0,1,23,3,0.358024691,"sa3067767"
"Kadil Rubio","TBR","DSL",17,25,81,100,14,13,1,0,0,17,5,7,0,18,10,1,1,2,5,0,0.172839506,"sa3067768"
"Anthony Millan","HOU","DSL",17,22,70,88,19,13,3,2,1,12,14,14,0,23,3,1,0,0,5,1,0.271428571,"sa3067769"
"Yelinson Betances","LAA","DSL",17,21,46,54,5,4,0,1,0,4,8,6,0,14,1,0,1,2,2,0,0.108695652,"sa3067770"
"Juan Rojas","HOU","DSL",17,24,70,98,22,18,2,1,1,20,16,23,0,20,3,2,0,0,6,4,0.314285714,"sa3067771"
"Diego Munoz","CIN","DSL",17,16,32,56,5,2,2,0,1,12,6,19,0,9,5,0,0,1,3,1,0.15625,"sa3067772"
"Junior Suriel","LAA","DSL",16,21,57,62,14,11,3,0,0,8,6,3,0,4,1,0,1,2,3,0,0.245614035,"sa3067773"
"Geomaikel Martinez","BOS","DSL",17,21,66,73,18,16,1,1,0,7,8,6,0,13,1,0,0,0,5,2,0.272727272,"sa3067774"
"Anderson Areinamo","HOU","DSL",18,26,90,106,31,20,6,0,5,26,16,13,0,18,2,0,1,2,10,0,0.344444444,"sa3067775"
"Freiker Betencourt","CHC","DSL",16,21,74,93,21,14,4,3,0,16,8,16,0,13,2,1,0,0,6,4,0.283783783,"sa3067776"
"Jhonny Osta","BOS","DSL",17,12,40,44,7,5,2,0,0,3,7,4,0,3,0,0,0,1,2,0,0.175,"sa3067777"
"Jeury Ramirez","CHC","DSL",17,11,32,39,7,3,0,2,2,7,4,6,0,13,1,0,0,1,4,0,0.21875,"sa3067778"
"Sandor Feliciano","CIN","DSL",17,16,56,64,13,9,3,1,0,6,5,5,0,15,3,0,0,0,2,0,0.232142857,"sa3067779"
"Elerick Gomez","CHC","DSL",17,14,39,50,5,5,0,0,0,6,0,9,0,14,2,0,0,1,5,0,0.128205128,"sa3067780"
"Anthony Santa Cruz de Oviedo","LAA","DSL",18,23,72,86,19,13,4,1,1,13,15,11,1,11,1,2,0,3,1,0,0.263888888,"sa3067781"
"Isaac Garcia","CIN","DSL",17,19,54,68,11,7,2,2,0,7,6,9,0,6,5,0,0,1,2,1,0.203703703,"sa3067782"
"Hector Ramos","BOS","DSL",17,26,85,107,23,14,6,1,2,22,14,18,0,24,3,1,0,0,1,0,0.270588235,"sa3067783"
"Yojancel Cabrera","LAA","DSL",17,24,80,92,24,15,7,1,1,14,13,9,0,20,3,0,0,1,4,1,0.3,"sa3067784"
"Jesus Perez","MIA","DSL",17,22,73,87,15,11,0,0,4,16,10,10,0,18,3,1,0,2,6,1,0.205479452,"sa3067785"
"Jose Martinez","CIN","DSL",17,16,43,53,12,11,1,0,0,12,3,9,0,13,0,0,1,1,5,2,0.279069767,"sa3067786"
"Francis Sosa","MIL","DSL",17,22,66,83,13,6,3,0,4,9,9,13,0,28,3,0,0,0,6,3,0.196969696,"sa3067787"
"Luis Santos","CHC","DSL",17,13,43,50,12,8,3,1,0,10,4,7,0,14,0,0,0,0,8,1,0.279069767,"sa3067788"
"Manuel Almeida","SEA","DSL",17,16,49,51,10,6,0,0,4,6,6,2,0,15,0,0,0,2,0,0,0.204081632,"sa3067789"
"Marcos Belen","CLE","DSL",18,21,69,91,13,11,2,0,0,10,9,19,0,21,1,1,1,0,11,4,0.188405797,"sa3067790"
"Rainer Espinoza","SFG","DSL",16,17,42,56,5,4,0,0,1,10,8,11,0,15,3,0,0,1,2,0,0.119047619,"sa3067791"
"Pablo Martinez","HOU","DSL",17,26,86,106,21,15,5,1,0,18,10,18,0,14,2,0,0,1,8,2,0.244186046,"sa3067792"
"Abel Pena","CIN","DSL",17,17,53,64,12,10,2,0,0,7,7,5,0,15,4,2,0,2,0,0,0.226415094,"sa3067793"
"Elias Perez","SEA","DSL",17,21,67,74,14,10,3,1,0,16,9,6,0,13,1,0,0,0,2,1,0.208955223,"sa3067794"
"Luis Hernandez","PHI","DSL",17,19,56,70,5,3,2,0,0,5,4,11,0,28,3,0,0,1,0,0,0.089285714,"sa3067795"
"Miguel Welch","BOS","DSL",17,17,58,62,15,9,6,0,0,5,7,4,0,8,0,0,0,0,2,3,0.258620689,"sa3067796"
"Krishan Ulacio","BOS","DSL",17,13,33,40,7,4,2,0,1,4,6,5,0,11,0,1,0,0,0,0,0.212121212,"sa3067797"
"Cristian Montilla","MIL","DSL",17,20,60,73,8,8,0,0,0,12,5,10,0,14,1,2,0,5,3,1,0.133333333,"sa3067798"
"Jhorman Bravo","BOS","DSL",17,23,73,87,16,14,0,1,1,11,11,12,0,3,0,2,0,0,9,2,0.219178082,"sa3067799"
"Diego Rondon","LAA","DSL",17,11,29,36,9,9,0,0,0,4,4,4,0,8,3,0,0,0,1,1,0.310344827,"sa3067800"
"Sebastian Blanco","COL","DSL",17,26,97,122,36,30,4,2,0,32,15,15,0,23,6,2,2,0,5,2,0.37113402,"sa3067801"
"Saul Ramirez","CHC","DSL",19,18,51,65,11,8,2,0,1,9,7,12,0,13,1,1,0,2,5,2,0.215686274,"sa3067802"
"Kamuel Villar","COL","DSL",17,20,74,85,21,15,3,3,0,8,12,8,0,21,1,1,1,0,2,4,0.283783783,"sa3067803"
"Jose M. Mendoza","CHW","DSL",17,13,36,38,12,10,2,0,0,4,4,2,0,5,0,0,0,3,1,0,0.333333333,"sa3067804"
"Oliver Guerrero","TEX","DSL",17,21,82,94,19,16,0,1,2,20,10,11,0,21,1,0,0,0,2,0,0.231707317,"sa3067805"
"Wandi Feliz","COL","DSL",17,25,92,105,18,12,2,2,2,17,14,11,0,32,1,1,0,2,4,3,0.195652173,"sa3067806"
"Meykel Baro","BAL","DSL",16,23,71,96,11,8,0,1,2,16,14,18,0,34,5,1,1,1,8,1,0.154929577,"sa3067807"
"Saivel Zayas","TEX","DSL",17,23,99,110,28,20,6,0,2,17,22,7,0,23,3,1,0,4,7,1,0.282828282,"sa3067808"
"Bryan Rodriguez","COL","DSL",17,10,26,34,7,6,0,0,1,3,8,3,0,3,3,1,1,1,0,0,0.269230769,"sa3067809"
"Orlando Patino","CHW","DSL",17,12,40,49,6,4,2,0,0,9,4,7,0,15,1,1,0,0,1,0,0.15,"sa3067810"
"Raul Pereira","TEX","DSL",17,5,14,15,5,4,1,0,0,1,3,0,0,2,1,0,0,0,0,1,0.357142857,"sa3067811"
"Yeison Acosta","BAL","DSL",17,20,47,63,8,6,1,1,0,5,7,12,0,16,4,0,0,3,1,1,0.170212765,"sa3067812"
"Jhonger Ochoa","DET","DSL",17,24,67,86,17,13,4,0,0,13,9,12,0,21,7,0,0,1,6,2,0.253731343,"sa3067813"
"Daniel Rodriguez","TEX","DSL",17,23,76,112,21,18,2,1,0,23,12,32,0,21,2,2,0,1,6,2,0.276315789,"sa3067814"
"Manuel Campos","ATL","DSL",17,24,94,112,21,16,3,1,1,20,11,12,0,22,5,1,0,2,6,2,0.223404255,"sa3067815"
"Jhon Simon","TEX","DSL",17,22,85,101,25,17,7,0,1,9,16,14,0,17,2,0,0,1,0,0,0.294117647,"sa3067816"
"Israel Alvarez","CLE","DSL",17,19,67,83,14,12,1,1,0,16,11,11,0,15,4,1,0,2,0,0,0.208955223,"sa3067817"
"Ronald Terrero","BAL","DSL",17,15,31,42,7,6,1,0,0,7,1,9,0,7,2,0,0,0,4,2,0.225806451,"sa3067818"
"Jose Riera","CLE","DSL",17,22,78,93,21,13,4,1,3,16,9,11,0,14,4,0,0,3,7,3,0.269230769,"sa3067819"
"Carlos Torres","TEX","DSL",17,22,91,96,34,24,8,2,0,15,15,4,0,11,1,0,0,1,0,0,0.373626373,"sa3067820"
"Wesly Castillo","TEX","DSL",17,23,95,105,30,22,8,0,0,15,18,6,0,12,4,0,0,2,6,0,0.315789473,"sa3067821"
"Rodny Rosario","CLE","DSL",17,22,85,104,20,14,3,1,2,21,11,17,0,21,2,0,0,1,3,2,0.235294117,"sa3067822"
"Fabian Dorta","DET","DSL",17,13,33,39,9,6,3,0,0,5,7,5,0,5,0,1,0,1,3,0,0.272727272,"sa3067823"
"Gustavo Baptista","CLE","DSL",17,21,60,94,14,10,2,1,1,27,9,27,0,18,7,0,0,2,3,0,0.233333333,"sa3067824"
"Rayner Herrera","BAL","DSL",17,17,58,71,11,7,1,1,2,9,12,11,0,18,2,0,0,1,8,2,0.189655172,"sa3067825"
"Lisandro Sanchez","BAL","DSL",17,23,75,88,21,15,4,1,1,10,12,12,0,26,0,0,1,1,6,6,0.28,"sa3067826"
"Rosniell De Paula","COL","DSL",16,25,80,101,15,9,6,0,0,13,5,18,0,23,2,0,1,1,1,4,0.1875,"sa3067827"
"Enny Rodriguez","DET","DSL",17,15,39,52,8,7,0,1,0,9,2,12,0,12,0,1,0,1,0,0,0.205128205,"sa3067828"
"Kaden Hernandez","SDP","DSL",17,14,23,31,4,3,1,0,0,5,3,7,0,4,1,0,0,2,0,0,0.173913043,"sa3067829"
"Luis Leon","CHC","DSL",17,15,51,58,12,7,3,0,2,11,4,5,0,12,2,0,0,0,4,2,0.235294117,"sa3067830"
"Brainerh Palacios","TBR","DSL",17,21,81,92,18,16,2,0,0,6,9,10,0,19,0,1,0,3,4,1,0.222222222,"sa3067831"
"Jhostin Genao","TEX","DSL",17,18,58,65,12,9,1,0,2,9,9,4,0,14,0,2,1,1,3,1,0.206896551,"sa3067832"
"Enmanuel Figuereo","BOS","DSL",17,12,28,41,6,5,1,0,0,7,5,11,0,7,2,0,0,0,2,2,0.214285714,"sa3067833"
"Yordani Soto","CHW","DSL",16,19,54,68,17,14,3,0,0,10,11,13,0,11,1,0,0,0,12,4,0.314814814,"sa3067834"
"Robert Alvarez","CLE","DSL",17,17,60,67,7,6,1,0,0,5,5,6,0,16,0,1,0,0,0,0,0.116666666,"sa3067835"
"Frank Mieses","CHW","DSL",17,21,62,79,19,16,2,0,1,11,11,14,0,18,1,2,0,1,4,2,0.306451612,"sa3067836"
"Howard Reyes","DET","DSL",17,10,23,31,5,1,2,1,1,6,4,4,0,9,4,0,0,0,0,2,0.217391304,"sa3067837"
"Dave Neely","TEX","DSL",18,17,34,46,8,7,1,0,0,7,4,12,0,14,0,0,0,1,5,4,0.235294117,"sa3067838"
"Santiago Almao","TEX","DSL",17,25,83,102,25,17,4,2,2,24,15,17,0,10,1,1,0,0,5,1,0.301204819,"sa3067839"
"Jord David Diaz","TEX","DSL",17,18,64,74,18,17,1,0,0,17,6,6,0,14,4,0,0,1,5,1,0.28125,"sa3067840"
"Alan Escobar","CHW","DSL",16,17,50,55,7,5,2,0,0,5,7,5,0,11,0,0,0,3,0,0,0.14,"sa3067841"
"Jesus Ortega","KCR","DSL",17,22,58,75,8,7,1,0,0,13,5,16,0,11,1,0,0,3,5,3,0.137931034,"sa3067842"
"Elaineiker Coronado",,"DSL",17,26,85,118,24,22,2,0,0,11,12,30,0,16,3,0,0,0,2,1,0.282352941,"sa3067843"
"Luis Felipe",,"DSL",18,25,68,86,16,12,3,1,0,12,11,15,0,23,0,3,0,1,2,0,0.235294117,"sa3067844"
"Yeicer Crespo","TOR","DSL",17,10,24,30,4,3,0,0,1,3,1,6,0,13,0,0,0,1,0,1,0.166666666,"sa3067845"
"Alan Angulo","KCR","DSL",17,23,84,91,21,15,2,4,0,11,17,5,0,6,1,0,1,3,1,1,0.25,"sa3067846"
"Yoelvis Betancourt","ATL","DSL",17,14,41,55,9,7,2,0,0,9,8,9,0,4,4,1,0,1,0,1,0.219512195,"sa3067847"
"Keegan Pieternella",,"DSL",17,12,26,33,7,6,1,0,0,8,2,6,1,8,1,0,0,0,0,0,0.269230769,"sa3067848"
"Ruben Castillo","NYY","DSL",17,22,88,100,19,9,4,3,3,15,10,8,0,30,4,0,0,0,10,3,0.21590909,"sa3067849"
"Leudy Arache","COL","DSL",17,23,73,93,19,12,4,2,1,18,10,17,0,23,1,1,1,0,4,1,0.260273972,"sa3067850"
"Richer Mata","KCR","DSL",17,18,48,62,5,5,0,0,0,4,1,13,0,19,1,0,0,1,4,2,0.104166666,"sa3067851"
"Moises Acacio","LAD","DSL",17,14,37,47,7,4,3,0,0,11,9,7,0,8,2,1,0,2,2,0,0.189189189,"sa3067852"
"Luis Morejon","COL","DSL",17,26,87,108,25,17,3,1,4,20,13,17,0,17,4,0,0,1,7,2,0.287356321,"sa3067853"
"Elian Reyes","TOR","DSL",16,14,37,47,5,4,1,0,0,4,2,9,0,14,1,0,0,1,0,0,0.135135135,"sa3067854"
"Luis Steven King","KCR","DSL",17,21,56,71,14,8,6,0,0,10,7,9,0,15,4,1,0,0,3,1,0.25,"sa3067855"
"Ishel Comenencia","COL","DSL",17,12,36,45,5,5,0,0,0,5,6,7,0,16,0,2,0,2,2,0,0.138888888,"sa3067856"
"Daniel Dominguez","TOR","DSL",17,25,72,86,12,10,0,1,1,12,2,12,0,22,2,0,0,1,0,0,0.166666666,"sa3067857"
"Jose Rivas","LAD","DSL",17,15,44,53,11,10,1,0,0,6,6,7,0,9,1,1,0,1,3,0,0.25,"sa3067858"
"Leni Done","NYY","DSL",18,19,62,76,16,13,2,0,1,9,13,10,0,9,4,0,0,2,6,2,0.258064516,"sa3067859"
"Johan Rodriguez","ATL","DSL",17,16,56,62,15,13,1,0,1,5,8,5,0,5,0,1,0,3,3,0,0.267857142,"sa3067860"
"Eddinson Charles","NYY","DSL",17,12,37,41,7,5,1,0,1,7,4,2,0,27,2,0,0,0,2,0,0.189189189,"sa3067861"
"Isaias Castillo","NYY","DSL",17,14,44,54,14,8,3,2,1,9,12,10,0,14,0,0,0,1,9,0,0.318181818,"sa3067862"
"Alejandro Guerrero","KCR","DSL",17,22,63,74,10,8,1,1,0,6,5,7,0,33,3,0,1,0,4,0,0.158730158,"sa3067863"
"Carlos Bello","NYY","DSL",17,22,71,93,21,12,5,1,3,22,19,17,0,24,4,1,0,2,7,1,0.295774647,"sa3067864"
"Juan Macero","LAD","DSL",17,24,84,100,22,16,5,0,1,19,13,11,0,11,3,1,1,0,7,3,0.261904761,"sa3067865"
"Lewis German","KCR","DSL",17,24,76,86,17,12,3,0,2,15,13,8,0,25,1,0,0,2,11,0,0.22368421,"sa3067866"
"Jayln Pinder","TEX","DSL",17,24,86,106,26,19,5,1,1,19,8,10,0,31,8,1,1,1,8,4,0.302325581,"sa3067867"
"Cesar Acosta","NYM","DSL",16,13,39,44,8,2,3,1,2,6,8,5,0,13,0,0,0,0,0,1,0.205128205,"sa3067868"
"Sebastian Pena","SDP","DSL",17,22,67,73,14,11,2,1,0,16,6,6,0,10,0,0,0,1,1,1,0.208955223,"sa3067869"
"Hector Francis","NYM","DSL",17,13,28,31,3,3,0,0,0,2,1,3,0,12,0,0,0,1,0,0,0.107142857,"sa3067870"
"Carlos Mota","COL","DSL",17,23,82,101,14,13,1,0,0,13,7,8,0,31,9,2,0,1,1,0,0.170731707,"sa3067871"
"Arlenn Manzanillo","ATL","DSL",17,17,61,74,8,6,1,0,1,10,7,11,0,17,2,0,0,2,1,0,0.13114754,"sa3067872"
"Yonaiker Hernandez","SDP","DSL",17,16,49,54,13,11,2,0,0,2,10,4,0,9,1,0,0,2,1,1,0.265306122,"sa3067873"
"Darwin Nunez","TOR","DSL",17,25,69,88,17,15,2,0,0,8,10,17,0,13,1,0,1,1,2,1,0.246376811,"sa3067874"
"Fraimy Santa","TEX","DSL",17,22,73,89,18,12,5,1,0,13,9,15,0,22,1,0,0,3,1,1,0.246575342,"sa3067875"
"Christian Colon","HOU","DSL",17,14,38,44,6,6,0,0,0,5,1,6,0,13,0,0,0,1,2,0,0.157894736,"sa3067876"
"Marco Argudin","TEX","DSL",19,24,92,113,37,27,7,1,2,23,23,17,0,8,3,1,0,1,12,2,0.402173913,"sa3067877"
"Nauris De La Cruz","WSN","DSL",17,19,58,74,16,11,2,1,2,11,9,14,0,10,1,1,0,1,9,3,0.275862068,"sa3067878"
"Abraham Bastidas","SDP","DSL",18,22,54,70,20,14,6,0,0,12,12,12,0,15,3,1,0,0,0,0,0.37037037,"sa3067879"
"Cristian Benavides","SDP","DSL",17,20,46,54,6,3,3,0,0,7,3,7,0,20,1,0,0,0,0,1,0.130434782,"sa3067880"
"Jose Flores","BAL","DSL",17,11,28,36,3,1,2,0,0,3,4,5,0,8,1,0,2,1,1,0,0.107142857,"sa3067881"
"Sami Manzueta","HOU","DSL",16,22,63,87,13,8,3,0,2,10,10,20,1,18,3,1,0,0,5,3,0.206349206,"sa3067882"
"Cesar Garcia","MIA","DSL",17,20,50,70,11,7,1,2,1,13,12,17,0,20,3,0,0,0,2,2,0.22,"sa3067883"
"Starlin Mieses","BAL","DSL",17,20,50,68,12,9,2,1,0,11,5,13,0,20,3,0,2,1,6,3,0.24,"sa3067884"
"Yeider Mindiola","NYM","DSL",18,18,46,61,11,7,2,0,2,7,8,11,0,9,3,1,0,2,6,1,0.239130434,"sa3067885"
"Santiago Figueroa","TBR","DSL",16,12,25,32,8,5,3,0,0,6,5,4,0,1,3,0,0,1,1,0,0.32,"sa3067886"
"Angel Abreu","CLE","DSL",16,22,87,96,25,21,3,0,1,15,16,7,0,11,0,1,1,0,3,0,0.287356321,"sa3067887"
"Santiago Mendoza","TBR","DSL",17,19,53,74,12,11,1,0,0,17,6,18,0,14,2,0,1,1,4,1,0.226415094,"sa3067888"
"Daniel Liriano","KCR","DSL",18,13,36,43,7,6,1,0,0,7,2,5,0,10,2,0,0,3,4,0,0.194444444,"sa3067889"
"Igor Escobar","CHW","DSL",16,14,25,35,5,4,1,0,0,7,1,8,0,12,2,0,0,0,0,0,0.2,"sa3068122"
"Samuel Teran","BAL","DSL",16,7,0,0,0,0,0,0,0,0,0,0,0,0,0,0,0,0,0,0,0,"sa3068125"
"Derik Aquino","LAD","DSL",18,9,0,0,0,0,0,0,0,0,0,0,0,0,0,0,0,0,0,0,0,"sa3068135"
"Deimer Rodriguez","BAL","DSL",17,7,0,0,0,0,0,0,0,0,0,0,0,0,0,0,0,0,0,0,0,"sa3068164"
"Gerardo Cardona","MIN","DSL",18,13,21,27,5,4,1,0,0,1,5,5,0,9,0,1,0,0,0,0,0.238095238,"sa3068169"
"Dalton Davis","SEA","CPX",24,21,78,88,29,16,10,2,1,16,10,6,0,11,4,0,0,1,5,1,0.371794871,"sa3068170"
"Omar Bustamante","DET","DSL",19,17,36,41,5,3,1,1,0,7,4,4,0,9,0,1,0,2,0,0,0.138888888,"sa3068171"
"Anthwan Brea","BAL","DSL",18,11,34,38,6,4,0,1,1,4,4,3,0,15,0,0,1,2,2,0,0.176470588,"sa3068172"
"Pablo Castillo","MIN","DSL",17,17,46,56,17,14,2,0,1,10,11,7,0,13,3,0,0,0,1,3,0.369565217,"sa3068173"
"Ramy Peralta","ARI","DSL",18,17,43,53,13,11,0,0,2,9,9,10,0,13,0,0,0,3,0,0,0.302325581,"sa3068174"
"Roiner Cespede","PHI","DSL",17,11,33,36,9,9,0,0,0,7,4,3,0,10,0,0,0,0,0,1,0.272727272,"sa3068175"
"Maykol Fernandez","PHI","DSL",17,17,40,55,9,7,0,1,1,10,5,10,0,16,5,0,0,3,2,2,0.225,"sa3068176"
"Hanley Ramirez","PIT","DSL",18,17,47,53,10,10,0,0,0,6,6,5,0,22,1,0,0,0,2,2,0.212765957,"sa3068177"
"Abel Valdes","TEX","DSL",18,14,38,55,6,6,0,0,0,8,3,15,0,14,1,1,0,1,0,0,0.157894736,"sa3068178"
"Darwing Ozuna","OAK","DSL",17,16,36,41,6,4,2,0,0,7,3,3,0,12,1,1,0,2,1,1,0.166666666,"sa3068179"
"Royelny Strop","STL","DSL",17,8,27,34,5,4,1,0,0,5,1,6,0,11,1,0,0,0,0,0,0.185185185,"sa3068180"
"Diomar Hidalgo","BOS","DSL",18,18,37,47,5,4,1,0,0,9,1,8,0,12,2,0,0,1,7,2,0.135135135,"sa3068181"
"Hendry Alcala","CHW","DSL",18,18,40,52,10,7,1,2,0,7,9,10,0,9,2,0,0,0,1,0,0.25,"sa3068182"
"Jahni McPhee","CHC","DSL",18,14,32,46,4,1,2,1,0,7,2,10,0,18,3,1,0,1,5,1,0.125,"sa3068183"
"Jhonny Chaparro","STL","DSL",18,10,32,45,7,6,0,1,0,5,9,9,0,4,2,2,0,0,1,0,0.21875,"sa3068184"
"Armstrong Muhoozi","PIT","DSL",17,11,26,27,8,5,3,0,0,7,3,0,0,8,1,0,0,0,7,2,0.307692307,"sa3068185"
"Darwin Almanzar","MIN","DSL",17,20,65,81,15,4,7,0,4,17,14,12,0,11,2,2,0,2,4,1,0.23076923,"sa3068186"
"Rony Bello","WSN","DSL",17,16,36,42,10,6,3,1,0,5,5,6,0,4,0,0,0,3,5,0,0.277777777,"sa3068187"
"Jonierbis Garces","WSN","DSL",17,20,47,62,9,6,2,0,1,9,5,13,0,18,1,1,0,1,13,2,0.191489361,"sa3068188"
"Carlos Salmeron","OAK","DSL",17,14,23,28,3,2,1,0,0,0,2,2,0,3,2,0,1,1,1,0,0.130434782,"sa3068189"
"Aiverson Barazarte","OAK","DSL",17,16,37,52,8,8,0,0,0,8,8,9,0,7,5,1,0,1,1,1,0.216216216,"sa3068190"
"Juan Elejandro","ATL","DSL",17,19,62,77,16,15,1,0,0,6,12,10,0,11,2,3,0,0,5,0,0.258064516,"sa3068191"
"Steven Herrera","MIA","DSL",17,23,73,82,14,9,4,0,1,14,9,7,0,27,1,1,0,1,2,2,0.191780821,"sa3068192"
"Roni Garcia","NYM","DSL",17,16,39,48,6,4,0,1,1,5,5,6,0,16,3,0,0,0,2,1,0.153846153,"sa3068193"
"Santiago Gil","ARI","DSL",17,11,35,38,9,4,3,2,0,6,7,2,0,9,1,0,0,1,0,0,0.257142857,"sa3068194"
"Yorber Semprun","NYM","DSL",17,18,52,66,18,10,5,2,1,14,12,12,0,10,2,0,0,0,10,1,0.346153846,"sa3068195"
"Jeshua Mendez","ARI","DSL",17,10,19,26,4,3,1,0,0,4,6,4,0,5,1,2,0,0,2,1,0.210526315,"sa3068196"
"Jesus Perez","STL","DSL",17,18,60,67,15,10,4,0,1,12,11,6,0,18,0,1,0,0,4,0,0.25,"sa3068197"
"Johanderson Tarazona","MIL","DSL",17,11,34,44,11,7,3,0,1,8,4,5,0,9,5,0,0,0,3,1,0.323529411,"sa3068198"
"Yeferson Portolatin","STL","DSL",17,17,42,77,8,4,3,0,1,20,8,32,0,9,2,1,0,0,11,2,0.19047619,"sa3068199"
"Ire Garcia","HOU","DSL",17,14,36,50,8,5,3,0,0,9,7,13,0,7,0,1,0,1,2,0,0.222222222,"sa3068200"
"Romano Donato","MIL","DSL",16,17,49,57,9,6,2,0,1,11,6,6,0,11,1,1,0,0,7,1,0.183673469,"sa3068201"
"Daonil Montero","ARI","DSL",17,12,34,38,5,4,1,0,0,3,0,2,0,13,2,0,0,0,1,0,0.147058823,"sa3068202"
"Juan Caricipe","CIN","DSL",17,15,44,56,8,6,1,1,0,9,3,10,0,18,2,0,0,0,9,1,0.181818181,"sa3068203"
"Alexander Herrera","CHC","DSL",17,12,34,42,3,2,1,0,0,0,4,7,0,12,1,0,0,0,2,1,0.088235294,"sa3068204"
"Alexander Camacaro","SFG","DSL",17,10,26,31,4,4,0,0,0,4,5,4,0,6,1,0,0,0,0,1,0.153846153,"sa3068205"
"Emilio Gonzalez","HOU","DSL",17,13,39,50,8,5,3,0,0,4,7,6,0,8,5,0,0,2,1,0,0.205128205,"sa3068206"
"Carlos Salazar","TBR","DSL",17,13,31,44,6,3,3,0,0,7,5,10,0,11,2,0,1,0,0,2,0.193548387,"sa3068207"
"Jealmy Frias","CIN","DSL",17,17,45,56,6,3,1,2,0,8,5,10,0,14,1,0,0,0,5,1,0.133333333,"sa3068208"
"Stiven De La Cruz","BOS","DSL",17,23,64,78,18,14,2,2,0,14,11,13,0,20,1,0,0,0,2,2,0.28125,"sa3068209"
"Freddy Ramos","HOU","DSL",17,16,45,51,9,8,1,0,0,9,6,2,0,14,4,0,0,0,5,2,0.2,"sa3068210"
"Deinis Chourio","CIN","DSL",16,10,32,34,7,6,1,0,0,2,2,2,0,18,0,0,0,0,1,2,0.21875,"sa3068211"
"Luis Aular","BOS","DSL",17,8,23,26,3,3,0,0,0,3,0,2,0,13,1,0,0,0,0,0,0.130434782,"sa3068212"
"Abraham Sanchez","CHC","DSL",17,13,36,38,6,4,2,0,0,4,2,1,0,12,1,0,0,1,2,0,0.166666666,"sa3068213"
"Dencer Diaz","MIN","DSL",16,14,39,44,8,7,1,0,0,6,2,5,0,6,0,0,0,1,2,1,0.205128205,"sa3068214"
"Jose De La Cruz","HOU","DSL",17,18,35,55,7,5,2,0,0,6,6,15,0,12,3,2,0,0,3,4,0.2,"sa3068215"
"Carlos Martinez","SFG","DSL",17,12,40,45,6,2,2,0,2,6,4,1,0,8,4,0,0,1,0,1,0.15,"sa3068216"
"Diego Natera","CHW","DSL",17,10,21,24,4,2,1,0,1,3,2,2,0,8,1,0,0,1,2,2,0.19047619,"sa3068217"
"Jefferson Vargas","CLE","DSL",17,22,66,81,10,9,1,0,0,14,5,14,0,22,1,0,0,2,3,1,0.151515151,"sa3068218"
"Rosnel Alarcon","TEX","DSL",17,21,74,84,24,19,4,0,1,12,11,5,0,9,5,0,0,2,3,2,0.324324324,"sa3068219"
"Victor Saez","BAL","DSL",17,13,32,38,6,6,0,0,0,3,2,5,0,9,0,0,1,1,1,0,0.1875,"sa3068220"
"Angel Roso","DET","DSL",17,14,31,34,6,3,2,1,0,5,4,3,0,7,0,0,0,1,0,2,0.193548387,"sa3068221"
"Manuel Vasquez","BAL","DSL",17,12,31,40,4,4,0,0,0,2,3,7,0,10,1,0,0,1,2,0,0.129032258,"sa3068222"
"Luis Maldonado","CHC","DSL",17,16,44,49,12,10,1,0,1,5,2,5,0,6,0,0,0,1,1,1,0.272727272,"sa3068223"
"Daniel Meza","COL","DSL",17,20,66,89,17,17,0,0,0,27,8,21,0,24,2,0,0,0,6,1,0.257575757,"sa3068224"
"Ricardo Romero","CLE","DSL",17,21,84,97,27,18,6,2,1,19,16,12,0,6,0,1,0,5,1,0,0.321428571,"sa3068225"
"Jorge Drullard","BAL","DSL",17,15,33,40,4,2,1,0,1,5,3,7,0,11,0,0,0,2,3,1,0.121212121,"sa3068226"
"Fabian Cordero","BAL","DSL",17,21,50,60,11,7,3,0,1,7,9,10,0,21,0,0,0,0,3,0,0.22,"sa3068227"
"Jhon Lucena","CHC","DSL",17,16,44,52,7,4,3,0,0,2,1,7,0,16,1,0,0,1,1,2,0.159090909,"sa3068228"
"Eliezer Adames","NYY","DSL",17,10,22,27,2,2,0,0,0,4,2,5,0,15,0,0,0,1,0,0,0.09090909,"sa3068229"
"Emmanuel Martinez","KCR","DSL",17,13,38,46,9,9,0,0,0,6,9,5,0,1,1,1,1,2,2,0,0.236842105,"sa3068230"
"Jhosman Theran","LAD","DSL",17,20,41,57,4,2,1,0,1,11,4,14,0,18,0,0,2,0,5,1,0.097560975,"sa3068231"
"Emil Martinez","TEX","DSL",17,20,73,79,13,8,4,0,1,8,5,6,0,13,0,0,0,0,3,3,0.178082191,"sa3068232"
"Devlyn Bautista","LAD","DSL",18,12,32,38,3,3,0,0,0,3,3,5,0,22,1,0,0,0,2,0,0.09375,"sa3068233"
"Roy Rivero","KCR","DSL",17,22,71,83,21,17,3,1,0,14,7,11,0,8,0,1,0,1,5,4,0.295774647,"sa3068234"
"Jhon GIl","LAD","DSL",17,17,55,69,18,12,5,0,1,17,21,12,0,10,1,1,0,0,5,0,0.327272727,"sa3068235"
"Maikol Rodriguez","SEA","DSL",18,16,39,49,2,0,2,0,0,2,3,8,0,16,1,0,1,0,1,1,0.051282051,"sa3068236"
"Michael Cordero","STL","DSL",16,14,48,58,10,6,3,0,1,8,4,9,0,21,1,0,0,0,1,0,0.208333333,"sa3068237"
"Bladimir Figueredo","TBR","DSL",17,11,25,32,7,5,1,0,1,6,5,6,0,8,0,1,0,0,1,1,0.28,"sa3068238"
"Adrian Feliz","NYY","DSL",16,12,35,36,8,7,1,0,0,7,4,1,0,7,0,0,0,0,3,2,0.228571428,"sa3068239"
"Diego Contreras","SEA","DSL",17,16,38,47,9,7,1,1,0,8,5,8,0,4,1,0,0,1,0,1,0.236842105,"sa3068240"
"Alfiery Matos","NYY","DSL",17,13,33,47,6,6,0,0,0,7,2,11,0,14,1,2,0,0,4,2,0.181818181,"sa3068241"
"Emmanuel Orozco","NYY","DSL",16,12,29,38,3,1,1,1,0,6,3,8,0,11,1,0,0,1,5,2,0.103448275,"sa3068242"
"Andy Mata","DET","DSL",17,22,50,60,11,6,5,0,0,10,4,7,0,15,2,0,1,0,7,0,0.22,"sa3068243"
"Rey Cruz","PHI","DSL",17,20,67,80,20,19,0,1,0,11,8,10,0,16,3,0,0,4,1,2,0.298507462,"sa3068244"
"Cliuver Puello","HOU","DSL",18,18,45,52,8,8,0,0,0,11,2,6,0,8,1,0,0,0,1,3,0.177777777,"sa3068245"
"Alex Rodriguez","TEX","DSL",17,21,81,92,25,21,4,0,0,5,10,8,0,13,1,1,1,2,1,1,0.308641975,"sa3068246"
"Diego Arce",,"DSL",17,18,48,68,13,9,3,0,1,12,3,13,1,18,7,0,0,0,0,0,0.270833333,"sa3068247"
"Victor Garcia","CHC","DSL",17,11,33,42,8,8,0,0,0,7,2,8,0,6,0,1,0,0,1,0,0.242424242,"sa3068328"
"Wilmer Blanca",,"DSL",18,15,36,49,3,3,0,0,0,7,5,8,0,8,5,0,0,2,0,0,0.083333333,"sa3068392"
"Steven Cruz","CLE","DSL",18,16,52,64,14,10,3,0,1,11,11,11,0,7,0,1,0,1,6,0,0.269230769,"sa3068393"
"Liordanys Menendez","LAA","DSL",17,15,35,42,7,5,1,1,0,5,2,5,0,4,2,0,0,2,7,0,0.2,"sa3068394"
"Yunior Amparo","NYM","DSL",18,22,54,69,23,17,2,1,3,18,11,11,0,6,2,2,0,1,8,1,0.425925925,"sa3068395"
"Gabriel Flores","PHI","DSL",17,14,37,52,7,5,1,0,1,6,6,6,0,12,6,3,0,0,2,2,0.189189189,"sa3068396"
"Junior Castillo","WSN","DSL",17,11,21,30,6,4,2,0,0,5,3,8,0,8,1,0,0,1,0,0,0.285714285,"sa3068397"
"Emile Torres","TBR","DSL",17,22,79,87,11,7,3,0,1,6,8,4,0,31,3,1,0,1,2,2,0.139240506,"sa3068398"
"Rodrigo Gonzalez","ARI","DSL",17,14,41,47,7,6,1,0,0,7,4,6,0,12,0,0,0,0,4,0,0.170731707,"sa3068399"
"Cristian Bonifacio","MIN","DSL",17,17,46,58,5,2,2,0,1,4,12,10,0,22,1,1,0,2,1,2,0.108695652,"sa3068400"
"Ismael Mejia","ARI","DSL",16,9,19,23,4,3,1,0,0,4,3,4,0,6,0,0,0,2,0,0,0.210526315,"sa3068401"
"Gustavo Antunez","BOS","DSL",17,12,33,40,8,7,1,0,0,6,5,5,0,9,1,1,0,5,3,1,0.242424242,"sa3068402"
"Wanderly De La Cruz","CIN","DSL",17,15,46,59,13,9,2,2,0,16,5,11,0,10,2,0,0,2,6,1,0.282608695,"sa3068403"
"Esteban Castro","HOU","DSL",17,12,28,37,3,3,0,0,0,2,1,5,0,10,4,0,0,1,0,0,0.107142857,"sa3068404"
"Julio Acosta","CHC","DSL",17,19,60,73,12,7,4,0,1,7,8,13,0,24,0,0,0,1,2,2,0.2,"sa3068405"
"Ivan Torres","TBR","DSL",17,19,56,73,20,16,4,0,0,11,5,9,0,10,8,0,0,1,2,0,0.357142857,"sa3068406"
"Luis Cuevas","OAK","DSL",17,9,10,13,1,1,0,0,0,3,1,3,0,3,0,0,0,1,1,0,0.1,"sa3068407"
"Ricardo Chirinos","BAL","DSL",17,18,47,56,11,6,4,0,1,9,6,5,0,8,3,1,0,2,0,0,0.234042553,"sa3068408"
"Frandy Guillen","BAL","DSL",17,17,47,50,7,6,1,0,0,2,3,2,0,8,0,1,0,2,0,0,0.14893617,"sa3068409"
"Moises Rangel","LAD","DSL",17,11,32,37,7,6,0,0,1,3,3,5,0,8,0,0,0,2,0,0,0.21875,"sa3068410"
"Jose Montilla","KCR","DSL",17,14,42,50,12,5,6,0,1,12,7,3,0,14,2,2,0,1,0,1,0.285714285,"sa3068411"
"Ezequiel Aparicio","LAD","DSL",17,11,22,33,7,5,1,0,1,7,3,7,0,8,4,0,0,0,1,1,0.318181818,"sa3068412"
"Georwill Rodriguez","NYM","DSL",17,14,31,40,7,7,0,0,0,6,4,8,0,5,0,1,0,1,7,2,0.225806451,"sa3068413"
"Angel Suarez","ARI","DSL",16,20,32,47,9,6,2,1,0,13,5,15,0,7,0,0,0,1,8,2,0.28125,"sa3068414"
"Abraham Elvira","COL","DSL",17,9,33,37,9,8,1,0,0,5,5,3,0,11,0,1,0,1,0,1,0.272727272,"sa3068415"
"Jostin Ogando","BOS","DSL",17,20,52,62,11,10,1,0,0,3,11,6,0,11,3,1,0,1,0,0,0.211538461,"sa3068416"
"Angelmis De La Cruz","KCR","DSL",19,10,23,33,2,2,0,0,0,5,0,9,0,11,1,0,0,0,2,1,0.086956521,"sa3068417"
"Juan Garcia","KCR","DSL",17,15,37,43,10,10,0,0,0,6,6,5,0,8,1,0,0,1,1,0,0.27027027,"sa3068418"
"Eliomar Garces","TBR","DSL",17,18,58,75,12,10,1,1,0,5,9,12,0,8,0,3,2,1,6,2,0.206896551,"sa3068523"
"Alfred Ciriaco","NYY","DSL",18,16,50,59,15,14,1,0,0,5,7,4,1,6,5,0,0,0,10,3,0.3,"sa3068524"
"Albert Medina","ARI","DSL",17,9,11,16,4,3,1,0,0,7,5,4,0,1,1,0,0,1,0,0,0.363636363,"sa3068525"
"Moises Morales","MIA","DSL",17,15,48,64,10,8,1,1,0,12,7,12,0,12,1,3,0,1,1,1,0.208333333,"sa3068526"
"Jose Padilla","NYM","DSL",17,15,41,49,7,3,3,1,0,7,5,6,0,14,1,1,0,0,1,0,0.170731707,"sa3068527"
"Yorvit Diaz","OAK","DSL",17,14,36,41,9,7,1,1,0,4,5,4,0,3,1,0,0,1,3,1,0.25,"sa3068528"
"Yeison Oviedo","SFG","DSL",17,6,17,22,5,3,2,0,0,5,3,4,0,4,1,0,0,1,0,0,0.294117647,"sa3068529"
"Ruben Tiamo","TEX","DSL",17,12,24,30,3,2,1,0,0,7,4,5,0,11,1,0,0,1,0,0,0.125,"sa3068530"
"Andry Araujo","WSN","DSL",17,9,15,19,3,3,0,0,0,4,1,3,0,3,1,0,0,0,1,1,0.2,"sa3068531"
"Frederick Saguita","SDP","DSL",17,10,21,24,3,2,1,0,0,0,3,2,0,12,0,0,1,0,0,0,0.142857142,"sa3068532"
"Angel Mejia","SDP","DSL",16,10,16,20,3,3,0,0,0,3,2,4,0,2,0,0,0,0,0,1,0.1875,"sa3068533"
"Angel Barboza","CIN","DSL",18,6,14,21,5,5,0,0,0,5,0,6,0,0,1,0,0,0,2,0,0.357142857,"sa3068534"
"Ronny Gonell","DET","DSL",18,7,4,7,0,0,0,0,0,1,0,3,0,3,0,0,0,0,0,0,0,"sa3068644"
"Jose Peralta","NYY","DSL",17,1,3,3,0,0,0,0,0,0,0,0,0,1,0,0,0,2,0,0,0,"sa3068649"
"Leonardo Carpio","PHI","DSL",17,15,50,59,4,3,1,0,0,4,1,5,0,27,3,1,0,0,0,0,0.08,"sa3068658"
"Gabriel Davalillo","LAA","DSL",17,22,73,86,22,16,3,0,3,15,15,8,0,7,3,2,0,2,2,0,0.301369863,"sa3068659"
"Jose Sequera","PIT","DSL",18,3,6,6,0,0,0,0,0,0,0,0,0,3,0,0,0,0,0,0,0,"sa3068660"
"Gerlyn Payano","MIL","DSL",17,5,13,16,3,3,0,0,0,6,1,2,0,3,1,0,0,0,2,0,0.23076923,"sa3068661"
"Luis Luna","LAD","DSL",17,14,47,57,10,9,1,0,0,11,4,7,0,9,3,0,0,1,5,2,0.212765957,"sa3068662"
"Jose Lavagnino","NYY","DSL",18,9,24,28,6,5,1,0,0,3,6,3,0,5,0,1,0,0,0,0,0.25,"sa3068663"
"Dylan Leach","TOR","CPX",22,12,35,41,5,3,2,0,0,4,1,5,0,11,0,1,0,1,0,0,0.142857142,"sa3068669"
"Josue Demey","LAA","DSL",18,11,21,31,7,5,2,0,0,6,2,9,0,0,0,1,0,1,1,1,0.333333333,"sa3068670"
"Roniel Paulino","MIL","DSL",17,9,16,21,3,2,1,0,0,6,2,5,0,2,0,0,0,0,1,1,0.1875,"sa3068671"
"Dayne Leonard","CIN","CPX",25,7,18,22,6,6,0,0,0,5,2,3,0,5,1,0,0,0,0,0,0.333333333,"sa3068676"
"Mayki De La Rosa","ARI","DSL",17,9,22,27,4,3,1,0,0,1,5,4,0,6,0,1,0,0,1,1,0.181818181,"sa3068689"
"Aiberson Blanco","NYM","DSL",17,11,25,33,5,3,2,0,0,5,1,7,0,11,1,0,0,0,2,1,0.2,"sa3068690"
"Eliander Primera","SDP","DSL",17,5,5,7,0,0,0,0,0,2,0,2,0,1,0,0,0,0,1,0,0,"sa3068691"
"Erasmi Rodriguez","CHW","DSL",21,13,36,41,11,7,3,0,1,5,7,3,0,9,2,0,0,2,0,0,0.305555555,"sa3068692"
"Renyel Campos",,"DSL",18,12,24,33,5,3,1,0,1,5,6,5,0,7,2,1,1,0,0,1,0.208333333,"sa3068709"
"Hector Barroso","COL","DSL",17,15,42,55,8,7,1,0,0,5,4,11,0,9,1,1,0,0,1,1,0.19047619,"sa3068710"
"Jefrank Silva","CHW","DSL",17,14,41,49,14,11,2,0,1,7,7,7,0,5,1,0,0,1,2,1,0.341463414,"sa3068733"
"Edwilmin Matos","HOU","DSL",17,12,39,50,10,8,2,0,0,6,5,7,0,8,2,2,0,1,0,0,0.256410256,"sa3068746"
"Erickson Ayena","ARI","DSL",19,7,11,18,3,2,1,0,0,6,0,6,0,6,1,0,0,0,3,2,0.272727272,"sa3068747"
"Rey Reyes","CIN","DSL",17,7,15,23,2,2,0,0,0,3,4,7,0,8,1,0,0,0,3,1,0.133333333,"sa3068756"
"Jesus Bello","COL","DSL",17,6,17,22,5,4,1,0,0,3,3,2,0,3,2,1,0,0,1,0,0.294117647,"sa3068757"
"Hector Cabrera","STL","DSL",17,6,20,23,1,0,1,0,0,3,4,1,0,11,1,1,0,0,0,0,0.05,"sa3068758"
"Diego Alambarrio","SFG","DSL",17,5,9,13,2,1,1,0,0,4,2,3,0,2,1,0,0,0,0,0,0.222222222,"sa3068761"
"Antonio Alcala","SDP","DSL",19,1,0,1,0,0,0,0,0,0,0,1,0,0,0,0,0,0,0,0,0,"sa3068762"
"Jesus Villaflor","LAD","DSL",17,8,28,34,9,8,1,0,0,3,3,5,1,9,1,0,0,0,1,0,0.321428571,"sa3068780"
"Omar Munoz","COL","DSL",17,5,20,22,5,3,2,0,0,3,3,2,0,6,0,0,0,0,2,0,0.25,"sa3068781"
"Sammy Sass","CHC","A",24,2,4,4,0,0,0,0,0,0,0,0,0,1,0,0,0,0,0,0,0,"sa3068791"
"Kevin Morillo","BOS","DSL",18,3,7,9,4,3,1,0,0,1,2,2,0,0,0,0,0,0,0,0,0.571428571,"sa3068792"
"Maikol Tovar","BOS","DSL",17,10,30,37,10,7,3,0,0,10,9,7,0,6,0,0,0,1,4,0,0.333333333,"sa3068793"
"Nicolas Vergara",,"DSL",17,5,9,14,1,1,0,0,0,1,0,4,0,6,1,0,0,0,1,1,0.111111111,"sa3068805"
"Alessandro Rodriguez","NYY","DSL",16,2,2,2,0,0,0,0,0,0,0,0,0,2,0,0,0,0,0,0,0,"sa3068806"
"Joshua Fermin","KCR","DSL",16,9,30,34,6,4,1,1,0,7,1,2,0,12,2,0,0,0,1,0,0.2,"sa3068807"
"John Taylor","TEX","A+",24,9,28,29,10,8,2,0,0,5,4,1,0,8,0,0,0,0,2,1,0.357142857,"sa3068818"
"Alexander Frias","MIL","DSL",17,3,11,12,3,3,0,0,0,1,1,1,0,2,0,0,0,0,3,0,0.272727272,"sa3068835"
"Hector Paulino","CHW","DSL",17,4,9,12,1,1,0,0,0,0,0,2,0,1,1,0,0,0,0,0,0.111111111,"sa3068836"
"Elisandro Ramirez","ATL","DSL",17,5,17,21,6,6,0,0,0,1,0,4,0,2,0,0,0,0,1,2,0.352941176,"sa3068858"
"Wanderlin Padilla","MIA","DSL",17,4,9,13,1,1,0,0,0,3,2,4,0,0,0,0,0,0,1,0,0.111111111,"sa3068859"
"Alexander Eneas","NYM","DSL",17,1,3,4,1,1,0,0,0,1,1,1,0,1,0,0,0,0,0,1,0.333333333,"sa3068869"
"Samuel Pardo","TBR","DSL",17,2,6,9,1,1,0,0,0,0,0,2,0,0,1,0,0,0,0,0,0.166666666,"sa3068880"
"Sharlisson De La Rosa","MIL","DSL",17,2,7,7,0,0,0,0,0,0,1,0,0,3,0,0,0,2,0,0,0,"sa3068888"
"Louis Andujar","BOS","DSL",17,2,5,6,1,1,0,0,0,0,1,1,0,1,0,0,0,1,0,1,0.2,"sa3068889"
"Luis Castro","HOU","AA,AAA",29,74,279,320,78,48,17,1,12,50,50,32,1,82,8,1,0,6,4,3,0.279569892,"sa736954"
"Riley Unroe","DET","AAA",29,49,132,167,33,23,7,1,2,18,22,30,0,34,2,3,0,3,8,1,0.25,"sa737614"
"Edwin Diaz","HOU","AA,AAA",29,35,125,145,34,21,6,0,7,22,20,16,0,34,3,1,0,2,2,1,0.272,"sa738152"
"A.J. Puckett","CHC","AA",30,26,0,0,0,0,0,0,0,0,0,0,0,0,0,0,0,0,0,0,0,"sa738686"
"Jake Gatewood","NYY","AA,AAA",29,42,131,152,27,12,12,1,2,17,17,16,0,49,4,0,1,4,3,3,0.20610687,"sa828685"
"Rudy Martin","KCR","AA",29,37,138,158,46,36,8,0,2,27,19,18,0,29,1,1,0,2,26,3,0.333333333,"sa829374"
"Bryson Brigman","CIN","AAA",30,42,132,145,32,27,4,0,1,20,9,12,0,26,1,0,0,1,5,1,0.242424242,"sa829857"
"Gavin Collins","STL","AAA",29,42,143,166,30,22,6,0,2,20,20,17,1,15,3,2,1,4,1,0,0.209790209,"sa857219"
"Moises Gomez","SDP","AA",26,68,235,274,56,35,15,1,5,27,31,29,1,76,5,5,0,6,6,1,0.238297872,"sa875163"
"Tristin English","ARI","AAA,CPX",28,61,247,272,83,49,23,0,11,41,59,19,0,39,3,2,1,8,0,0,0.336032388,"sa876328"
"Rodolfo Duran","SDP","AAA",27,46,157,181,37,25,7,1,4,26,27,17,0,37,1,2,4,4,3,0,0.235668789,"sa877500"
"Ronaldo Hernandez","NYY","AAA",27,25,77,88,17,11,4,0,2,7,13,8,0,19,0,2,0,0,1,0,0.22077922,"sa881850"
"Bryan Torres","STL","AAA",27,66,205,258,65,50,9,1,5,38,19,49,0,35,0,1,3,2,16,3,0.31707317,"sa885119"
"Nick Dunn","PHI","AA,AAA",28,41,139,153,30,23,4,1,2,19,14,12,0,18,0,1,1,5,1,0,0.215827338,"sa915613"
"Ricardo Genoves","TBR","AA,CPX",26,27,85,93,17,14,1,0,2,10,7,6,0,30,1,1,0,2,0,0,0.2,"sa916844"
"Jesus Bastidas","HOU","AAA",26,76,284,331,69,34,22,2,11,48,53,29,0,81,14,3,1,5,7,1,0.242957746,"sa916969"
"Ismael Munguia","NYY","AAA",26,67,229,259,53,41,8,1,3,33,25,18,0,20,7,3,2,7,20,5,0.231441048,"sa917132"
"Yonathan Perlaza","SDP","AAA",26,80,311,355,90,51,29,2,8,56,57,39,1,86,3,2,0,9,11,3,0.289389067,"sa917302"
"Julio E. Rodriguez","SEA","AA",28,14,48,53,11,8,1,0,2,4,8,5,0,8,0,0,0,1,1,0,0.229166666,"sa917669"
"Andy Yerzy","CIN","AA,AAA",26,26,92,103,18,13,2,0,3,9,10,10,0,35,1,0,0,0,1,0,0.195652173,"sa917939"
"Lyle Lin","OAK","AA",28,27,80,95,14,12,2,0,0,6,6,9,0,13,2,1,0,3,0,1,0.175,"sa918343"
"Ramon Rodriguez","MIL","AA",26,21,64,81,23,19,2,0,2,8,19,9,0,4,5,3,0,0,0,0,0.359375,"sa918698"
"Eli Wilson","PIT","AAA",26,11,34,35,10,7,2,0,1,3,7,1,0,10,0,0,0,1,0,0,0.294117647,"sa918961"
"Matt Fraizer","PIT","AAA",27,37,109,124,30,19,9,0,2,15,10,13,0,26,0,2,0,0,8,1,0.275229357,"sa918983"
"Kevin Maitan","MIN","A,A+",25,26,87,98,19,12,6,1,0,10,8,8,0,33,2,1,0,6,0,0,0.218390804,"sa969045"